-- phpMyAdmin SQL Dump
-- version 4.2.7.1
-- http://www.phpmyadmin.net
--
-- Host: 127.0.0.1
-- Generation Time: Sep 06, 2016 at 08:37 AM
-- Server version: 5.6.20
-- PHP Version: 5.5.15

SET SQL_MODE = "NO_AUTO_VALUE_ON_ZERO";
SET time_zone = "+00:00";


/*!40101 SET @OLD_CHARACTER_SET_CLIENT=@@CHARACTER_SET_CLIENT */;
/*!40101 SET @OLD_CHARACTER_SET_RESULTS=@@CHARACTER_SET_RESULTS */;
/*!40101 SET @OLD_COLLATION_CONNECTION=@@COLLATION_CONNECTION */;
/*!40101 SET NAMES utf8 */;

--
-- Database: `musico`
--

-- --------------------------------------------------------

--
-- Table structure for table `access_control_list`
--

CREATE TABLE IF NOT EXISTS `access_control_list` (
`ID` int(11) NOT NULL,
  `module_ID` int(11) NOT NULL,
  `account_ID` int(11) NOT NULL
) ENGINE=InnoDB DEFAULT CHARSET=latin1 AUTO_INCREMENT=1 ;

-- --------------------------------------------------------

--
-- Table structure for table `account`
--

CREATE TABLE IF NOT EXISTS `account` (
`ID` int(10) NOT NULL,
  `username` varchar(45) NOT NULL,
  `password` varchar(70) DEFAULT NULL,
  `account_type_ID` int(10) NOT NULL,
  `status` int(11) NOT NULL COMMENT '1 - active, 2 - draft, 3 - deactivated, 4 -delete'
) ENGINE=InnoDB  DEFAULT CHARSET=utf8 AUTO_INCREMENT=5 ;

--
-- Dumping data for table `account`
--

INSERT INTO `account` (`ID`, `username`, `password`, `account_type_ID`, `status`) VALUES
(1, 'JuanCruz', '1234567', 4, 1),
(2, 'test', '4d7e29ff138cdd283381a662b5b58751723e6b74', 2, 1),
(3, 'testa', '4d7e29ff138cdd283381a662b5b58751723e6b74', 2, 1),
(4, 'johnple', '7c4a8d09ca3762af61e59520943dc26494f8941b', 3, 2);

-- --------------------------------------------------------

--
-- Table structure for table `account_biography`
--

CREATE TABLE IF NOT EXISTS `account_biography` (
`ID` int(11) NOT NULL,
  `account_ID` int(11) NOT NULL,
  `detail` text NOT NULL
) ENGINE=InnoDB  DEFAULT CHARSET=latin1 AUTO_INCREMENT=20 ;

--
-- Dumping data for table `account_biography`
--

INSERT INTO `account_biography` (`ID`, `account_ID`, `detail`) VALUES
(1, 1, 'asdsda asd'),
(2, 1, 'asdsda'),
(3, 1, 'asdsda'),
(4, 1, 'asdsda'),
(5, 1, 'asdsda'),
(6, 1, 'asdsda'),
(7, 1, 'asdsda'),
(8, 1, 'asdsdaaa'),
(9, 1, 'asdsda'),
(10, 1, 'asdsda'),
(11, 1, 'asdsda1'),
(12, 1, 'asdsda1'),
(13, 1, 'asdsda1 asd'),
(14, 1, 'asdsda1 asd\nasdasd'),
(15, 1, 'asdsda asdasd'),
(16, 1, 'asdsda'),
(17, 1, 'asdsdaasd sad '),
(18, 1, 'asdsdaasdasd asdasd'),
(19, 4, 'Ola me a');

-- --------------------------------------------------------

--
-- Table structure for table `account_information`
--

CREATE TABLE IF NOT EXISTS `account_information` (
`ID` int(11) NOT NULL,
  `account_ID` int(11) NOT NULL,
  `first_name` varchar(45) NOT NULL,
  `middle_name` varchar(45) DEFAULT NULL,
  `last_name` varchar(45) DEFAULT NULL,
  `email_address` varchar(45) DEFAULT NULL,
  `country` varchar(45) DEFAULT NULL
) ENGINE=InnoDB  DEFAULT CHARSET=latin1 AUTO_INCREMENT=5 ;

--
-- Dumping data for table `account_information`
--

INSERT INTO `account_information` (`ID`, `account_ID`, `first_name`, `middle_name`, `last_name`, `email_address`, `country`) VALUES
(1, 1, 'Juanaaa', 'Delaaaa', 'Cruzaaa', 'plenosjohn@yahoo.com', 'Philippinesaa'),
(2, 2, 'a', 'a', 'a', 'a@y.c', 'a'),
(3, 3, 'a', 'a', 'a', 'a@y.c', 'a'),
(4, 4, 'john', 'retu', 'ple', 'plenosjan@yahoo.com', 'Philippines');

-- --------------------------------------------------------

--
-- Table structure for table `account_photo`
--

CREATE TABLE IF NOT EXISTS `account_photo` (
`ID` int(11) NOT NULL,
  `account_ID` int(11) NOT NULL,
  `file_uploaded_ID` int(11) DEFAULT NULL,
  `type` int(11) NOT NULL COMMENT '1 - profile, 2 - cover',
  `status` int(11) NOT NULL COMMENT '1 - active, 2 - not active'
) ENGINE=InnoDB  DEFAULT CHARSET=latin1 AUTO_INCREMENT=95 ;

--
-- Dumping data for table `account_photo`
--

INSERT INTO `account_photo` (`ID`, `account_ID`, `file_uploaded_ID`, `type`, `status`) VALUES
(81, 1, 107, 2, 1),
(85, 1, 111, 1, 1),
(93, 4, 119, 1, 1),
(94, 4, 120, 2, 1);

-- --------------------------------------------------------

--
-- Table structure for table `account_type`
--

CREATE TABLE IF NOT EXISTS `account_type` (
`ID` int(10) NOT NULL,
  `description` varchar(45) DEFAULT NULL
) ENGINE=InnoDB  DEFAULT CHARSET=utf8 AUTO_INCREMENT=5 ;

--
-- Dumping data for table `account_type`
--

INSERT INTO `account_type` (`ID`, `description`) VALUES
(1, 'developer'),
(2, 'visitor'),
(3, 'user'),
(4, 'administrator');

-- --------------------------------------------------------

--
-- Table structure for table `action_log`
--

CREATE TABLE IF NOT EXISTS `action_log` (
`ID` int(11) NOT NULL,
  `account_ID` int(11) NOT NULL,
  `api_controller_ID` int(11) NOT NULL,
  `access_number_ID` int(11) NOT NULL,
  `detail` text NOT NULL,
  `datetime` double NOT NULL
) ENGINE=InnoDB  DEFAULT CHARSET=latin1 AUTO_INCREMENT=1840 ;

--
-- Dumping data for table `action_log`
--

INSERT INTO `action_log` (`ID`, `account_ID`, `api_controller_ID`, `access_number_ID`, `detail`, `datetime`) VALUES
(4, 0, 9, 1, '8', 1467255511),
(5, 0, 9, 1, '10', 1467256541),
(6, 0, 9, 1, '11', 1467256546),
(7, 0, 9, 1, '12', 1467256547),
(8, 0, 9, 1, '13', 1467256548),
(9, 0, 9, 1, '1', 1467257580),
(10, 0, 9, 2, '[]', 1467258527),
(11, 0, 9, 2, '{"condition":{"first_name":"john"}}', 1467259650),
(12, 0, 9, 2, '{"condition":{"first_name":"john"}}', 1467259681),
(13, 0, 9, 2, '{"condition":{"first_name":"john"}}', 1467259719),
(14, 0, 9, 2, '{"condition":{"first_name":"john"}}', 1467259748),
(15, 0, 9, 2, '{"condition":{"first_name":"john"}}', 1467259887),
(16, 0, 9, 2, '{"condition":{"first_name":"john"}}', 1467259899),
(17, 0, 9, 2, '{"condition":{"first_name":"john"}}', 1467259910),
(18, 0, 9, 2, '{"condition":{"first_name":"john"}}', 1467259927),
(19, 0, 9, 2, '{"condition":{"first_name":"john"}}', 1467259935),
(20, 0, 9, 2, '{"condition":{"first_name":"john"}}', 1467259942),
(21, 0, 9, 2, '{"condition":{"first_name":"john"}}', 1467259950),
(22, 0, 9, 2, '{"condition":{"first_name":"john"}}', 1467259962),
(23, 0, 9, 2, '{"condition":{"first_name":"john"}}', 1467260030),
(24, 0, 9, 2, '{"condition":{"account_information__first_name":"juan"}}', 1467260106),
(25, 0, 9, 2, '{"condition":{"like__account_information__first_name":"jua"}}', 1467260117),
(26, 0, 1, 1, '5', 1467472180),
(27, 0, 1, 2, '{"account_ID":"1","type":"1"}', 1467473118),
(28, 0, 1, 1, '17', 1467791783),
(29, 0, 1, 1, '18', 1467792662),
(30, 0, 1, 1, '19', 1467792673),
(31, 0, 1, 1, '20', 1467792679),
(32, 0, 1, 1, '22', 1467792758),
(33, 0, 1, 1, '22', 1467792758),
(34, 0, 1, 1, '23', 1467792774),
(35, 0, 1, 1, '23', 1467792774),
(36, 0, 1, 1, '24', 1467792916),
(37, 0, 1, 1, '24', 1467792916),
(38, 0, 1, 1, '25', 1467792923),
(39, 0, 1, 1, '26', 1467792940),
(40, 0, 1, 1, '26', 1467792940),
(41, 0, 1, 1, '27', 1467792951),
(42, 0, 1, 1, '27', 1467792951),
(43, 0, 1, 2, '[]', 1468849125),
(44, 0, 1, 2, '[]', 1468849163),
(45, 0, 1, 2, '[]', 1468849187),
(46, 0, 1, 2, '[]', 1468849193),
(47, 0, 1, 2, '[]', 1468849222),
(48, 0, 1, 2, '[]', 1468849242),
(49, 0, 1, 2, '[]', 1468849253),
(50, 0, 1, 2, '[]', 1468849275),
(51, 0, 1, 2, '[]', 1468849281),
(52, 0, 1, 2, '[]', 1468849325),
(53, 0, 1, 2, '[]', 1468851306),
(54, 0, 1, 2, '[]', 1468851352),
(55, 0, 1, 2, '[]', 1468851377),
(56, 0, 1, 2, '[]', 1468851430),
(57, 0, 1, 2, '[]', 1468851489),
(58, 0, 1, 2, '[]', 1468851683),
(59, 0, 1, 2, '[]', 1468851699),
(60, 0, 1, 2, '[]', 1468851717),
(61, 0, 1, 2, '[]', 1468851767),
(62, 0, 1, 2, '[]', 1468852879),
(63, 0, 1, 2, '[]', 1468853142),
(64, 0, 1, 2, '[]', 1468853226),
(65, 0, 1, 2, '[]', 1468853228),
(66, 0, 1, 2, '[]', 1468853240),
(67, 0, 1, 2, '[]', 1468854211),
(68, 0, 1, 2, '[]', 1468854222),
(69, 0, 1, 2, '[]', 1468861490),
(70, 0, 1, 2, '[]', 1468861875),
(71, 0, 1, 2, '[]', 1468861960),
(72, 0, 1, 2, '[]', 1468861984),
(73, 0, 1, 2, '[]', 1468862267),
(74, 0, 1, 2, '[]', 1468862290),
(75, 0, 1, 2, '[]', 1468862372),
(76, 0, 1, 2, '[]', 1468862662),
(77, 0, 1, 2, '[]', 1468862676),
(78, 0, 1, 2, '[]', 1468862715),
(79, 0, 1, 2, '[]', 1468862729),
(80, 0, 1, 2, '[]', 1468862862),
(81, 0, 1, 2, '[]', 1468862877),
(82, 0, 1, 2, '[]', 1468862896),
(83, 0, 1, 2, '[]', 1468862907),
(84, 0, 1, 2, '[]', 1468862940),
(85, 0, 1, 2, '[]', 1468863456),
(86, 0, 1, 2, '[]', 1468863489),
(87, 0, 1, 2, '[]', 1468863510),
(88, 0, 1, 2, '[]', 1468863551),
(89, 0, 1, 2, '[]', 1468863649),
(90, 0, 1, 2, '[]', 1468863657),
(91, 0, 1, 2, '[]', 1468863663),
(92, 0, 1, 2, '[]', 1468863671),
(93, 0, 1, 2, '[]', 1468864152),
(94, 0, 1, 2, '[]', 1468864173),
(95, 0, 1, 2, '[]', 1468928630),
(96, 0, 1, 2, '[]', 1468930182),
(97, 0, 1, 2, '[]', 1468930870),
(98, 0, 1, 2, '[]', 1468931237),
(99, 0, 1, 2, '[]', 1468931275),
(100, 0, 1, 2, '[]', 1468931846),
(101, 0, 1, 2, '[]', 1468931966),
(102, 0, 1, 2, '[]', 1468931975),
(103, 0, 1, 2, '[]', 1468931993),
(104, 0, 1, 2, '[]', 1468932230),
(105, 0, 1, 2, '[]', 1468932250),
(106, 0, 1, 2, '[]', 1468932279),
(107, 0, 1, 2, '[]', 1468932336),
(108, 0, 1, 2, '{"password":""}', 1468932445),
(109, 0, 1, 2, '{"password":""}', 1468932810),
(110, 0, 1, 2, '{"password":""}', 1468932829),
(111, 0, 1, 2, '{"password":"","category__description":"[object Object]"}', 1468932830),
(112, 0, 1, 2, '{"password":"","category__description":"[object Object]"}', 1468932832),
(113, 0, 1, 2, '{"password":""}', 1468932833),
(114, 0, 1, 2, '{"password":"","category__description":"[object Object]"}', 1468932834),
(115, 0, 1, 2, '{"password":"","category__description":"[object Object]"}', 1468932834),
(116, 0, 1, 2, '{"password":""}', 1468932834),
(117, 0, 1, 2, '{"password":"","category__description":"[object Object]"}', 1468932834),
(118, 0, 1, 2, '{"password":"","category__description":"[object Object]"}', 1468932835),
(119, 0, 1, 2, '{"password":""}', 1468932835),
(120, 0, 1, 2, '{"password":"","category__description":"[object Object]"}', 1468932835),
(121, 0, 1, 2, '{"password":"","category__description":"[object Object]"}', 1468932835),
(122, 0, 1, 2, '{"password":"","category__description":"[object Object]","category__parent_ID":"[object Object]"}', 1468932836),
(123, 0, 1, 2, '{"password":"","category__description":"[object Object]","category__parent_ID":"[object Object]"}', 1468932837),
(124, 0, 1, 2, '{"password":"","category__description":"[object Object]"}', 1468932837),
(125, 0, 1, 2, '{"password":"","category__description":"[object Object]","category__parent_ID":"[object Object]"}', 1468932837),
(126, 0, 1, 2, '{"password":"","category__parent_ID":"[object Object]"}', 1468932838),
(127, 0, 1, 2, '{"password":"","category__parent_ID":"[object Object]","category__description":"[object Object]"}', 1468932839),
(128, 0, 1, 2, '{"password":""}', 1468932850),
(129, 0, 1, 2, '{"password":"","category__description":"[object Object]"}', 1468932851),
(130, 0, 1, 2, '{"password":"","category__description":"[object Object]"}', 1468932852),
(131, 0, 1, 2, '{"password":""}', 1468932919),
(132, 0, 1, 2, '{"password":""}', 1468932963),
(133, 0, 1, 2, '{"password":""}', 1468936102),
(134, 0, 1, 2, '{"password":""}', 1468936108),
(135, 0, 1, 2, '{"password":""}', 1468936166),
(136, 0, 1, 2, '{"password":"","sort":{"video_category__description":"asc"}}', 1468936167),
(137, 0, 1, 2, '{"password":"","sort":{"video_category__description":"desc"}}', 1468936168),
(138, 0, 1, 2, '{"password":""}', 1468936169),
(139, 0, 1, 2, '{"password":"","sort":{"video_category__description":"asc"}}', 1468936170),
(140, 0, 1, 2, '{"password":"","sort":{"video_category__description":"desc"}}', 1468936172),
(141, 0, 1, 2, '{"password":""}', 1468936173),
(142, 0, 1, 2, '{"password":"","sort":{"video_category__description":"asc"}}', 1468936313),
(143, 0, 1, 2, '{"password":"","sort":{"video_category__description":"desc"}}', 1468936313),
(144, 0, 1, 2, '{"password":""}', 1468937105),
(145, 0, 1, 2, '{"password":""}', 1468937141),
(146, 0, 1, 2, '{"password":""}', 1468937152),
(147, 0, 1, 2, '{"password":""}', 1468937180),
(148, 0, 1, 2, '{"password":""}', 1468937199),
(149, 0, 1, 2, '{"password":""}', 1468937207),
(150, 0, 1, 2, '{"password":""}', 1468937215),
(151, 0, 1, 2, '[]', 1468995341),
(152, 0, 1, 2, '[]', 1468995933),
(153, 0, 1, 2, '[]', 1468996052),
(154, 0, 1, 2, '[]', 1468996082),
(155, 0, 1, 2, '[]', 1468996099),
(156, 0, 1, 2, '[]', 1468996150),
(157, 0, 1, 2, '[]', 1468996198),
(158, 0, 1, 2, '[]', 1468996270),
(159, 0, 1, 2, '[]', 1468996271),
(160, 0, 1, 2, '[]', 1468996274),
(161, 0, 1, 2, '[]', 1469000264),
(162, 0, 1, 2, '{"result_limit":""}', 1469003713),
(163, 0, 1, 2, '{"result_limit":""}', 1469004173),
(164, 0, 1, 2, '{"result_limit":"5"}', 1469004209),
(165, 0, 1, 2, '{"result_limit":"5"}', 1469004348),
(166, 0, 1, 2, '{"result_limit":"5"}', 1469004372),
(167, 0, 1, 2, '{"result_limit":"5"}', 1469004395),
(168, 0, 1, 2, '{"result_limit":"5"}', 1469004445),
(169, 0, 1, 2, '{"result_limit":"5"}', 1469004685),
(170, 0, 1, 2, '{"result_limit":"5"}', 1469004688),
(171, 0, 1, 2, '{"result_limit":"5"}', 1469004692),
(172, 0, 1, 2, '{"result_limit":"5"}', 1469004695),
(173, 0, 1, 2, '{"result_limit":"5"}', 1469004901),
(174, 0, 1, 2, '{"result_limit":"5"}', 1469004918),
(175, 0, 1, 2, '{"result_limit":"5"}', 1469004944),
(176, 0, 1, 2, '{"result_limit":"5"}', 1469004956),
(177, 0, 1, 2, '{"result_limit":"5"}', 1469004972),
(178, 0, 1, 2, '{"result_limit":"5"}', 1469005050),
(179, 0, 1, 2, '{"result_limit":"5"}', 1469005068),
(180, 0, 1, 2, '{"result_limit":"5"}', 1469005113),
(181, 0, 1, 2, '{"result_limit":"5"}', 1469005120),
(182, 0, 1, 2, '{"result_limit":"5"}', 1469005130),
(183, 0, 1, 2, '{"result_limit":"5"}', 1469005138),
(184, 0, 1, 2, '{"result_limit":"5"}', 1469005156),
(185, 0, 1, 2, '{"result_limit":"5"}', 1469005159),
(186, 0, 1, 2, '{"result_limit":"5"}', 1469005171),
(187, 0, 1, 2, '{"result_limit":"5"}', 1469005182),
(188, 0, 1, 2, '{"result_limit":"5"}', 1469005197),
(189, 0, 1, 2, '{"result_limit":"5"}', 1469005262),
(190, 0, 1, 2, '{"result_limit":"5"}', 1469005492),
(191, 0, 1, 2, '{"result_limit":"5"}', 1469005553),
(192, 0, 1, 2, '{"result_limit":"5"}', 1469005559),
(193, 0, 1, 2, '{"result_limit":"5"}', 1469005727),
(194, 0, 1, 2, '{"result_limit":"5"}', 1469005735),
(195, 0, 1, 2, '{"result_limit":"5"}', 1469005740),
(196, 0, 1, 2, '{"result_limit":"5"}', 1469005753),
(197, 0, 1, 2, '{"result_limit":"5"}', 1469005766),
(198, 0, 1, 2, '{"result_limit":"5"}', 1469005780),
(199, 0, 1, 2, '{"result_limit":"5"}', 1469005782),
(200, 0, 1, 2, '{"result_limit":"5"}', 1469005891),
(201, 0, 1, 2, '{"result_limit":"5"}', 1469005920),
(202, 0, 1, 2, '{"result_limit":"5"}', 1469005969),
(203, 0, 1, 2, '{"result_limit":"5"}', 1469005976),
(204, 0, 1, 2, '{"result_limit":"5"}', 1469006015),
(205, 0, 1, 2, '{"result_limit":"5"}', 1469006128),
(206, 0, 1, 2, '{"result_limit":"5"}', 1469006159),
(207, 0, 1, 2, '{"result_limit":"5"}', 1469006227),
(208, 0, 1, 2, '{"result_limit":"5"}', 1469006233),
(209, 0, 1, 2, '{"result_limit":"5"}', 1469006238),
(210, 0, 1, 2, '{"result_limit":"5"}', 1469006497),
(211, 0, 1, 2, '{"result_limit":"5"}', 1469006502),
(212, 0, 1, 2, '{"result_limit":"5"}', 1469006515),
(213, 0, 1, 2, '{"result_limit":"5"}', 1469006960),
(214, 0, 1, 2, '{"result_limit":"5"}', 1469006987),
(215, 0, 1, 2, '{"result_limit":"5"}', 1469007010),
(216, 0, 1, 2, '{"result_limit":"5"}', 1469011209),
(217, 0, 1, 2, '{"result_limit":"5"}', 1469011237),
(218, 0, 1, 2, '{"result_limit":"5"}', 1469011245),
(219, 0, 1, 2, '{"result_limit":"5"}', 1469011287),
(220, 0, 1, 2, '{"result_limit":"5"}', 1469011309),
(221, 0, 1, 2, '{"result_limit":"5"}', 1469011368),
(222, 0, 1, 2, '{"result_limit":"5"}', 1469011375),
(223, 0, 1, 2, '{"result_limit":"5"}', 1469011733),
(224, 0, 1, 2, '{"result_limit":"5"}', 1469011765),
(225, 0, 1, 2, '{"result_limit":"5"}', 1469011794),
(226, 0, 1, 2, '{"result_limit":"5"}', 1469011801),
(227, 0, 1, 2, '{"result_limit":"5"}', 1469011804),
(228, 0, 1, 2, '{"result_limit":"5"}', 1469011808),
(229, 0, 1, 2, '{"result_limit":"5"}', 1469011811),
(230, 0, 1, 2, '{"result_limit":"5"}', 1469011819),
(231, 0, 1, 2, '{"result_limit":"5"}', 1469011827),
(232, 0, 1, 2, '{"result_limit":"5"}', 1469011836),
(233, 0, 1, 2, '{"result_limit":"5"}', 1469011840),
(234, 0, 1, 2, '{"result_limit":"5"}', 1469011845),
(235, 0, 1, 2, '{"result_limit":"5"}', 1469011930),
(236, 0, 1, 2, '{"result_limit":"5"}', 1469011942),
(237, 0, 1, 2, '{"result_limit":"5"}', 1469011949),
(238, 0, 1, 2, '{"result_limit":"5"}', 1469011956),
(239, 0, 1, 2, '{"result_limit":"5"}', 1469011964),
(240, 0, 1, 2, '{"result_limit":"5"}', 1469012104),
(241, 0, 1, 2, '{"result_limit":"5"}', 1469012311),
(242, 0, 1, 2, '{"result_limit":"5","video_category__description":"","sort":{"video_category__description":"asc"}}', 1469012364),
(243, 0, 1, 2, '{"result_limit":"5"}', 1469012420),
(244, 0, 1, 2, '{"result_limit":"5"}', 1469012439),
(245, 0, 1, 2, '{"result_limit":"5"}', 1469012453),
(246, 0, 1, 2, '{"result_limit":"5"}', 1469012672),
(247, 0, 1, 2, '{"result_limit":"5"}', 1469012835),
(248, 0, 1, 2, '{"result_limit":"5"}', 1469012863),
(249, 0, 1, 2, '{"result_limit":"5"}', 1469012871),
(250, 0, 1, 2, '{"result_limit":"5"}', 1469012877),
(251, 0, 1, 2, '{"result_limit":"5"}', 1469012943),
(252, 0, 1, 2, '{"result_limit":"5","condition":{"video_category__description":""}}', 1469012945),
(253, 0, 1, 2, '{"result_limit":"5","condition":{"video_category__description":""}}', 1469012946),
(254, 0, 1, 2, '{"result_limit":"5"}', 1469012978),
(255, 0, 1, 2, '{"result_limit":"5","condition":{"like__video_category__description":"r"}}', 1469012980),
(256, 0, 1, 2, '{"result_limit":"5","condition":{"like__video_category__description":"c"}}', 1469012984),
(257, 0, 1, 2, '{"result_limit":"5"}', 1469012987),
(258, 0, 1, 2, '{"result_limit":"5"}', 1469014407),
(259, 0, 1, 2, '{"result_limit":"5"}', 1469014431),
(260, 0, 1, 2, '{"result_limit":"5"}', 1469020415),
(261, 0, 1, 2, '{"result_limit":"5"}', 1469024006),
(262, 0, 1, 2, '{"result_limit":"5"}', 1469024036),
(263, 0, 1, 2, '{"result_limit":"5"}', 1469024042),
(264, 0, 1, 2, '{"result_limit":"5"}', 1469024051),
(265, 0, 1, 2, '{"result_limit":"5"}', 1469024454),
(266, 0, 1, 2, '{"result_limit":"5"}', 1469024541),
(267, 0, 1, 2, '{"result_limit":"5"}', 1469024611),
(268, 0, 1, 2, '{"result_limit":"5"}', 1469024631),
(269, 0, 1, 2, '{"result_limit":"5"}', 1469024651),
(270, 0, 1, 2, '{"result_limit":"5"}', 1469024657),
(271, 0, 1, 2, '{"result_limit":"5"}', 1469024686),
(272, 0, 1, 2, '{"result_limit":"5","condition":{"like__video_category__description":""}}', 1469024687),
(273, 0, 1, 2, '[]', 1469024697),
(274, 0, 1, 2, '[]', 1469024725),
(275, 0, 1, 2, '{"result_limit":"5"}', 1469024726),
(276, 0, 1, 2, '{"result_limit":"5","condition":{"like__video_category__description":""},"sort":{"video_category__description":"asc"}}', 1469024727),
(277, 0, 1, 2, '{"result_limit":"5","condition":{"like__video_category__description":""},"sort":{"video_category__description":"desc"}}', 1469024728),
(278, 0, 1, 2, '{"result_limit":"5"}', 1469024752),
(279, 0, 1, 2, '{"result_limit":"5","condition":{"like__video_category__description":""},"sort":{"parent_video_category__description":"asc"}}', 1469024754),
(280, 0, 1, 2, '{"result_limit":"5","condition":{"like__video_category__description":""},"sort":{"parent_video_category__description":"desc"}}', 1469024755),
(281, 0, 1, 2, '{"result_limit":"5","condition":{"like__video_category__description":""}}', 1469024757),
(282, 0, 1, 2, '{"result_limit":"5","condition":{"like__video_category__description":""},"sort":{"parent_video_category__description":"asc"}}', 1469024758),
(283, 0, 1, 2, '{"result_limit":"5","condition":{"like__video_category__description":""},"sort":{"parent_video_category__description":"asc","video_category__description":"asc"}}', 1469024759),
(284, 0, 1, 2, '{"result_limit":"5","condition":{"like__video_category__description":""},"sort":{"parent_video_category__description":"asc","video_category__description":"desc"}}', 1469024759),
(285, 0, 1, 2, '{"result_limit":"5"}', 1469024769),
(286, 0, 1, 2, '{"result_limit":"5","condition":{"like__video_category__description":""},"sort":{"parent_video_category__description":"asc"}}', 1469024770),
(287, 0, 1, 2, '{"result_limit":"5","condition":{"like__video_category__description":""},"sort":{"parent_video_category__description":"desc"}}', 1469024771),
(288, 0, 1, 2, '{"result_limit":"5","condition":{"like__video_category__description":""},"sort":{"parent_video_category__description":"desc","video_category__description":"asc"}}', 1469024772),
(289, 0, 1, 2, '{"result_limit":"5","condition":{"like__video_category__description":""},"sort":{"parent_video_category__description":"desc","video_category__description":"desc"}}', 1469024772),
(290, 0, 1, 2, '{"result_limit":"5"}', 1469024818),
(291, 0, 1, 2, '{"result_limit":"5"}', 1469024851),
(292, 0, 1, 2, '{"result_limit":"5","condition":{"like__video_category__description":""},"sort":{"parent_video_category__description":"asc"}}', 1469024895),
(293, 0, 1, 2, '{"result_limit":"5","condition":{"like__video_category__description":""},"sort":{"parent_video_category__description":"desc"}}', 1469024895),
(294, 0, 1, 2, '{"result_limit":"5"}', 1469024954),
(295, 0, 1, 2, '{"result_limit":"5"}', 1469025229),
(296, 0, 1, 2, '{"result_limit":"5"}', 1469025236),
(297, 0, 1, 2, '{"result_limit":"5"}', 1469068003),
(298, 0, 1, 2, '{"result_limit":"5"}', 1469068064),
(299, 0, 1, 2, '{"result_limit":"5"}', 1469070176),
(300, 0, 1, 2, '{"result_limit":"5"}', 1469082668),
(301, 0, 1, 2, '{"result_limit":"5"}', 1469082680),
(302, 0, 1, 2, '{"result_limit":"5"}', 1469082709),
(303, 0, 1, 2, '{"result_limit":"5","condition":{"like__video_category__description":"a"}}', 1469082768),
(304, 0, 1, 2, '{"result_limit":"5"}', 1469082902),
(305, 0, 1, 2, '{"result_limit":"5"}', 1469082950),
(306, 0, 1, 2, '{"result_limit":"5"}', 1469082970),
(307, 0, 1, 2, '{"result_limit":"5"}', 1469082987),
(308, 0, 1, 2, '{"result_limit":"5"}', 1469083037),
(309, 0, 1, 2, '{"result_limit":"5"}', 1469083051),
(310, 0, 1, 2, '{"result_limit":"5"}', 1469083064),
(311, 0, 1, 2, '{"result_limit":"5"}', 1469083072),
(312, 0, 1, 2, '{"result_limit":"5"}', 1469083082),
(313, 0, 1, 2, '{"result_limit":"5"}', 1469083135),
(314, 0, 1, 2, '{"result_limit":"5"}', 1469083141),
(315, 0, 1, 2, '{"result_limit":"5"}', 1469083155),
(316, 0, 1, 2, '{"result_limit":"5","condition":{"like__video_category__description":""},"sort":{"video_category__description":"asc"}}', 1469083161),
(317, 0, 1, 2, '{"result_limit":"5","condition":{"like__video_category__description":""},"sort":{"video_category__description":"desc"}}', 1469083162),
(318, 0, 1, 2, '{"result_limit":"5","condition":{"like__video_category__description":""}}', 1469083162),
(319, 0, 1, 2, '{"result_limit":"5"}', 1469083164),
(320, 0, 1, 2, '{"result_limit":"5"}', 1469083188),
(321, 0, 1, 2, '{"result_limit":"5","condition":{"like__video_category__description":"c"}}', 1469083193),
(322, 0, 1, 2, '{"result_limit":"5","condition":{"like__video_category__description":"ck"}}', 1469083199),
(323, 0, 1, 2, '{"result_limit":"5","condition":{"like__video_category__description":"rock"}}', 1469083206),
(324, 0, 1, 2, '{"result_limit":"5","condition":{"like__video_category__description":"cla"}}', 1469083212),
(325, 0, 1, 2, '{"result_limit":"5","condition":{"like__video_category__description":""}}', 1469083217),
(326, 0, 1, 2, '{"result_limit":"5","condition":{"like__video_category__description":""},"sort":{"video_category__description":"asc"}}', 1469083219),
(327, 0, 1, 2, '{"result_limit":"5","condition":{"like__video_category__description":""},"sort":{"video_category__description":"desc"}}', 1469083219),
(328, 0, 1, 2, '{"result_limit":"5","condition":{"like__video_category__description":""}}', 1469083219),
(329, 0, 1, 2, '{"result_limit":"5","condition":{"like__video_category__description":""},"sort":{"video_category__description":"asc"}}', 1469083220),
(330, 0, 1, 2, '{"result_limit":"5","condition":{"like__video_category__description":""},"sort":{"video_category__description":"desc"}}', 1469083223),
(331, 0, 1, 2, '{"result_limit":"5","condition":{"like__video_category__description":""},"sort":{"video_category__description":"desc","parent_video_category__description":"asc"}}', 1469083224),
(332, 0, 1, 2, '{"result_limit":"5","condition":{"like__video_category__description":""},"sort":{"video_category__description":"desc","parent_video_category__description":"desc"}}', 1469083224),
(333, 0, 1, 2, '{"result_limit":"5"}', 1469083534),
(334, 0, 1, 2, '{"result_limit":"5"}', 1469085673),
(335, 0, 1, 2, '{"result_limit":"5"}', 1469086758),
(336, 0, 1, 2, '{"result_limit":"5"}', 1469087935),
(337, 0, 1, 2, '{"result_limit":"5"}', 1469088306),
(338, 0, 1, 2, '{"result_limit":"5","condition":{"like__video_category__description":""}}', 1469088312),
(339, 0, 1, 2, '{"result_limit":"5"}', 1469088342),
(340, 0, 1, 2, '{"result_limit":"5","condition":{"like__video_category__description":""}}', 1469088349),
(341, 0, 1, 2, '{"result_limit":"5","condition":{"like__video_category__description":""}}', 1469088350),
(342, 0, 1, 2, '{"result_limit":"5","condition":{"like__video_category__description":""}}', 1469088350),
(343, 0, 1, 2, '{"result_limit":"5"}', 1469088367),
(344, 0, 1, 2, '{"result_limit":"5"}', 1469088373),
(345, 0, 1, 2, '{"result_limit":"5"}', 1469088405),
(346, 0, 1, 2, '{"result_limit":"5","condition":{"like__video_category__description":""}}', 1469088410),
(347, 0, 1, 2, '{"result_limit":"5"}', 1469088556),
(348, 0, 1, 2, '{"result_limit":"5","condition":{"like__video_category__description":""}}', 1469088569),
(349, 0, 1, 2, '{"result_limit":"5"}', 1469088583),
(350, 0, 1, 2, '{"result_limit":"5","condition":{"like__video_category__description":"a"}}', 1469088591),
(351, 0, 1, 2, '{"result_limit":"5"}', 1469088782),
(352, 0, 1, 2, '{"result_limit":"5","condition":{"like__video_category__description":""}}', 1469088784),
(353, 0, 1, 2, '{"result_limit":"5"}', 1469088832),
(354, 0, 1, 2, '{"result_limit":"5","condition":{"like__video_category__description":""}}', 1469088833),
(355, 0, 1, 2, '{"result_limit":"5"}', 1469088854),
(356, 0, 1, 2, '{"result_limit":"5","condition":{"like__video_category__description":""}}', 1469088855),
(357, 0, 1, 2, '{"result_limit":"5"}', 1469089153),
(358, 0, 1, 2, '{"result_limit":"5","condition":{"like__video_category__description":""}}', 1469089157),
(359, 0, 1, 2, '{"result_limit":"5"}', 1469089237),
(360, 0, 1, 2, '{"result_limit":"5","condition":{"like__video_category__description":""}}', 1469089240),
(361, 0, 1, 2, '{"result_limit":"5","condition":{"like__video_category__description":""}}', 1469089251),
(362, 0, 1, 2, '{"result_limit":"5"}', 1469089284),
(363, 0, 1, 2, '{"result_limit":"5","condition":{"like__video_category__description":""}}', 1469089287),
(364, 0, 1, 2, '{"result_limit":"5"}', 1469089302),
(365, 0, 1, 2, '{"result_limit":"5","condition":{"like__video_category__description":""}}', 1469089304),
(366, 0, 1, 2, '{"result_limit":"5","token":"tae"}', 1469089451),
(367, 0, 1, 2, '{"result_limit":"5","condition":{"like__video_category__description":""},"token":"tae"}', 1469089453),
(368, 0, 1, 2, '{"result_limit":"5","token":"tae"}', 1469089459),
(369, 0, 1, 2, '{"result_limit":"5","condition":{"like__video_category__description":""},"token":"tae"}', 1469089460),
(370, 0, 1, 2, '{"result_limit":"5","token":"tae"}', 1469089681),
(371, 0, 1, 2, '{"result_limit":"5","condition":{"like__video_category__description":""},"token":"tae"}', 1469089683),
(372, 0, 1, 2, '{"result_limit":"5","token":"tae"}', 1469089875),
(373, 0, 1, 2, '{"result_limit":"5","condition":{"like__video_category__description":""},"token":"tae"}', 1469089877),
(374, 0, 1, 2, '{"result_limit":"5","condition":{"like__video_category__description":""},"token":"tae"}', 1469089878),
(375, 0, 1, 1, '28', 1469094303),
(376, 0, 1, 1, '28', 1469094303),
(377, 0, 9, 2, '[]', 1469451944),
(378, 0, 9, 2, '[]', 1469457602),
(379, 0, 9, 2, '[]', 1469457817),
(380, 0, 1, 2, '{"result_limit":"5","token":"null"}', 1469513465),
(381, 0, 1, 2, '{"result_limit":"5","token":"null"}', 1469513484),
(382, 0, 1, 2, '{"result_limit":"5","token":"null"}', 1469513536),
(383, 0, 1, 2, '{"result_limit":"5","token":"null"}', 1469513706),
(384, 0, 1, 2, '{"result_limit":"5","token":"null"}', 1469513844),
(385, 0, 1, 2, '{"result_limit":"5","token":"null"}', 1469514166),
(386, 0, 1, 2, '{"result_limit":"5","token":"null"}', 1469514486),
(387, 0, 1, 2, '{"result_limit":"5","token":"null"}', 1469514505),
(388, 0, 1, 2, '{"result_limit":"5","token":"null"}', 1469514514),
(389, 0, 1, 2, '{"result_limit":"5","token":"null"}', 1469514539),
(390, 0, 1, 2, '{"result_limit":"5","token":"null"}', 1469514628),
(391, 0, 1, 2, '{"result_limit":"5","token":"null"}', 1469515199),
(392, 0, 1, 2, '{"result_limit":"5","token":"null"}', 1469515452),
(393, 0, 1, 2, '{"result_limit":"5","token":"null"}', 1469515927),
(394, 0, 1, 2, '{"result_limit":"5","token":"null"}', 1469515976),
(395, 0, 1, 2, '{"result_limit":"5","token":"null"}', 1469516384),
(396, 0, 1, 2, '{"result_limit":"5","token":"null"}', 1469516396),
(397, 0, 1, 2, '{"result_limit":"5","token":"null"}', 1469516412),
(398, 0, 1, 2, '{"result_limit":"5","token":"null"}', 1469517053),
(399, 0, 1, 2, '{"result_limit":"5","token":"null"}', 1469517093),
(400, 0, 1, 2, '{"result_limit":"5","token":"null"}', 1469517144),
(401, 0, 1, 2, '{"result_limit":"5","token":"null"}', 1469517179),
(402, 0, 1, 2, '{"result_limit":"5","token":"null"}', 1469517192),
(403, 0, 1, 2, '{"result_limit":"5","token":"null"}', 1469517235),
(404, 0, 1, 2, '{"result_limit":"5","token":"null"}', 1469517278),
(405, 0, 1, 2, '{"result_limit":"5","token":"null"}', 1469517301),
(406, 0, 1, 2, '{"result_limit":"5","token":"null"}', 1469517756),
(407, 0, 1, 2, '{"result_limit":"5","token":"null"}', 1469517802),
(408, 0, 1, 2, '{"result_limit":"5","token":"null"}', 1469517864),
(409, 0, 1, 2, '{"result_limit":"5","token":"null"}', 1469517946),
(410, 0, 1, 2, '{"result_limit":"5","token":"null"}', 1469517965),
(411, 0, 1, 2, '{"result_limit":"5","token":"null"}', 1469517975),
(412, 0, 1, 2, '{"result_limit":"5","token":"null"}', 1469517995),
(413, 0, 1, 2, '{"result_limit":"5","token":"null"}', 1469518011),
(414, 0, 1, 2, '{"result_limit":"5","token":"null"}', 1469518023),
(415, 0, 1, 2, '{"result_limit":"5","token":"null"}', 1469518667),
(416, 0, 1, 2, '{"result_limit":"5","token":"null"}', 1469519294),
(417, 0, 1, 2, '{"result_limit":"5","token":"null"}', 1469519970),
(418, 0, 1, 2, '{"result_limit":"5","token":"null"}', 1469519983),
(419, 0, 1, 2, '{"result_limit":"5","token":"null"}', 1469521111),
(420, 0, 1, 2, '{"result_limit":"5","token":"null"}', 1469522466),
(421, 0, 1, 2, '{"result_limit":"5","token":"null"}', 1469522592),
(422, 0, 1, 2, '{"result_limit":"5","token":"null"}', 1469522602),
(423, 0, 1, 2, '{"result_limit":"5","token":"null"}', 1469522673),
(424, 0, 1, 2, '{"result_limit":"5","token":"null"}', 1469522691),
(425, 0, 9, 2, '{"result_limit":"5","token":"null"}', 1469522713),
(426, 0, 9, 2, '{"result_limit":"5","token":"null"}', 1469522737),
(427, 0, 9, 2, '{"result_limit":"5","token":"null"}', 1469522819),
(428, 0, 9, 2, '{"result_limit":"5","token":"null"}', 1469522919),
(429, 0, 9, 2, '{"result_limit":"5","token":"null"}', 1469522942),
(430, 0, 9, 2, '{"result_limit":"5","token":"null"}', 1469522980),
(431, 0, 9, 2, '{"result_limit":"5","token":"null"}', 1469523269),
(432, 0, 9, 2, '{"result_limit":"5"}', 1469523380),
(433, 0, 9, 2, '{"result_limit":"5"}', 1469523397),
(434, 0, 9, 2, '{"result_limit":"5"}', 1469523418),
(435, 0, 9, 2, '{"result_limit":"5"}', 1469523463),
(436, 0, 9, 2, '{"result_limit":"5"}', 1469523486),
(437, 0, 9, 2, '{"result_limit":"5"}', 1469523511),
(438, 0, 9, 2, '{"result_limit":"5"}', 1469523523),
(439, 0, 9, 2, '{"result_limit":"5"}', 1469523566),
(440, 0, 9, 2, '{"result_limit":"5"}', 1469523572),
(441, 0, 9, 2, '{"result_limit":"5"}', 1469523754),
(442, 0, 9, 2, '{"result_limit":"5"}', 1469523767),
(443, 0, 9, 2, '{"result_limit":"5"}', 1469523778),
(444, 0, 9, 2, '{"result_limit":"5"}', 1469523799),
(445, 0, 9, 2, '{"result_limit":"5"}', 1469529478),
(446, 0, 9, 2, '{"result_limit":"5"}', 1469529530),
(447, 0, 9, 2, '{"result_limit":"5","condition":{"like__account_information__first_name":""},"sort":{"account__username":"asc"}}', 1469530264),
(448, 0, 9, 2, '{"result_limit":"5","condition":{"like__account_information__first_name":""},"sort":{"account__username":"desc"}}', 1469530264),
(449, 0, 9, 2, '{"result_limit":"5","condition":{"like__account_information__first_name":""}}', 1469530265),
(450, 0, 9, 2, '{"result_limit":"5","condition":{"like__account_information__first_name":""},"sort":{"account__username":"asc"}}', 1469530265),
(451, 0, 9, 2, '{"result_limit":"5","condition":{"like__account_information__first_name":""},"sort":{"account__username":"desc"}}', 1469530265),
(452, 0, 9, 2, '{"result_limit":"5","condition":{"like__account_information__first_name":""},"sort":{"account__username":"desc","account_information__first_name":"asc"}}', 1469530266),
(453, 0, 9, 2, '{"result_limit":"5","condition":{"like__account_information__first_name":""},"sort":{"account__username":"desc","account_information__first_name":"desc"}}', 1469530267),
(454, 0, 9, 2, '{"result_limit":"5","condition":{"like__account_information__first_name":""},"sort":{"account__username":"desc"}}', 1469530267),
(455, 0, 9, 2, '{"result_limit":"5","condition":{"like__account_information__first_name":""},"sort":{"account__username":"desc","account_information__first_name":"asc"}}', 1469530267),
(456, 0, 1, 2, '{"result_limit":"5"}', 1469530291),
(457, 0, 1, 2, '{"result_limit":"5","condition":{"like__video_category__description":""},"sort":{"video_category__description":"asc"}}', 1469530292),
(458, 0, 1, 2, '{"result_limit":"5","condition":{"like__video_category__description":""},"sort":{"video_category__description":"desc"}}', 1469530293),
(459, 0, 1, 2, '{"result_limit":"5","condition":{"like__video_category__description":""},"sort":{"video_category__description":"desc","parent_video_category__description":"asc"}}', 1469530293),
(460, 0, 1, 2, '{"result_limit":"5","condition":{"like__video_category__description":""},"sort":{"video_category__description":"desc","parent_video_category__description":"desc"}}', 1469530294),
(461, 0, 1, 2, '{"result_limit":"5","condition":{"like__video_category__description":""},"sort":{"video_category__description":"desc","parent_video_category__description":"desc"}}', 1469530310),
(462, 0, 1, 2, '{"result_limit":"5"}', 1469530552),
(463, 0, 1, 2, '{"result_limit":"5"}', 1469530568),
(464, 0, 1, 2, '{"result_limit":"5"}', 1469530580),
(465, 0, 9, 2, '{"result_limit":"5"}', 1469530588),
(466, 0, 1, 2, '{"result_limit":"5","condition":{"like__video_category__description":""},"sort":{"video_category__description":"asc"}}', 1469530610),
(467, 0, 1, 2, '{"result_limit":"5"}', 1469538294),
(468, 0, 1, 1, '29', 1469704046),
(469, 0, 1, 1, '30', 1469704957),
(470, 0, 9, 2, '{"result_limit":"5"}', 1470722413),
(471, 0, 9, 2, '{"result_limit":"5"}', 1470722430),
(472, 0, 9, 2, '{"result_limit":"5"}', 1470722430),
(473, 0, 9, 2, '{"result_limit":"5"}', 1470722607),
(474, 0, 9, 2, '{"result_limit":"5"}', 1470722607),
(475, 0, 9, 2, '{"result_limit":"5","condition":{"like__account_information__first_name":""}}', 1470722610),
(476, 0, 9, 2, '{"result_limit":"5","condition":{"like__account_information__first_name":""}}', 1470722611),
(477, 0, 9, 2, '{"result_limit":"5","condition":{"like__account_information__first_name":""}}', 1470722611),
(478, 0, 9, 2, '{"result_limit":"5","condition":{"like__account_information__first_name":""}}', 1470722611),
(479, 0, 9, 2, '{"result_limit":"5"}', 1470722680),
(480, 0, 9, 2, '{"result_limit":"5"}', 1470722680),
(481, 0, 9, 2, '{"result_limit":"5"}', 1470722702),
(482, 0, 9, 2, '{"result_limit":"5"}', 1470722702),
(483, 0, 9, 2, '{"result_limit":"5"}', 1470722766),
(484, 0, 9, 2, '{"result_limit":"5"}', 1470722767),
(485, 0, 9, 2, '{"result_limit":"5"}', 1470722780),
(486, 0, 9, 2, '{"result_limit":"5"}', 1470722780),
(487, 0, 9, 2, '{"result_limit":"5"}', 1470722810),
(488, 0, 9, 2, '{"result_limit":"5"}', 1470722810),
(489, 0, 9, 2, '{"result_limit":"5"}', 1470722834),
(490, 0, 9, 2, '{"result_limit":"5"}', 1470722834),
(491, 0, 9, 2, '{"result_limit":"5","condition":{"like__account_information__first_name":""},"sort":{"account_information__first_name":"asc"}}', 1470722845),
(492, 0, 9, 2, '{"result_limit":"5","condition":{"like__account_information__first_name":""},"sort":{"account_information__first_name":"asc"}}', 1470722846),
(493, 0, 9, 2, '{"result_limit":"5","condition":{"like__account_information__first_name":""},"sort":{"account_information__first_name":"asc"}}', 1470722847),
(494, 0, 9, 2, '{"result_limit":"5","condition":{"like__account_information__first_name":""},"sort":{"account_information__first_name":"asc"}}', 1470722847),
(495, 0, 9, 2, '{"result_limit":"5","condition":{"like__account_information__first_name":""},"sort":{"account_information__first_name":"desc"}}', 1470722847),
(496, 0, 9, 2, '{"result_limit":"5","condition":{"like__account_information__first_name":""},"sort":{"account_information__first_name":"desc"}}', 1470722847),
(497, 0, 9, 2, '{"result_limit":"5"}', 1470723001),
(498, 0, 9, 2, '{"result_limit":"5"}', 1470723001),
(499, 0, 9, 2, '{"result_limit":"5"}', 1470723006),
(500, 0, 9, 2, '{"result_limit":"5"}', 1470723006),
(501, 0, 9, 2, '{"result_limit":"5"}', 1470723066),
(502, 0, 9, 2, '{"result_limit":"5"}', 1470723066),
(503, 0, 9, 2, '{"result_limit":"5"}', 1470723146),
(504, 0, 9, 2, '{"result_limit":"5"}', 1470723146),
(505, 0, 9, 2, '{"result_limit":"5"}', 1470723189),
(506, 0, 9, 2, '{"result_limit":"5"}', 1470723189),
(507, 0, 9, 2, '{"result_limit":"5"}', 1470723199),
(508, 0, 9, 2, '{"result_limit":"5"}', 1470723199),
(509, 0, 9, 2, '{"result_limit":"5"}', 1470723233),
(510, 0, 9, 2, '{"result_limit":"5"}', 1470723233),
(511, 0, 9, 2, '{"result_limit":"5"}', 1470723247),
(512, 0, 9, 2, '{"result_limit":"5"}', 1470723247),
(513, 0, 9, 2, '{"result_limit":"5"}', 1470723292),
(514, 0, 9, 2, '{"result_limit":"5"}', 1470723292),
(515, 0, 9, 2, '{"result_limit":"5"}', 1470723304),
(516, 0, 9, 2, '{"result_limit":"5"}', 1470723304),
(517, 0, 9, 2, '{"result_limit":"5"}', 1470723569),
(518, 0, 9, 2, '{"result_limit":"5"}', 1470723577),
(519, 0, 9, 2, '{"result_limit":"5"}', 1470723589),
(520, 0, 1, 2, '{"result_limit":"5"}', 1470724488),
(521, 0, 1, 2, '{"result_limit":"5"}', 1470724666),
(522, 0, 9, 2, '{"result_limit":"5"}', 1470724671),
(523, 0, 1, 2, '{"result_limit":"5"}', 1470725515),
(524, 0, 1, 2, '{"result_limit":"5"}', 1470725517),
(525, 0, 9, 2, '{"result_limit":"5"}', 1470725517),
(526, 0, 1, 2, '{"result_limit":"5"}', 1470725526),
(527, 0, 9, 2, '{"result_limit":"5"}', 1470725530),
(528, 0, 1, 2, '{"result_limit":"5"}', 1470728559),
(529, 0, 1, 2, '{"result_limit":"5"}', 1470729437),
(530, 0, 1, 2, '{"result_limit":"5"}', 1470729444),
(531, 0, 1, 2, '{"result_limit":"5"}', 1470729448),
(532, 0, 1, 2, '{"result_limit":"5"}', 1470729460),
(533, 0, 1, 2, '{"result_limit":"5"}', 1470729466),
(534, 0, 1, 2, '{"result_limit":"5"}', 1470729471),
(535, 0, 1, 2, '{"result_limit":"5"}', 1470729475),
(536, 0, 1, 2, '{"result_limit":"5"}', 1470729477),
(537, 0, 1, 1, '11', 1471081947),
(538, 0, 1, 1, '18', 1471088975),
(539, 0, 1, 1, '33', 1471093265),
(540, 0, 1, 1, '35', 1471093373),
(541, 0, 1, 1, '36', 1471093655),
(542, 0, 1, 1, '37', 1471096007),
(543, 0, 1, 1, '31', 1471140783),
(544, 0, 1, 1, '32', 1471140796),
(545, 0, 1, 1, '33', 1471140815),
(546, 0, 1, 1, '34', 1471140821),
(547, 0, 1, 1, '35', 1471140854),
(548, 0, 1, 1, '36', 1471140870),
(549, 0, 1, 1, '36', 1471140870),
(550, 0, 1, 1, '37', 1471140914),
(551, 0, 1, 1, '37', 1471140914),
(552, 0, 1, 1, '38', 1471140935),
(553, 0, 1, 1, '38', 1471140935),
(554, 0, 1, 1, '39', 1471140960),
(555, 0, 1, 1, '39', 1471140960),
(556, 0, 1, 1, '40', 1471140988),
(557, 0, 1, 1, '40', 1471140988),
(558, 0, 1, 1, '41', 1471141035),
(559, 0, 1, 1, '41', 1471141035),
(560, 0, 1, 2, '{"token":"","id":""}', 1471313161),
(561, 0, 1, 2, '{"token":"","id":""}', 1471313184),
(562, 0, 1, 2, '{"token":"","id":""}', 1471313469),
(563, 0, 1, 2, '{"token":"","id":""}', 1471313577),
(564, 0, 1, 2, '{"token":"","id":""}', 1471314104),
(565, 0, 1, 2, '{"token":"","id":""}', 1471328519),
(566, 0, 1, 2, '{"token":"","id":""}', 1471345696),
(567, 0, 9, 1, '2', 1471489982),
(568, 0, 9, 1, '3', 1471489987),
(569, 0, 1, 1, '42', 1471598304),
(570, 0, 1, 1, '43', 1471598343),
(571, 0, 1, 1, '43', 1471598343),
(572, 0, 1, 1, '44', 1471598431),
(573, 0, 1, 1, '44', 1471598431),
(574, 0, 1, 1, '45', 1471598446),
(575, 0, 1, 1, '45', 1471598446),
(576, 0, 9, 2, '{"token":"","ID":"2"}', 1471860089),
(577, 0, 9, 2, '{"token":"","ID":"2"}', 1471860102),
(578, 0, 9, 2, '{"token":"","ID":"2"}', 1471860333),
(579, 0, 9, 2, '{"token":"","ID":"2"}', 1471860354),
(580, 0, 9, 2, '{"token":"","ID":"2"}', 1471860365),
(581, 0, 9, 2, '{"token":"","ID":"2"}', 1471860386),
(582, 0, 9, 2, '{"token":"","ID":"2"}', 1471860503),
(583, 0, 9, 2, '{"token":"","ID":"2","with_account_biography":"true"}', 1471862555),
(584, 0, 9, 2, '{"token":"null","ID":"2","with_account_biography":"true"}', 1471863785),
(585, 0, 9, 2, '{"token":"OGQwMTk0NjBjMjc0MTc0NzdkZDRmMDRiYzljOWRkOTdjMDE2OGI3OTE4NjcxMDVlOTBjYWIyMjE4YzRhYTIwYzBmYmFhMjRkNjJlOGUzMGQwMzBlZGFiMzc5NWNiODg5ZDAzMmI5ZDUwMmUxYzJjZmUyYjhkZGZlOWVkNDg1MmZreXRBdjAxejVvcW5jUStldUFZbUd2UUdVQlNnNTJiUkxSeCsxZEcxRElhTUl1YlRpS2FmaFRObnB1dllLdFQ1Y3U5a2syeEZLWTU4Q0tWQWthd0RWdmxWaGZzNDA0bkpkbXVXcjdGZzdKMDBXV0JxQy8rZE1pQVdyaThOQzhQUDhKUE9jN214M2dqQjZwbHRLQTVXZERzMGVaVkFqR015ajErNndqbnRoRVU9","ID":"1","with_account_biography":"true"}', 1471863789),
(586, 0, 9, 2, '{"token":"OWI5ZjQyMDQyMWViMmMxYjg0Njk5YmE0OGU3MmM1NGEzYmRhYzExYTZjODNlMGQ2OThiYjRlMGJhODY2NzIzYzU1MGEzNjQ2YjFmMGQxN2YzZDEyN2NiZGZjNjJhY2U0YWJlYWEwMjRhNWQxMTdiYTA4YzNiOWRlNzBkYTNkNGZHckpnTm04Tit6WWxyc0NEODd4MGhNMW5sRTRIOEVMQ2Y0UUJzNFhNRnl6bmd3dVZoOHdGYmNzQTFhdGIzYU5SSGRlK2xTQ3J5cTB3b2g2OXVWUXRuNTNtdWd3UWFsaWwxR3R3ZXhZMmRRbnppUzhZTkxjSHhBMTB2dlVHWWJWajlscEtmWVBKOXVFUGhqTzMwWTE2U0FaSGxDdVgwRXZFbmJycmJ5YWJRbWs9","ID":"1","with_account_biography":"true"}', 1471863820),
(587, 0, 9, 2, '{"token":"NjcyMTRkMzE1NjliMTc4YTRlYmNjZjlmNGU3NmY0YWJmMzViYWIyYjA0MGQxZjQ0Y2YzODQ2NDg4ZDNmZjVmNmRkMjdkZGY5YjViZGEwYjgwZGE4NzhlZDcwMTcwNDMzMzdjODg4M2JlODQ0MjIzNjY1YjNhM2ZkYWMzNmM4NTdoc1h5UFQ5amNzVm5GdXd5UjU2UE5oUWplQlVZc25WME9zZmUxNFJSYWs4aUZyaERMSnJNVDJWOVhPMlVST3ZFSkNsUTlPR3NiWVRJcWMxMm1zSDEvVWNNd1dwVTdBcnArOGluY293dkx3MW93TnZucDFSVUpmbkkxLzR4dDAvejNCUWw0TVVMRUU5VnYvbXVtemZwQTVSVStEQ2MwcisrQ1FpVkgzcnVvSnM9","ID":"1","with_account_biography":"true"}', 1471863849),
(588, 0, 9, 2, '{"token":"MjI4MzNhNzdkNjcwZWI0ZmY0NjUyNWZlNWQ1NWQxM2IxYTNhOGVlZTYxMmY4MTFiODgwZDYyOTQ2MGUyNjA2ZDVjMzYxNjUzYmY0YTIyNWEyODJlMTA4NTkyODVmNzZhYTA4YTI1YzYxMDhlNGYwZTQ3MTRjZjQwY2JkN2U3Mzg3bmRjY3g2Y2FxdzlIbzZiNE91M240SkdRTjBuVkI0MVY2ZTM4VzJIU1U3T2cxWXFpQ3FHQVBpNXYzNklZS2puVzlTRDZvU2NrWHk3Um5jeEl5bVZ0bzJJcnhhakhObEw1eDFQeTNpbnUvdEswZ0pLVEhXclI0a2xGVmRhemZFZkluMXN2ei9TbTM3RjFzcjY1L2xEUkZONTVNQU11Rm5CV1dCNURFbmZQZms9","ID":"1","with_account_biography":"true"}', 1471864078),
(589, 0, 9, 2, '{"token":"Y2UwNDAzYWM2OTRiYjdjNjQzOTEyM2I5NjdhNjRiMDBlNDkxM2E5NTNkYzAxNGY4NjM2NGJjNTdlNmQ1ZWYzM2EyMjBjNTdlMzIyYmZiZDk1YjFlMTg1MzZmNTFkNzY3OGQwYzIxNDhlYWI4MDYyMGI1MTFkNDE2NmNiM2U3ODZHdWZNQVNaM3ExZHFCL1VXeTU5eEF1Ulpsd0JZSzNJZDYxUmlFNlZiYXdlK0NIaXdYdnROa1dNWks3MEJ2VWQ5dlMwMjVXcDd2SXpNd2ZLeFVkZTdwaHNpMCtobjJkMTVScTdJTXpBTXE3NXJmMmgvUTZBZzEyRDd3Y2pNdDloM0ZzRlV1bi9GSGdieHUwbFFSL3VpYXlsTVY3Rlg3OXJoMkM5VUxYbmxlZDQ9","ID":"1","with_account_biography":"true"}', 1471864272),
(590, 0, 9, 2, '{"token":"ZDg5ODVkYTZjM2IwMzI5NTkyYjE4NTBjZDljMmFlYzlmNTVlZWNmMTg3ZWFjMTRjNWRmNWE2MGFhNWNjZDQ0OWYyMjU3OWJmY2Y0YTY5ZGFmMzIxMWI3YzgxMTFlMTc4ZGJlNTk4M2RmZmQyZmQ2OGNlYzgwZDczNWFiODQ2NTdnMnozZHJ3RjBqbnVaTjZjRzJBUVkwYTlVM2JOMjlsRjZjSmE5anQ4cTgvc1hjMUxVS3dkb3dLY09DSCtJU2M2Z0poZExmNFhRRzY5NWVLcXlyeVFXSk5pUGdOa3M5WUU4VnFObEV4ZkdObnMzRzYwcmlXdVNsOEZwdEJPUlBUYUhJNDVZSFJQckMzOEZDVC9JeHhkVHgwb2RtOHg3d3V5VnpNa2FEWkZ0N1k9","ID":"1","with_account_biography":"true"}', 1471864286),
(591, 0, 9, 2, '{"token":"Y2VjZDhmMmMwZjA1NWU3MTJhMTc1NDA1ZDRiZjlmZDI4Zjk3Y2NmODUyMDhjZmYxMDg3YzM2YjFiZTY5MmUyZmQyM2Y5MzhmNjllOGE0OTUzMWJiM2M0YmFlMDRlZDNjYWE4MGMwZjZiZWU1ZGIyZGZhYzQ5MWQ2MmMyYjU5M2FvWmFFdXUxelRtZlgrRVpLOCt1c0taYUJrTHNCSjZKeDAva0djRDBkODVwYkQxY08weE5XTWZJZlZieGlVYUF1RDhwVDJQMTJDMG9XOTVvWVc5WGg0bUFkZENqQUNiQVhHajA3UDA0Ry9ESzhUc0hjOU1KcDl4REhLL1F4bTl1QUQvZ2tqd1dKNXFpMVh6bEhWbWZHTVczQkVYSm0zcE01cERYN1lqSWlNMVk9","ID":"1","with_account_biography":"true"}', 1471864316),
(592, 0, 9, 2, '{"token":"MjVhN2EzOWE3YTZmMTQwYzYxNzUxZWI2YzMyMGVmMmQ2NjQ3MGQwMDAxYjRkOGE3NzdiZjc3NDVmZTc0ZDYxOTcyZWVjNjQxODBjMzNiYzI5ZTcxYjhkNjIwNDdkMmU0M2M5MjI3MzUwMTUxMGM4MzAzOTJmY2I3YzlmNjZjYjl3NVMrU2hsSWYvajEwZG5ZRGpXQURQOUJZUnVEOW4zRlJPa2tWbTRGQkl4RzNNY0kvUkRQekdFWWJWQTc4OFVTYzNPYytSYXdia3d5TmZ5dmRyRGlCT2M5dnBIK3lKWWI1WmhFWmxZTGFoQkNoYUJOb2FJcGhVZWpGajZDTDVZZllWblorV3ZVN2FidXdOMjdha1lCQ1VmbjVzRjN6QTVNTDdndzFYd1N3d1U9","ID":"1","with_account_biography":"true"}', 1471864325),
(593, 0, 9, 2, '{"token":"OGI5ZGMxM2ViYjUzYjA2ODEyYTEzNTE0MmFiMzczN2Q5MDdmMWFkYzA5MWNjOThmMDQ1N2ZlNGU4NGYxZTU0OTVhYTc2OTFmYTVmYzA2OTEyODFlNWEyMDhjNTczOGJiYmIwOWVkYTdmMmZlODhlNmI0YTQ4ODZmMGYxZGQ0NDUxR2EvVWZWdFZpbC9BR1lQK3pGeHZyQ2lzbkJtZzlrLzBqNXNZWi9ZU0k2Z3NITlAxMXpJVllVZE1ib2ZEMnBCdjZ4UURPdklLVHp3RXBFMFU3RDBtOTE4dlkyTFFDRXB6ZndrS05yUk5ua0EvNTZ0TllqYVREZTB3TkdEWlNhR2JsT3NHcnZLYmExSFFKcENxY2cra3dkbU91S3RvUlpFS3BreVJkcC9VcDA9","ID":"1","with_account_biography":"true"}', 1471864354),
(594, 0, 9, 2, '{"token":"YzM5NTk5OWM2YzA0MjkyMTYxNjY0M2I4MGI2YjQ4NmEyYmU1Y2NlYzU1MjE3ZTA0MmM4ZjM3YjQyZjk4NzJjNmZjNjBlMjBiNmJkNmNhYjI3OGM2YWE2ZTkwYWNhMDJkMTYwNTMzZWUzNDU5MTFmNGQ3M2FkMGYwYjQ2ZTc0N2FxeExYdEVpbEsyeDF4NGdzZVU0dlA5ZjNYNW15L3FmNkNGS1Fodng1REVpVENBcGJUWHJEY0s1SG1xRkdrYzVJTXZPWG5KSElYdVZsQWVBTkNSZE5HMXpETXV6YzY2a01ZaDB5MFdOQS9lQ1NHUUxtNHhzaDY2MUZHa0VoWjFCREUrNENMczA1VDhEMmhxaXloeDdES2xCTFFpSCtzNkNhZUViTXJHVHNjMlk9","ID":"1","with_account_biography":"true"}', 1471864366),
(595, 0, 9, 2, '{"token":"OTE2ZDJlOWI5ZDBmOGIxYjE4MGZhYjE3MTNjMjU3ZTAzOWNhNzM0MDg1ZWRhZjdmMDY3OTdlY2QxZWEwZTM5NWU1MTQxZjM1OTBiNmRiZDYzOTNjMDA3NzVjMTI3Zjc4NTcyMTA1ZWJhNTE0ZmE5Mzc1YWY4ZTY1YTcyN2M4NGVpOGNhLzg3OFdOOHhjSWFEandaMEEwczc1aU1Ib2taSEViMWN1R2w1OEpJUk5QUHBES2hoR2lPeTc2aGNsUnV2d0xDaGJkYzY0V3pua001WUpDVW8rclJGd3YzY2lESWd0Wlg3QktIRFBmanBSZ2F4Wm5EZ0RTQXZJOUF5SmVLRml0eUROTkUzRWhudWpxN2llRG1RVWhLQ0pHbHY1RnN2Tk9qV2JJM2U0STQ9","ID":"1","with_account_biography":"true"}', 1471864398),
(596, 0, 9, 2, '{"token":"NTE4NGNhZTQ2NTcxNmQ1OTU1YjBlMjFiMDE2N2VlNmM1NDZhYzRmMjExNTY0NjAyMjQ3Y2JkYTYwM2MyZjJjMTBkODRlMDlkMjQyNTcxNzg1ZjZkMTFkZTk1NWY0NjM1MDlmODUwOGU3MDhmMmNhZGExMzRhZWUzZmNiNDA4ZTM2UEVTODdzd0JRVDc2ZGoxRVhHbTZlQWc3UHp3K0RhWU5ETVJRL3hGY01KeVpEYU1ZWHkzSituYmRPZU1kMHZ3b0J3ZGNEREhFemZweU9vdFF4ZTN3SDAwWGExMHd3b1V4WkFNN2J4NURGWFJyaCt6cjlsUXV0NzdYRVlDdklmaCtjZktJOUE5V1hjdkVaU3UwQ0dIMVNvTHZqZ0xHYS9GRm5BK3FDekpYMWM9","ID":"1","with_account_biography":"true"}', 1471865192),
(597, 0, 9, 2, '{"token":"MmY2MmUyYWNiZGQwYThjMzFmNjIyNzM1ZDQ0NmE2OWUzYWM2ZGJmMzVlMmIxZmMwMjJlM2FiY2JmY2QwOGMyODU4MGY4NTVmNmRlNDNlZmZiMzdkMjNmMjZiMjBjYjFiZjU4ZGJjNTNlNjc0OTA0MzAwYjEyNzExNWM0NTk2NjlrU1pXLytKU2Z0L3huU0FjMWVnM1RSd3M3cWl4RkNWbE96OFdqWnJwNkQwMEc5dDdBWnVIUXdTa0J1K2EwQWZVZ0ZhNVdXMDJ6bHpqK1V4Y3JvWGdXd3FqWUVIbUNvMnI5SThNRGVRb0xnRmF5MUE4N0dOU3p6emxHM1NRV2tZWm9FYmV1akEyK2txNldKQnNlYWZIbzJJRUtNanU0MWlqcDVmM2tiaDhNTnc9","ID":"1","with_account_biography":"true"}', 1471865206),
(598, 0, 9, 2, '{"token":"MTViZDY0MjNhYzYyODI1NmVkYTQ2N2FhODRkYmJhMzcwODJiMmY3MWJmNTM2ZDc5YjEzMGNkNmFiMDhjYjM0YTlmNzc0NmYwNjkzNjMxNzA4YzBmODgyNWQyZDNjNTllYzc4MDRlMDZkNmEwZjFhZTFkMGQ5MDJjNzQ4MzIyYjhPWUZNNEgrSnJPZjY4dGVRWlA3ZWRXeHA5WjYzTlJoSHNqUFZWWHE0cWxIZnVqRHhzbGdJTlJKYjZNc1hHeGVzZUkrS2pSY2taRkNiS2cwaklxcVJUeHdmbW0wLzR0a2pBNG9FTmtPN1FoL1l4RVVOUmlibVN3VUZBVi9acjh4YnZWV1dOcDE2TC9QVEhVdWRUM3NtWDFCQThZYUpzdThGTlhUanZNakFRem89","ID":"1","with_account_biography":"true"}', 1471865230),
(599, 0, 9, 2, '{"token":"MmZhN2M3YTA5MWE3MjgwOTE3ZGRiNzU4YTU3NWQ1ZDJkYjcwMjMxNTA3MjU5ODg5Njk2MDdkMDA3ZTIzN2I2NjFhNjAzNmU0N2RjMDA4MDRkNDYyODFhOGQ4YzJiZTY3NWRjMjI1Y2E1YzM2Zjc3NTEwZmE3YWIwODZlMWEzY2M2MzVqWHBSVFdsRHp4SE5hbDhQcmgvbjRTT2RMcVZ6RHU5T1Z0QVFFMU5KVG1UK0VvMXduMmt2Qk5rUEsvTGlqMDI2OVFzcnYvaWxSRTJuT2pzSUd6eTBXRXo2SXRWRWFEYUhmcnJMWmlVeDVsTHJMQnZtRzY3azB6dW9NMXBsa3E4K25lVU9ydEpYNmdqNmloc2NLNXNCV0x3VitsRFVyTUJRcmoyK3N4T1k9","ID":"1","with_account_biography":"true"}', 1471865251),
(600, 0, 9, 2, '{"token":"NDhjMmE2MjkyY2FmNjkwODhkMjk3OGYwN2U3YTY2NjhkZjYxNDljMDcwYWMyNDI2ODhjYzUwMzZjZjVkZGFlZDViZjcxYzc1ZDlhZmM0NTg4MmJjODVmODg0NTlkZmE3MTBjMmJmMTQ1YzFlZWY2MGRkNjdkZmY5YjJmOTkwZTVoRnMvUHVRbDlNMnhHdXcxMGhxb2JnOFl5ZDF2S29ERVVnVVJlaUMyakdyeVpXM2RFK3JhWjFwazYzUVZDamxpd0QyWGVHcmI0ZTJzRnNIbXBGazVZcEExa09wNzQ0ei9YbmZ1RERkS0NtSjFDaWQzOTVIcW1wTVlzcW1XNEsyL0U3eHgvM0kwRHlJN2NibWYvZWI5L1pPOC9UR0g0VlIrVTJ6Z2ZENTdDUHM9","ID":"1","with_account_biography":"true"}', 1471865422),
(601, 0, 9, 2, '{"token":"ZjU3OWNhMGJiMDg0ZWY0YjA0MzZjMzViNTQzNmYwMWFmYzgxYzQ5YzRmYzk5ZWE1Y2VlZTg2MmVkYmJjNGRmMTk1MDU0ZjA1YThhMjYwNjVlOTQyZGViMjYwOTNjZTY3MmI4NTIxYjBmYzExZmFlZTZhNGUyOTg2NzUxZTNiNzRpUldaV3dFcHVESVQzcUUzbU9OdTlKT25IYzdQbUhDSFZhM1RrYkJMYm11azlaVTZyWEhoSWFDbjNqekxKMFlEWTFNRzF0RXc2a1QvV3JPcHVaWE9KdmtZenpYbnl2aUpKc2dKNXhzcGRPaTZtS09icm1FZVhyeHlxeWIrd2FEdlYyN2pXSEk2MnJvSzFIMENHVGJWTGVkamhkY2RhdFlSSEJQcHlHMEwyRFE9","ID":"1","with_account_biography":"true"}', 1471871382),
(602, 0, 9, 2, '{"token":"YzJiNmYxZDI1OGU3ZTBiYmI2YjY5ZTc3MzJmNTYyNWU1ZTNlMGJmNTdlMDQ1MjkwODU1M2UyZWRhOGI0MWY2ZDI3ZjM3NzZjYzE5YTY1ZjQ3NWQ0NTcxYTAxYTM3MjQzM2Y2YzE2Njg2ZDM1ZmNkYjE0NmZmNjM4MTliNzYwMzd5bndEeUNySVVpZ1d1RndmaTE1cnpjRkk3bHhJQzlCNUo4eWJveTlPMm40am9rblV1M0NEa0lsRXdQamRhOWs4bzRWWXd3UVdoR05NajZmOTFoUVRXYWR6M012M3FGbW5nR1JrOXp5N040U3JjNzJHUFpic1VrWHQ4UXZqWkpndDJ3TGtneWU2U29tTU1RUklBV0w1dTgzRG5nWVcxM1BxZzdBc25YZTVWMVU9","ID":"1","with_account_biography":"true"}', 1471871429),
(603, 0, 9, 2, '{"token":"NTdmMmJkN2EwMjAzZTA2OGIxZjk0Y2JiNDFlMGM3ZjY2MjA5YzUxNTE4ZGRjOGVhZTU2MThlZTMzNTI2NjljMjEzOTI1NDJmYTY0MDBiZjg3MzcwYjAxZDFhNDcxZDk5YWI4YjE1NDZkZTU5YjkwOGVjOGMxMWVhN2U3NGZkMWJOZ3kwVUhSYlBVdW8rcHBNZmp5UDA5Q21QSWlUaS81azIyYjZZUC9sTklwQ2lTLy8wSWN1RFV5TVd4ZXV4WFpMQTloeURHVlUvNnorRkJnR1RxU2ROeXZlSEFwZ1pHdzdqanRKeUtqZGlKc283d1hyUExVVC9Ud0E5WGw2dXVPQmxqU3gxUWVMb25aQyt5UzBNT2Z6UzVxU0pJWUJPR2M0QkI3aXliQ2ZzejQ9","ID":"1","with_account_biography":"true"}', 1471871449),
(604, 0, 9, 2, '{"token":"MjZiM2M2MDNlNjgwZjdhNmM1Y2IxZGM3ZDQwZmZlM2I1YTMxOWNkNTI4MjlmMGFjNDE1MDRjYjA1OTdiN2EwNGIzMDNiYTQ3NzkzYjRlMDI0Mzg1NDA5MmZkYzE0NGUwODEwOTZlZTVjNzFjNWVlMzE3M2M3YzFhMGQ4YTk1ZjIzYm9XTzNVWkMrR2xPSTU2OFhNOUdSTWxYelBJN1hCeG9LQzdNRitZdmFCeVRjREQvU0YxL0tTdGRtNXdjQUJGNkpma3BhYU9kWDVmeHVtSFRCSUNMVjQwLzk5VVVSSkJoSHZydHViVGJOdEJURW9NNkFGRW54Y3d3LzJ2MTBKamNBU0gxRG5aRzFSUk5MVVR4aktIWTJsQkRKRHVMSkt3NmQzRFJ2NWNUSEU9","ID":"1","with_account_biography":"true"}', 1471871476),
(605, 0, 9, 2, '{"token":"ZTFhYjhkZmRjZGY2NTIyYjE5Y2YzZTY1YzJlYzk1NWQ2ZmU1YmZjNDc1MTcwYjRjNDYzYTU4Mjg1NDBhOWEzYzIxNzc1NzkyNjg3NmVmZTA4Y2Q3ZmQ3ZGMyZjY2NWM1MTQ2OWIwZTkxYzQ0M2ZhODc2NWQwYTM2NWM1M2IwMTRPS29oWUJMNC81L2ZCc1c3Yy8wSkVmdlZBL2dFK2p3ajdjM0NJeFdKaGhSYzQ0eUZ0UVNCQVlmMVFSYjZZbFlCSXZaai83YWVYRVhKUFdTeW0vcjVGT1J6NDc2MnZ5cjJseFgvdlU2VkdhY2pFVGtXNEVhZnN6emREVFZneG1vYWR6cTZkWWpQcEZhS1pNUStTV3c4dVY5d0JPWDBhajhzcVJubHRUL05FRjg9","ID":"1","with_account_biography":"true"}', 1471871533),
(606, 0, 9, 2, '{"token":"YTA0OTY4YmFhMDBkOGY2NzZhNWI0YzAyMjg4OTI3ZTdjZDBmMTg4MzRlOTAwMDcxNWU3NWIxZjk0YmI1NDhmMDEwZWZlYWFmYjNkMjU3ZDA0MmIyNmZlMzc5ZDhiN2E3Yzc5ZWUxZDAxNjY5YzMxYTJhOWZjMTNiNmE5YmNmMmZXQitDbEk3cTRLMFQvU3E2cXBLd2xxK1dUSDVRRC9iNzNiSVAwa01EVGd1cmZzaCtmSTFlc1BNUVhpUXFqa0ZwcDcvcUthZ0RWaUxkNVloVnQvTWQ3cXo1ZkVoSGV3WWtQS3o4VWQvV29NeHpaT2lYa29xYTJkTHFRTTVnbG5TZkRlSHI0VDNzSlhXWDZHTS84ejg0bkdSV3JWZ0N2YWtwS3ZxckZuWmViTDQ9","ID":"1","with_account_biography":"true"}', 1471871542),
(607, 0, 9, 2, '{"token":"OGY5NjFlNjBhNTkyY2Y1MzQwZDEyOTI5N2ZjY2ZiMWVlODVhNDRjZmY0ZTEwZDQ5ODY5YTU5ZDdhOTUwYjI5ODc2NjJiNzYxMjJhMDliYjczMjM5OTE0NTZmNDc1NWNjODJhYWZiMWEzZTU0N2VjYTJhNTNjMzg0MTI3OWNhMmVjUXJ4OWNOMjVONHJ3QWFTNm9JMnhpcHdENHZIYlFwcDdjcHNwNEt6KzdYWnhsemhyNFFLUGY0emY4MkVFMG5NMFgwdGh5VkUwRUpUTFMvaTd1OXB5d3VIa1N2YXcrZTBNTGN0N2NBcXg1Y0ZRcTJBUCtnelFyamlSOVJFNHk0RzFZblc1a0tQbUtuVEVzaEY4U2orSEwwazNYTzlxNUJud0k4SkFlK2FCd1E9","ID":"1","with_account_biography":"true"}', 1471871555),
(608, 0, 9, 2, '{"token":"NTk5MDI1NTRmMGI3ZWY3OGQ0OGQxNDYzYmVmZTUzYzRmOTMxODY3Y2NhMTgyY2YwOTcxNzMzOTc2MDZjOTQ0Y2I2NGEyM2I2YTI2N2MzZTFhOWQzYmY3ZDA2ZTk0YmFhZjQ0MzVkYjdmYzY3NzNhNjkzYzliNWNhZDFmZWRlNDZ6TjdaSVA2WXI1bWpFU0YrOEd3TU1TMXFGYnFmVlFWSDJKSUhFbVRIMm5VaFR6NlUvay80dHZCVHdnaHphYitqWUFwY0Q1QUZWbElmUVliZFhYY1JxZFI4VlNUQ1Q0SEZmNzZkYUF1OG5KR0lyaFN3NndFdVlrc2RMSGt2N2YzamZEMXF0Wk1MeW94amNLTDA1alBEQTFKaVAxMFhGazZFRG5QaEN6SFVMeGc9","ID":"1","with_account_biography":"true"}', 1471871561),
(609, 0, 9, 2, '{"token":"NzNkOWFhNDk2ZDk1Yjk3N2NkNmU5YjY3ZTllMjhhZGQ5YmM4ZDMzZjFmYmZkYTE1ZTYxYjk0OTU2ZDdjNzEzZjAxMjk4YjIyMzZjM2NiNWY2N2NkMDI5NDM5NDczYmI1NDEzMWI1ZDQ3MDlmNjAzOTI1YmJjOWU2MWIxOWMzZmJMWTNpMXQwWUhQUXdxSmZmNGdXZUM4UHd5NzE1NkNFcXN6RFkvejN5VzFPRnlRYy9OWUlqRnc5emF5a21qSTZ6M2Vua3BSL2FYSnNNQ1ZPV2dQUUJESjRBTlc0djVWYm9xV3JqLzNBeHh6MDJpTkFqaHF1eWZGbHdoTTF2TldZQlBPbVRVZDRGZ1RsdlNrUm1za3lSZitNVFlqNEordzNnNTlsczloR1BqUkU9","ID":"1","with_account_biography":"true"}', 1471871570),
(610, 0, 9, 2, '{"token":"ODM3YjZjZTlmNWNlZTYxNWFmZmUyMGI0OGJmZmI0NmIzY2IxYTE4MDJhOTA5ZTg4ZjM3Y2MzYjI2NjA1YTk0MjEyNTNlNmUwOGE2YWJkMjk0ODgzZTRhNTQwOThjNTRjYTc0NDljZjJlMjAwNTEzZTc5M2NhMTJiOGJhM2IxYTI0L1dZcERWZmI2WUtmaFdKQmJvQXlISUV1Q3FhQmJSeW5LVWtPV1FEVlpXTlFVTGtiV0pNK3Yzb1I1MlF2YnhTZEg3UlZIdnZya0NBbEd2S25pc0p2Z1orbFpmb05GQmhPQ084UzRaTytCVFVrQm8rTnlqQnQ0SVZndzZPSmlSOHBEYkJ6MEJnalh4dkc5UURxUmZDOUx4Q09sYUx4MWtBSnU5R2ZmZXpXUkk9","ID":"1","with_account_biography":"true"}', 1471871579),
(611, 0, 9, 2, '{"token":"ZWFkYjkzYTQ3NjM4NjJkZDRmZDg1YTEzNTVhMDFhMWE4ZDgwNGM5Y2U4M2VlMzk1NDE2NzhkMDcxMTEyNmVmMGQ1YjUxOGYyOTU5MThmYjZjN2E5MzFlY2I3Y2ZkZTg0ZWYyNWY2ZjljYzI4NjUyYTk1ODU2MTNjZGZjZGNlYTFMU0ZWWVdITjNpdmlSK0JNQXVXQjFvc013TEJVRFFHVDJwODIwVlNJTG8rKzNFbUVsMUVOakppR1lQbzYvQmZYRmZoWlA0STdKKzVhNWM1bGNLVVdQMkVQVVR5T2VVdE8xKzNHdFpwRWs0eEhmaHA0WkYyckZIaENYcGczWncrWGJYWGZ0Y3JFMjAwZDNzWE1UcnhwaWlGVkFIdVMzMTBuOFZ6QUlMQ3ZwOGc9","ID":"1","with_account_biography":"true"}', 1471871627),
(612, 0, 9, 2, '{"token":"ZDk1OTIwZmNkN2MwMzBjM2FmOTVjYmViMWNjNjBmYWFhYWVlZDk0MjA1ODkzZjFmMjA4NzEzNGFhMGI0ZWYyYmFkMWI5MzRiOTZhMWMxNzQ1ODMwYTIzNTUzMTc1MmMwZTRmNjA0OGU4ODRjMmU5N2ZiODliZmNkOGRiYzYwNTVPZmpYa3pLVFZTSnJBMTlFcFYwbHlxUkY0OEdTTUhPYXhHUklQL0RjTC93TDN1dDI5NFJEMjl6NmZKZjlLM3pRY0N3TnNNd1JwZnBqd0xPUisrZ2lUU0lUdnJ2TU14SGUvZ1VzbTVnS29wcnNuRUplZXBzSlJoYTI3STRhbFVqVWZLa1JRMXY1K0lWMnhqUWZjbTN3THRPc0dRRUdxenc4dTZBdERWQnRuWVU9","ID":"1","with_account_biography":"true"}', 1471871712),
(613, 0, 9, 2, '{"token":"MTI3MmJhNzY4NTcxZWZlZjFiZDAyMjhjZDEzYjJhMGFkZDdiNWQ3ZDEzMDc3ZjhhNDFiN2RlZmQ2NTZjNjU5OGUzYzRjM2MzYjlkMzI3OWU0N2YzNDQwOGYxNTIyMmEyMzYzYjNlMzg2ZmU1N2VmZDIwYjUyOGVkNjcxNjUyZGJJV1RaZk9oUG1GemczT3M2L01lOWZmbTRPN3c5azRMa1hLN090WWc5bTluQmxxU1RoM2Y0c1JwNEN6ZlZ4M1VPVzcxampyMExqL2p2Qjk3NlZUNVZiSEJRaWRrUy84cW9rQkVDNm1pendBNjR2SXlrU2lvUnl0cTE3aUFYb2haV3hub1l4SHJ3K2Uyclp2ZHBKb2M3b0RJdHJOekQ1Zzh1dkM3TVJGL0twMkU9","ID":"1","with_account_biography":"true"}', 1471871785),
(614, 0, 9, 2, '{"token":"","ID":"1","with_account_biography":"true"}', 1471929322),
(615, 0, 9, 2, '{"token":"null","ID":"1","with_account_biography":"true"}', 1471929344);
INSERT INTO `action_log` (`ID`, `account_ID`, `api_controller_ID`, `access_number_ID`, `detail`, `datetime`) VALUES
(616, 0, 9, 2, '{"token":"OWMxY2ZiNmM3MDQ0MTVjYTUyMmMwOTg0YzczYzQ5NzYwNmU1YWRlZTE3ZWU3MmFhNDAyOTljOTVhNTM1OTZjMjg5MTc4NWI2ZmZhZTQyMjMzYjY3ZmI0MGQ4YzA1ZTZjMzNjMTBhOWEyOTVjNTAyZDllNWM2M2ZmMGZhOGI4MWFVMGg3SHd2U3NDVHRxbU1WdmY2Zmx1R1dWTURqaVNhdGJockhNcGFQRzNUOVJlenJXREhwRHpBN3Jab1FZczRWZlg1cDUwc1hoWTFPQVlsSXUwMWI3R01BVnVkL3huWmdjeVJWNFVlaDd2WFA0ak50NWl1amxpNFlWMGJiK0l6RE1jeTZ4cEIrV3FwQzJ3bVZkVFJoMmFoZHp5SEFNYm9ZNmdlY0Y3MXpjODQ9","ID":"1","with_account_biography":"true"}', 1471930878),
(617, 0, 9, 2, '{"token":"NTRlYWVlNGNiODVlOTQ0NTQ5MDhkMWY1ZmZmZWRkYTkzNzM2MDRmMWIyNDkyOGI1ZjQ4Y2FiOGZiZjM5ZjhjMjgxNzRmYjM3NmE4MWZkZGI0NjU5M2E1YjVlYjRkZjdhMTY2MmJlZmRiNDlkY2E0YWQ0ZmQzNTk3NWFlZmQ1ZTNYYkZQTjg1bFZseFUvQ3ZNSWZjemovelVkSDJVdWVrUXZha2g2QUYzTXVMSlA1U3laMDRvT05XWlRDWFdlU24wNGdnS2Jnb1A1R2h3U0pDcDJxaGlSanI3YWxETzFzWnhXTk9aVW1yL1ZGWWtqQUs2L05kNE1LY1UwY0l6elNHdGhubEpjQUMwcTkrQUNiL21VTDdkMkJsYTUvb2szUGxIM0VmNlZvNlY2bG89","ID":"1","with_account_biography":"true"}', 1471931189),
(618, 0, 9, 2, '{"token":"NDBjM2YwMGU3MWUxMDIwMTUwMjU5YzE2ZjU1N2M5YThhNzM2NzY4YjRkMjc1YjVhZTQyYzhjNzMzMDhkMDNlZDA4NzNhMjVmZDRkNTZkZDgzNjYzZGM1ODU5NjEzMmJkMmRkYjQzNTMyZWYwYTE1ZDgxNjE4YzE1ZjIzZTkxZmVCMDdCcXQ2MDhmMzhQdGVqWlIvY0hMc0ZRWWV4NWptd1l3R3pUTjZJcERMV2M2UzRDVFlrZVk1NXY4bXFCL1Q4QUYzVXNkRWNxZnBjMFR4UWpqaElheWlNbW5qVlpmTWs2NklGTlJXdXNaem9URkxnd2FQdmVZU1pwTDhNcENEOHlEWHlYSUxiRUtoZnpCdFJCZDg2dEdhNHA1TWR5cmpWQldCemZHQS9tRDQ9","ID":"1","with_account_biography":"true"}', 1471931207),
(619, 0, 9, 2, '{"token":"ZGFiZGY3OTY2ZjNjZjExOWMyN2M1MTE0OWU3YjA3YjQ5MzlmMTE2MjhiM2Q2MjdhYzAyMThjZDVkYWQ4OTQ5NzU1MDM0NDA4ZGU1NjVhZDY2ODAyZTViZmU3NWJlYjkzMjk5MTAzNDE0MzAxYWQ3YTllNGEyMjk4YjNmZWQ4YTdZaXpOM0gzS01FbzFsT0t0NVVTaVd1WUttb2R6bHphQVBQb2lyNVhLSG5taURTeVRQY1UvampzZG9LOURPYUFDZ1lBTWRaTDNpSU1xU1RkRm1UeVFPdFAxNU9wdWNlZXJOY1ZtUGRsWU1uM01ERkJHZkRVQ3V6cEFLSEJVbGs4aFBjbEY0TW1rQjdqK2Z6ZnFZaWZoU0dNV1VuY1dXWUprSE9rVlBnbTFQSkU9","ID":"1","with_account_biography":"true"}', 1471931242),
(620, 0, 9, 2, '{"token":"ZmVhNjE0NDg4YmFmMDQ3OTA5ZmE4OGMzZGE4Y2FiMTY0MTI1MjQ1OTc1MWZhYjhmNzU1YTA3ZGNmMGZlMjlmMWE1ZGIyNDRjOGFjYTk4ODg2NjMxYTM4M2M5ZDU0ZWQ5ZDdkNzBlNjc0ZjJiM2E2YzUyNzYyMTA5N2RkNWJjNjJpdDBZa0xYR3EyTWVxQVVwbDNtRmp6OUk5TmJPTU1rRXFvOHI1TGFIV1NyMnM1VlVYMFhXcXRoTkJZSmloV1dKSkdCdXI4TUp3ck05NkJoMitQN3ppY1pJY1k2N3pSWTZ1UVJibFRKQnljVDBId1NEOHBqSWg1RnpOeTFCVnZZS3piMXVjTzBQUVdCb1MvV0o3eUdScFpCdUF2NFpWdXFsenJTMjUvN1Z0YWc9","ID":"1","with_account_biography":"true"}', 1471931260),
(621, 0, 9, 2, '{"token":"N2MyNTYxZGEzYmUwODgwYjUyMjIzNjU2Mjg0OGRhYmJmZjg2NGJjYTYyYzRlMzhiODA2NTcwZGFmYTkwMjUzNDNkODkwM2VjZTM5NjNkOWRlZjBmMTM4ZDhiMWUzZDQyZDg5MmQ0OTExNjNjODgxNTMxYWNkY2I1OTc3MWI5ODEzaG5aaVRPZVhLemMzRU9DVVE1M3Zld3JKVzcxeFY0eFNVZllJQnRFY0lrYzJzRHgvWVJucnh3Vmw5cThUS1ROSTJNU0lrdHAybWk1VlNqdnNSMDJGU3RBbnRQTXkwNm9nSDRqdytMOEJMK2wxWE05M1VsbkUzZ1BicTJjcWFWWFowV21tU01lM0hIekoxSk9zZGd2eWI4a0lIREkvTU9rSHFMZHYyaEtQRmM9","ID":"1","with_account_biography":"true"}', 1471931280),
(622, 0, 9, 2, '{"token":"ZmEyMjljMmE4NzYwYjZlNzg0NmVmYTY2NDlmODlkNTUxOGYwNWEzOGEyMzc4MDI3Y2RhMDNiM2U4YmYzZDdlNzUxZjk1ODIxNzg4MmYxM2I5YzYyODlmMzIzY2I5ZDY4MjFlNzdkMzBhNzYwNWYwN2NlMTdmOTdhNzQwMDM1YjhzaFdtY0ZpTEZFQVBKZFFYWi8zWmNNMVZzTjJDS0RVM0llY2NCZlhsYUhuQkxIUVhzT1hsdDRaZHA5NzZ5b3UrTWNsN0E1MGRLNkVsaFR4SVVVdiswNmpLUjBKRWpyVXphRGtGTkUvZ0N2QUxzWmRaUXhOYkE5b2E0MlNhRHIwZHdhd1hVcmdHRUorTzdCRjNLV1JmU200UitjdCtsTU4xaDRzSGxTU1k0alE9","ID":"1","with_account_biography":"true"}', 1471931323),
(623, 0, 9, 2, '{"token":"MmI2NDFmZjZmMmUzMjM2MjY4OWQxNWY1YjZmYmYwNDM1ZmYzYzZkMTExMDEyMDlhYTM2OWZkYTY0ZDUyOWI4YjcyZWMyOGE2M2E1ZjQwNjU3OTBlMWVjZGExN2RkZTNlMmE2Nzk1NTZiNzMyZTQyODkwMDI3NjE4OTI2OTlmZjVzNDlqSDhGcmx1VGFUZkNVa3JRVno4bG1JejZFblpiZ2k4bnJMNFhROGNxZk53U0pVVEVsWnc3RXZMMTQ1RGozV0FWVTFJekNmSFZCcC83WWc0RTQ1SkxaMnRHNkUrNHVJMzliWmpCTUNZY3RtZ29nLzMzQXQ5YVRMOVJSd0xoQ3hPZjFrZGRQSzJ6aXBsaDJTZG93Z2w0WXlQVjNrQWYrNmFSNXpVQ0dDTlE9","ID":"1","with_account_biography":"true"}', 1471931342),
(624, 0, 9, 2, '{"token":"NDM0Njk1NDY0ZGM5NmIyMGJjNzgxNzg2MzRhZjMzMzVhMjNjOWM2NzE1ZmZkZDM5NzU2MTg4ODk4ZDM2NTE3NjAxNTdkOGViMWYzYzcyM2RhNTEyYWNlMjljOGE4MWM1M2VhZDMyYmY3ZWZmYzE5YzU1YTZlOWI2ZDYwMGE2OWR2VE42bDFMMjM0RERHTG5RZ1RaZ2xSaTY1T3REMzBLWElpcmhYWWdYN3phR0NsdTJaakhMQVVJQnNxU3NHc1R0K3k2eFBtcGtWSVROSDBsQkhLTmtIN0MxLzdWcS9CdWkyOEpXR1lscmJpYlhpNG9rUmdISExiRm81SS9qeHhKdVh2S0pGNHh2bUcvL3Q3YjhlL1BvY214bmxTd2ZUdXhiMHJ6R0g4NEZOUjA9","ID":"1","with_account_biography":"true"}', 1471931382),
(625, 0, 9, 2, '{"token":"OTJjNzU0OWZkOTEzODdjMmM4NTU1Yzc4ZjI0YzM0MDFlMjFiY2E1ZmQwMWU1NTI2MmU2MjZjOWM3MmM4NWRiMmRmZTkzM2JmYjc0NGZmNzI1Njk1ZjFmNDQyOGU0YWI3YWRiYzYwNWJkN2FmYjhlOWVjZTFkODA4ZWU3NTE2MDRLQUNab0lzSUJQalJzQXppT0FkT3djMlFkU1VIMmpGNUpobWlwL3NrV3dIM09rUVFHdEdhdXIyekFid202N1JMUjdDVXZuUWFLUHBvVjNXVTRWb1hLNk52M3pUREEzMEU1MVd3dkg4c2QzL0ZDTTJPWCtGRTRHRlVsWFJPOFcyT01zNDczdUJhbWpOZ1Z2b2RsUWNtZlZrN21hblpNYjg2UE5CU2s1ZzZXaUE9","ID":"1","with_account_biography":"true"}', 1471943567),
(626, 0, 9, 2, '{"token":"N2Q5ZWU4MWNlZTg4ODZhZWU5NmYwNTUwMTlmZmYxZDFhNjU5ZjJlMWZlZDRhODAyN2NiMmQ4ZmRjODRkMWUyYjYzYjc5NjA0OWNmMTdkMGMzMTg4YmMzY2YyY2IzMGE4ODk2OGIxMzBkODlhYWRkMjFhMjkwNDVmOTYzNGJhNWVXN0hJRjhaekc1UllMVlhNYytOb0dialpaMVFHZk5PNW90KzdacDRUb1BEbHk2eWR5bVFKRDRXSVV3bmNCUFpzejRTdlA3M1owY0VzdmFjZGZxL0lPMUYzQmlnckxEbXFSMjFDc3dvZ3lFVmEyM2t3K0UveG1jSW8wdnFzYnBEU0N3cTNQSXd1MlZOL3Q5QXFHeUZNcEowZEZoZ3htY3JoM2szWG5lbGFUZ1U9","ID":"1","with_account_biography":"true"}', 1471943677),
(627, 0, 9, 2, '{"token":"ZjM2YzZhYzQ5NjQ1ZGNhYmVkYTIxNDBmNzFiYzcyYzJlZGQwYjM1MGIwYmU4N2RjOTIzMDI4ZjllMzgxMzk1NjJkMTBhYTNjOWEzNzQ2MDBhY2ZmMGFmZDBlNjIyNzY1OGQyMDU2ODFhN2I1YmE4YWZkZmIxZmI0MjgzOTc2NzVWd3Jwa1hhSmhBejk2MkpXMkRUOSs0ZGlUYVhsUGNRb0pHSnYvcUxIK0pzSzkxN2lGWUtrNTdQdU1yRkZGMlZidllCYUo5NEgzYkdoR0VLR0d0bmgrci95aUtTK3QydHdUTnpjenlwMlJpUEFsbldXV1hWVmY4MFF3d1dQanhPNnJWMmh6WWRwNVQ0OEc4RzJ3QjFZSVlqSmxTSS9tUVBmdmxlemVsTnN4bFU9","ID":"1","with_account_biography":"true"}', 1471943719),
(628, 0, 9, 2, '{"token":"NDU1MmYxZDBhOGY0MGU2ZDM3NjA5NjE2NGE2MDIyZDhiYWJjMjNiY2JkMjgwOWQ1NzA2MjU1NTExYTdkOTA1ODgzOTYwZTg0OWVlODdjMDg2NjIyMTEzNmI3NjgyMGI2YzE3ZDgwYmIzM2Q5MjVlNjM2ZjIzNWU2NDVmNGQxMTR2RW9peHN1a01KM0p5R0FsTldqR1RiVlVGelFmUnBwUzBKSnU1NjZKcEhVbUJkcTgwUVh3U0hud3NrcGcza3JJMFBZZjBmQ0RvbFpnTFRWSXZ1MFdSZHpERTdtMzhkODhMbUtGWTlQWnd0dkt1TWxPaDh0MEs2aGFaOHllcnoyWitYT0wrVWIzTFBrQWx5K3JjU0VvVXZiVldkc3Y2ODIzU05ncE5oQ3l3RDA9","ID":"1","with_account_biography":"true"}', 1471943723),
(629, 0, 9, 2, '{"token":"NGE2ZGQwNTBmNzcwOTUxMmU2NTY0Y2NhNzYwNjY4OTFiNGMzZDk2MWQwM2NjMTIzODdkN2EwZmE2ZDc3Mjg3Mzc3ZWIzOWRjOWI2MjYxMzBlYmE3ODYzZjU5NWYxNTk4ZmJlYWFhMjBlMjUxOWMxY2YxYzUxZWI1YjE4ZDFmNWFjeTJFbFErRFNKdGZoRGZYRlpVQkRQRWZKRjJMazZWb1F0RzloeGlSN2tSMkxwU3NZMEZTODJYczVIb1NPRHppbWJ4aVp1L1paTDUrRSs3MFIwYXFxeHVyVGZHbm5Wcm8rN1ZxWEgrYkt2U1B2cnl6RElKd3ZhWFdwelZGMEE2RWY5V3AydDZxbUNJZ3N6a1JPRXZCTEV5aGlNZU9qc2VzUFo2YVY5RkRWYkE9","ID":"1","with_account_biography":"true"}', 1471943738),
(630, 0, 9, 2, '{"token":"MmQ4ZmYyOTViYmU0Njc3Nzc4YjFkOTdhN2RiYzM2OWZkOWQ5MDdmMGM3ZTMwYTUyZWFmOTBhNTVmM2U5ZjQxYzdlZDY4M2UzOGQ2OTRiNjBiY2Y2OGFjZjdmNDVlMzU0M2I5NjNiN2FiNjAxY2ZmNDZlOTFlNmMzOWM1MzBkYzhJTHBodEdPT0xVNVNXeTc2WVBaQXNzTlo2Smh3NHJwdDN6dWhOTGY0VnozRHlQbWM4bWk1MUl4a0l1eFBLSTU4d2NJTTBTeitjYkR3QXZyYmFmTnhYMkZybC9RakNQaS9hbW1nNDZWZEpja2lIbmZTMFJRbm00TDRBZHJRNzhnVEQvbFMxdURoVGNPQ0FQZ3BzOGlWNVU2MG40VGpPOEk0WklOamFRd1ZrV2c9","ID":"1","with_account_biography":"true"}', 1471944005),
(631, 0, 9, 2, '{"token":"MTJkMzdkYjUzYmYyMjc3MTkwMWUxMjE3ZTIyYTVhMzI1MTJhYTllNjU2Y2M5OGRiMTI4OGI0MTkzNTM2MzM4ZWZlNzFjMDJkODBhZmJlNTA5MWU1MTgxYTZmZjQxMmRlZmI0NDNiYmFjY2I0YzdmYWQ4ZGYxY2YxOGQwZWI4NDYxRlNvYWthS0JBeG9UcXluSzNTbGNVd2oxSkJib2VYQzJpdjZpei9kWFdkZUNGS2U2ZkF3VEduMkoyY09zOU1lMmRiRmh3Wk9yMnA1TUtSdTRMUEhCV0VUYnl0Uk1GejdUVHdKVjVSZ1c3bWlxTmU1b1cvS0FWNVh3RVlWaDdHYys0SXhUOVAzYkxBMC9peFdHdWd1SlZSa0h3VlY0b2FrU1REellnMXQ3OWM9","ID":"1","with_account_biography":"true"}', 1471944021),
(632, 0, 9, 2, '{"result_limit":"5"}', 1471944735),
(633, 0, 1, 2, '{"result_limit":"5"}', 1471944736),
(634, 0, 9, 2, '{"token":"null","ID":"1","with_account_biography":"true"}', 1471944743),
(635, 0, 9, 2, '{"token":"OGI2ZGFlNWU0ZGFmODE1NjA0OTAzOGM4MjhhMWQ0MDk4NWQ1ZDkwY2RjMzJiOWIxMmQ3ZDlkYWU1ZGFiYmY4OTY4MjgzMmVjZjJiYzk0ODlkZThlZmZhMGE2NjZiNzMwMTU5MTU0OTlmZTA0NTFlMWRlZjExNzUzMTk3OTE1MjFCR2t1QS9OZkxORWRUeXMrUkZUZ2J0YVMrUVpCV0piWTV2WW9yWWVzcDZMaVNsenl1ZXN5dXZvYXFQNElHZ0ZoS291alFYeUp2cnlaWXRMR1dmUTRqckF3ZjF3aUdhdElFNC9MK0MyWGROeHVIZXB6eUMwVnZLV3hBNVozQ20xYnhHZHYzVWk5R3M1ZmEvckpBbDlhOGhIdWtjVXdGWnBaaThSbHFicDZVam89","ID":"1","with_account_biography":"true"}', 1471944819),
(636, 0, 9, 2, '{"token":"ZGEzMmIwOGNhNDA2YzFmNmEwYmE2MzkyNTBlN2Y5OGQ5ZThkZDQ4OGU2YjNjMTY5OWIyZWUzNjhhZDA0YTVhY2QzNGYzZmQwYjk4OGJiN2MxYjcwZDg2YzcwZTEwOWU3ZDEwNDVlZTg5ODExMzEzMTc5ZTcxMWRhMmQ4MTI3NDQ1SEhvbVVQZFdkYWVyOE9oQW1GVjUza1BTYUVyMS9lRlVCank2VmMxbUQ5ZFdmeXEyZXVLT3dneDlDdmRuQXgrNUxGcHZqZnM2SzcwcldoZEFNbWIxWGtKQUlhNDh1OC9qTGlSeW1ZWm5jZ0k4SDNFYjkyS0JIK0cxK2Uwc3FUV0xhZDA1UUUrN0l2Y0RyT2I5cmo5OVhHdUhhcU1FQ2VxYW9yZEhyVEU2Q1E9","ID":"1","with_account_biography":"true"}', 1471944866),
(637, 0, 9, 2, '{"token":"MzU5ODVjODAxYWMzYjEzZDllZmY0MGExOTcyNjE4MjQzYmJkMWE2M2RkNThiNzRjZDYxNzM3ZDM3ZmRjZThhZDgwYzQzMzZlMjc2ZThlZWI1NDcyNjE5YWUxMzA2OGYxNDhlOTc3NWNkZGY5MGQ5YTc2YmE3NWNkMjZjNjUyMDNNcVVnZTBoYUUyS0YwcGU5SllXNHU4RVFieXdHWkV2c3NobkJEWitNeWVqNGFMaUNyd3RwUGpLNmRnVkVad1FNZ3NicTQ3NGtqR1JIQUdlVE5aUFpjTGFkNHBOa1RZbmUyRHM1aVhUeXdkOERxNDZyZXVubHJiWGdiRUFLbVVJS3czamQrdUJnYkova2VsYVAwZHk2QUhDKzBXQ0NCMlVGc0pmaUpNN2x0a3M9","ID":"1","with_account_biography":"true"}', 1471944886),
(638, 0, 9, 2, '{"token":"null","ID":"1","with_account_biography":"true"}', 1471944981),
(639, 0, 9, 2, '{"token":"null","ID":"1","with_account_biography":"true"}', 1471944984),
(640, 0, 9, 2, '{"token":"null","ID":"1","with_account_biography":"true"}', 1471944985),
(641, 0, 9, 2, '{"token":"null","ID":"1","with_account_biography":"true"}', 1471944985),
(642, 0, 9, 2, '{"token":"null","ID":"1","with_account_biography":"true"}', 1471944986),
(643, 0, 9, 2, '{"token":"NTMzMTJkOTAwNzVhYzBlMGQ5NGUzMjI3MWZiMDRhMWI4ZTQ0NGFmMWRkMTQ5YjY3ZjMzNGFkZTNhOGI0NjRiZjc2NTg4OTlhYTY2M2VkZjM1YTJlZTVmMGNiYzQxMzNhYTZmOTZkYWE5OWYyMjRiYzQ3ZDEwMDczMzNjZjI0N2V6ckZ3NWtIVWJKSFU5K3BoeG0yalQvbXVNREtpVXorZ2ZqZDgrU1Z6dURDTlQ5R3ZmSmhtc3lsYit3R1JVT0JndGN1NHZQR0xZYy9IV0xraWJJRFhza0k1Uk9SKy9ac2U5YUZXV1UyTU5VamkvZDlKK2VMTDFHZ0ZhOXQ4N0c4akxZNFRuVWI1UDNaeFRIc056cDY1S3FmTlBZSEEwdklycnpqaFBPUll4NGM9","ID":"1","with_account_biography":"true"}', 1471945005),
(644, 0, 9, 2, '{"token":"NTMzMTJkOTAwNzVhYzBlMGQ5NGUzMjI3MWZiMDRhMWI4ZTQ0NGFmMWRkMTQ5YjY3ZjMzNGFkZTNhOGI0NjRiZjc2NTg4OTlhYTY2M2VkZjM1YTJlZTVmMGNiYzQxMzNhYTZmOTZkYWE5OWYyMjRiYzQ3ZDEwMDczMzNjZjI0N2V6ckZ3NWtIVWJKSFU5K3BoeG0yalQvbXVNREtpVXorZ2ZqZDgrU1Z6dURDTlQ5R3ZmSmhtc3lsYit3R1JVT0JndGN1NHZQR0xZYy9IV0xraWJJRFhza0k1Uk9SKy9ac2U5YUZXV1UyTU5VamkvZDlKK2VMTDFHZ0ZhOXQ4N0c4akxZNFRuVWI1UDNaeFRIc056cDY1S3FmTlBZSEEwdklycnpqaFBPUll4NGM9","ID":"1","with_account_biography":"true"}', 1471945008),
(645, 0, 9, 2, '{"token":"NTMzMTJkOTAwNzVhYzBlMGQ5NGUzMjI3MWZiMDRhMWI4ZTQ0NGFmMWRkMTQ5YjY3ZjMzNGFkZTNhOGI0NjRiZjc2NTg4OTlhYTY2M2VkZjM1YTJlZTVmMGNiYzQxMzNhYTZmOTZkYWE5OWYyMjRiYzQ3ZDEwMDczMzNjZjI0N2V6ckZ3NWtIVWJKSFU5K3BoeG0yalQvbXVNREtpVXorZ2ZqZDgrU1Z6dURDTlQ5R3ZmSmhtc3lsYit3R1JVT0JndGN1NHZQR0xZYy9IV0xraWJJRFhza0k1Uk9SKy9ac2U5YUZXV1UyTU5VamkvZDlKK2VMTDFHZ0ZhOXQ4N0c4akxZNFRuVWI1UDNaeFRIc056cDY1S3FmTlBZSEEwdklycnpqaFBPUll4NGM9","ID":"1","with_account_biography":"true"}', 1471945008),
(646, 0, 9, 2, '{"token":"N2Q3MWZiNDg2NmY2YTUxYmI4YmIyNjBiOGFiNDJlMDI4ZGJjZWZhOTFmZjk2N2YxN2MwNTZmZDQwZjQ4NDFmZDExNWQ1MDY0ZjAyNDIzYmFlZTMyMjI0ZGQ2NzFiZGNhODUyNDllYmEwNTRlM2RmOGJlMGE1YTJkMzQ0MWRjNDcySmM0UUxmR0NnNm1JNFNITXhKZER2Z21yeEdWR2l4MGVSbThTbDlFUU5KU3Mrd3BxcnMwQVhzbVJTLzBzdFB3NlZzNnByb2ovK2RiYTNJQjRtT0oyTE9zczlMdWlzTkV3MlhLWUt0TVhkc3FtOHhPVmZzZzRZeUZNMUpUM1ZycFRLS1k0amEydFh1Q1Npd2lpbFk1VHJxWWM1bFFBRlF5L2VxbFJEMVB3eHM9","ID":"1","with_account_biography":"true"}', 1471945017),
(647, 0, 9, 2, '{"token":"MTY1ZjhiNTc3ZjE5NjU1OTVlYzc2MmI2ZDI2N2IyMjVjNjg1MWMxMjcwMTU3YjIyMmExMzkzZTE0YzYxNThmYWY1M2RlOWIwYzFhNGZkYmM0ZjgxN2YyM2ViZWRjZWFkYWZjMmIyN2VmMTQ2OGQ3Yjk5MjQ5OWNjYjcwYWIzZjZ0b1RTd3pjYkszaXlxNUs0bUdjQVBFbG93WFhsR3l0LzJ4OFhmeXE2WU5JVkdYanpNVTYzMWdJUFRxTllTd1RvT2N0VVdEcktYYWVpU0tWeE9JNXNSVDVQYlJrZGlhNzZCd3VDaDhPRXZ5T1lHOVppRmExSjF5WHVwVm9kcVc1ZmZNV3ZmUnB1Y3A3RDJFUVgyRk9wOTZUTUtONmFKRkJTSW0zS2hBQmN6c0U9","ID":"1","with_account_biography":"true"}', 1471945031),
(648, 0, 9, 2, '{"token":"MjdkNjMxMjY5ODkxNzdmNzJkMjU1YzhlZDA0YTU2ZTkzMTY4YzU3NTJiOTkyYzRiZjAzMGJjY2MyZjYwMGVlNTE1Yzk4Y2Q5Yjk1ZDhkOTNjNzQyNDhkZDA2ZTYxM2EyNGZlODA0NDIxZDRhZmJiYjdmYTI4ODUxNDhlODYxYWJLTHQzdW5mbVp5TzljdnZJSTFNL1FWc0VhMStudnNyR1ZyODYwZ09mYjZ5a001VEcwUXcxS0ZIQ3BGOTdJcWRwQ1QyeXoxTXdFZG1rTk1IbFFuT2RpRTZLemxMaHpUQ0Q1Y1ZHb01RdFZnY3VWNzFFQ2JOK0pMYmp0T2FXWHpzbkpNZlp5OGpFVmlaMnlDaEpabW80NGc1WHd1L0o2VVJIVWdkWEpLV0VodEk9","ID":"1","with_account_biography":"true"}', 1471945058),
(649, 0, 9, 2, '{"token":"OGY1MjM4ZDRlNWU5OGI4MmNkZjhhMmEwM2YyZDcwNDg0MWU0ZWZkMDQ1NzRkZWM3NjZmNzdjNGQ5ZDZkYTQ1MmQyMmJmOGIwNjFmZjgyNmZjYmNkYmU5NjNkYjJiY2ExNzYzN2NiODViMmE2ZmQyOWFhZjViZTA3ZmZkMTcyM2Q3QmQzSm9iQjFSN2JicXVsZXZMbHFXYTBaRGpzT0l0QWo3TU1JUjYvUHFPYmp4cUhUbFFTQTlYZVRFUFNybExvWGlYaVJqdno3NUxBMVF5d3I1elI3OFl3OU1sVi8zMEZ0cFZKQU85cjlFdkZLekJENWkwY3VSUzJhWDJVbzZydTFLc0hVVlI5RlJQMGhDTnBmTTUvNkV2V1FyMlpkd29oazhZSGpDTkNRVlU9","ID":"1","with_account_biography":"true"}', 1471945082),
(650, 0, 9, 2, '{"token":"NzhmMGMwMzM2NzhlZmRkNWYzNTFkOGYyMTEyNzk0YzliODU2ODRlZTBkNTAzZDczODJlMDBhZGRhODhiMGZkMzhlZTFmMGI3NGNlY2MxNmM0OGQ5Mzk2NjgwOTg4OTNiYzAzMTdjOTYwM2IzY2M3ZWJiYWQ2NmE2ZTQ5NWI4Mjc5bE5tQ25DQ0Nod1dLQXhRQkpzVlYvUTV6SisyQXlSZ1QrNjJCaUx6YXUwcmdwNVNKaVA3UUNCcDhyN09KeEJ3aVJ3OEMwQW1RTXIydU5PTG81V2JiYlZkRytkenM1ODNkSFB5SGN4L05IUDFpQnVPMGZyNEVhUERWV0JwQ3J2YlpseFRraDA1a0FleUlrZzNXbzFWejAzM3pPRWxJeWxQb0xXOW5ySDkrMTg9","ID":"1","with_account_biography":"true"}', 1471945141),
(651, 0, 9, 2, '{"token":"YWY1YmUyNjFjM2RmZTBhMzY5NTU1ZjE5NTdjMTRkMmVjYmYzZjkwNGIzODM0NmUwMGY2ZTExM2MwZWRmMWJlMWRlODM0YjM0YjhhYzViZGJkZjkyNjFmMmZlZGM2NDZiYmZhYzIzNTRjNzVmMTNhNzQ4NjM5OWQwY2EyNWRhOGNVUGFQQ0drVkE4WFJaRWd2UlRWNE1TTG1BVStmSGh5RTVWbTVEQ0xSTEhJaFM3WUxVamZEbS95cXU2YThjOENKSlVBQk1oNFpCTEZrN3U3dGZoMFVnYkpIRFpaSVNRblZLRlBVRms5ZmI0WlhwUlphUXpzYk9lWnd5cWVaMlMwbUhTL3NWa2NBbVErWWJJMHhxa3JtWmdKMlFoM0w0ZHRhTEFxaUNKRXJyZXc9","ID":"1","with_account_biography":"true"}', 1471945153),
(652, 0, 9, 2, '{"token":"MjFiNGZjMWNkYWFiOWNmY2Y5ZWE3MTI4ZTg1OWY0ZWIyODllNTBlNjJhOTdlMmNlNDQzOGY4Mzg4MDQ4YzA2YTQwODlhNDQ2MDFmOGYzMmI3NWM5OTAyZTVkYTg5NTVhN2M1MmMyNjYyNThiNjgxNjgzYzJiZDdkYjVhYTA0NjJiN0FJdEpDUXpqNjIzUyt3L1YxUytpWFJ1d0Z2aWNnaVMyT2F4YjlEOUV5cStVQy9GeVZMaEZ1MW9iVHhJc2kzcUszN0N3MSswZ0ZobjZzeUpOSFc1WHZHbi9sblI0NkNCMHYrTEk4NDhyTFpLWWFFNmV1THZkL1NsenlIaDQ2MGVmTTZ1RkpEd3FCR2xnZy9PY1BmYnNRQU84OEFzL3BUTVhxalljZkJGaGM9","ID":"1","with_account_biography":"true"}', 1471945160),
(653, 0, 9, 2, '{"token":"MDc5NDUzYmVhODJhNzY1NTI2ZDRkYzlhM2M3NjFlZWMxOWQ0ZTBmYzAwODM4MThmYzQ3ODg2YzRkZWFmNzkyNzJiZTI3MjY3NzIxMTQyZmVmYWQxNGM5Yzg2ODM5ZDVhYzI3NDk5NWU3ODg1ZmUxNzE1YzIzNTZkMmNmZGZkZDNla1BlYnhzZDVmR055TWN2aDJvQUVsSUp1MXFxTUZiZUdNY3d0WGRtQUlyZDB4N3phdkNKRERzK0NWdnVoamErbnhMQzlTMSswblhNOUpJcFVzSlZsSHQ4YnZyNkU2RWZ5QWlLWkYvbEYvRXFjWkUwZ0ZzaFJzYTJHTEhaejJCZG53SnRiL2FYZEQvOTBWSG1rNkkxMmlzQ290ZTFuaU1jRUV4YytWc08rVE09","ID":"1","with_account_biography":"true"}', 1471945227),
(654, 0, 9, 2, '{"token":"ZGY2ZjA1MDg0Njc3OGFiOGUwMTgyZGY1NzQ3ZjVkZTYxZTY2ZjI3NmI4N2MwMjI0N2MwMzUzYmIzNTdhMTAyMjNhMzU1NzM0MzllMzk2ZTU2NTMzODgyZmFmODk4NWYzZThlOTY2YTZlZDQ5OGIyZjNmYzEzOGZkYzVlYjRmNjRPcXhOeWcreE1VdmR6Zm53UjVRbVZDYm9xQm1FOXdaYllKcVlFMnQxMEYzQ0hMS01TTWtlYjErbm9NZFhxRnV0TE9wR2NiNXp6TytTRjdkbHdJbFpVOEZwdFlaTTJ2UzhsT05wR013eElBMURQYk5mK0pNbWFkV2xyWVNObk9EL2dtVE9CVHI0Vk9nU2crdXJCcFluNHdVSExvZkc4S1Vsam1ZRE9nSVNxS3c9","ID":"1","with_account_biography":"true"}', 1471945244),
(655, 0, 9, 2, '{"token":"ZDBjYjY3NzEzOGNhMGFmOWNmNzE0NWJhNDU5NTQyMTliNWU3ZGQzNjE2ZThkY2UxZjRhNTQ2MmU5MWY5NjJiZGE2ZmVhZTE1MGU0YWRiODMwNDEzMDcyYmNlYWM3YjExZDljOGM3OWFlZmUwNGZiNWI2NmUxZDlkZTZiYWMzMmJtbVBKRDljcFhRZEIxd0FiTTZmak5vOHZRYWptZFZoczJEUnZXVllBTjB2cjBGV2FYMXR0dHREeExBKzFlV2FWQzhPdWViUms4Y3NhMnRRM005M085dHlZQzVud2tMZm1XVis3cWpEa0E3TFNGeWw1czFyWmFEZjRGaktEczljRWlIMG1ka1FqZ2h3MG1kTmZTRnZCVk1KWHpPUnJBaG5hUTY5eXNodkh4Vnc9","ID":"1","with_account_biography":"true"}', 1471945264),
(656, 0, 9, 2, '{"token":"Y2VhMmQ4YjQ3YWNiNzg1NzYzZjdkMDZkNWZlNzExNjMyNzFlN2RjZjE2NTY3NDEyMzc2ZmJjNWRkNDE4ZDY0MTFlOTA0ZDE3ZDhiZGUzNTE3Mzk0NTY4ZTE0NDI2NjRlYjZhN2MzMjM0MWVhNzZkYjBiN2E2NDMwYTI4Yjk1MGRuSGExZkRGd3IxZ1hhejhOTy96S2JPc3RYUlprRTVTcEtEY0ZTS0U3ak4zUjlxWnk2aXlOTVJDTjV3Vmg1ZzlZUXE4c1QySWdqa0hmRmNEZzNJNXpvMW9HZTZSamdvWnhNcGJ5alBoQVFkWVA5WS9jUXl2TkFIUGpFUHRVdW1GTnpzMWFmeUVCZXlmNit3ZkdTQkVadnpoSldSZFFNZFJuWlM5VGJ1TVNpa2s9","ID":"1","with_account_biography":"true"}', 1471945280),
(657, 0, 9, 2, '{"token":"ZmM5MTg2YTM1MDkwYmEzMDliNTNkYmQzYmNiNjFjNDNiZWVkOWNmMmVjNDk4NTAzNmIyODE2MmM2MTNmNzhlYjI2YTZhMzQ3ZmI2YmNlOTc1MTM1YTdiMWNhMjJiMGZhN2FjYWJjNGY1ZTNmNDg4MWU5NWVlM2U1ZGIzMDE4NjZwa3ArM05vUWdKdWRxS0pXUE9kRWx3NmdKaVZLK2JWZTVyOHpINDQzN2tLVEF3Z2RVeUJmVGNaUFNQbWU5bUpIVFpiV3lreDFYTGhxN214S2c0eTFOeGVDMXM3NG5FTkdtU0doWnF2WU0vOTczUnVjSTVwYmVTa2xyYW52eU43K3R6YnZEWUlpNHFaNTJMWTUrQ3NrVE81V3Yzd2Y0eFlydTliOEJMT1RFMXc9","ID":"1","with_account_biography":"true"}', 1471945315),
(658, 0, 9, 2, '{"token":"Njc0NTAxNzQzZTAxZmI3NjgxYTE2ODc5MjhjYzFmODAzMTNhZmFiMzVkZTA3Mzk4ZWY0N2Q1NDI3ZWZmOWQ5OTRiNzdmNTFjZTk1NTQ0ZTNlMWFhZmM0ZmI5ZTkzNTY3MWM5NzUwNGRkMmQ0NzJmYjU4Njk2MzFiMTNkNTg2YTZBQmZEUjhrZldNNm93TDdmNkYyMEtEOUpaMXpJbEQwbndqb3R0bEFkUktkejBJdTBYNnpZTnV1TUhSR2ZOVWFhNzAwODZCbzBmUk9kdzc5azNOSUhyc25BdzYrOHMyeGpsVVA2ZU5LMnd6Z0Jvamg2a2JxNzEydGRSbmNMZjlHZWV5dDZRVnkxdGhDS3ZoeFJnVWEzMytHbURlWHlYR2N0K0lsZEhqbitwNTQ9","ID":"1","with_account_biography":"true"}', 1471945360),
(659, 0, 9, 2, '{"token":"NWYwNmI1M2RjNWYxZTBiYWViODQ0M2I3YzdkODIzMGRhYzdkODBmZDZmYmNlZjgzNDhjMDk3ZTk3ZGVhZmE0NGM4OWYyMDZiMTNjYmZhNjM3MTBjMzQ2YmYzYjAxZDkwYmZhNzVhMzNmMjg5OWE1NzYxY2RiNjdkNGQ3YjA4NmIvUndwUnQ2OHJEWUpWRUFUelVaTHNWQi9PYk9ITytWYW94WTlabTBBS3cyd0I5WnRLZ0lKSFpVdmRGQVR3ellJeHJMTXpONlUzbENkTHFCUzkzQ3NxWE9JcGRTU2FoZEx3Y1g1NnZBaHAvTkdlN0IyWDJmMXkvMlE0S0ViZk1mdG4zQmhJZUp4R29ZaUVPNUJUelNhMFZmdGlSSTZBbmVwd1hzdjNhR2NwL289","ID":"1","with_account_biography":"true"}', 1471945371),
(660, 0, 9, 2, '{"token":"MjZjYTQzMzY2MTkxZjEyYTlhYWI1YzY5YzUxYTQ3ZWQ3YWFkNDc5YTQxYzliNzFjODI2MjJiZDJiZmQ4MDA5ZWJlNWEyMDhkMGJkMmU3NTQzNmFjMWYxN2NmZmMxZjM0MDBmZmFlMGMwNjdhOGQxOGZiNmU0MDFlZWFmMDk3MjV0Vmp2Um9zTG1sSmFvVXB3N3ArMW9pdVd6eEZpaHFTREhDb3F0U0tzbHM5M0hSa1RSSUhINU5jcngrR05ncjJHNzBjTkw2Mit1SVVHZk44a25BSmRZU1pnSFp2b2NZek5ETHltemw4RXF2RTM2SHRlbjNUZThYZ1NPSXZwMWwyVUNicFF4SWZ5QnNwRnFNR3hndnM0WWo0MjNseDJ2Ym5NZUdSa0ZlNjNycVE9","ID":"1","with_account_biography":"true"}', 1471945384),
(661, 0, 9, 2, '{"token":"ODE0MWUxMDYwNzcxNmVjODk3ZjJlYmUwYzk3ZTkyZTgyYjRmMzhlNDc2MjBjYmIxMjYzYjE3MmMyZGU3NDE2NjIyNmU0MDEyOTdiYjhlZTk0MDY3ODNjYTk5MGJmZDQ4ZGYxMjJjYTM3MDFjMmI4MTE0Mzg5Y2VjMGU3Y2Q3ZDlDUkNncGwwdFNwL0hTRUNhVkNUZVh3ckFPeElEVDhtaU51d01JbXYrSlBzdVgzckdySWlnNy80VVl0OFUzMDZ5M1Fobytxa055VFIwaFgzMjJGdmZLTFlVSldwRTNxSXE5aXUzTWIvSnFrdFRZVGRYUVl6a1k0VmYxdlc2aUJYaDh3NDF1NVJBRElHYVlnTjNwN0ZsZVp6MzBFZXZHc3h4c2ExRlRkeDVZOEk9","ID":"1","with_account_biography":"true"}', 1471945422),
(662, 0, 9, 2, '{"token":"YzYyYTA4ZGNmNzc1YjE2YTI5ZWE1YzBhMTg2NjA0MmM5ZDFkNjE3NTY5YTM0ZmFiODk1ODUxMDM2OGE0NzQ4ODg2YTU4NWFjZTJmMjU0NzE5ZWE4MGYzNTVjZDYxNTUzMzY0OTNkZjM2ZGVkZGExMmFkZWFiYTBiZjUyYjE2MDZhSlBHVUFGN28zM2pZdWNKUENpeEc1Mi9sdW9zM25nQ21OVjhlbWpuYUJuTldUOWRtTkY2OFJVaVp2SHk1Zk5oMWRJZW95bjJOV01aSUNDRC9JU2ZkN05vbi8rRkdxbGRYdEdXWDVheVRkdWkvK1M1cFViQVI2OCtwakJMbHMwZ0F0cFhVVG83UVdSYU9TeWJ0WlR0a09mejNlL0RVYzFCZi9WcEgxWXBmbjA9","ID":"1","with_account_biography":"true"}', 1471945626),
(663, 0, 9, 2, '{"token":"MmVlMDJmZjk5MTYxZmNkZjgzNzhhZjhlZDM3NDViYWQwNjI1NjYxYWQ4YjAyNDdiMjdhYTdkZDZiMmQxOTY5ZWJlYmUyYzc3ZWFlMGRmMDRiMzNmNDE0NDI5MTJjZTVkNDk2ZWNhNWQ2OWQ4NjQzZTE0Y2UzYmE4YWQyMjlmMGFCeWhrckQ4RzJQZW8wcDRpL0srMVhTaVlzd1FBcFdZdU9ZSGJBTEhrc1dYanBIdGxsK1M2bWwrTzBKR2Uxc25FcTlaYWRZalVPdml3MlZCdGp5RUpaUzRRNkxwSUdJMnFkbSt5MWw4ZytvSUtPcWYzbEtXVzRBQVhJVnR1M1NtYXpYNnIwK2plQTR2MlNFY2RaNnVrd1Awd1M1T0pOVG1KTVBxa0tWdE1HSVE9","ID":"1","with_account_biography":"true"}', 1471945640),
(664, 0, 9, 2, '{"token":"YWM0NjQyZDBmYWFlNjQ2MDY3NjMzNGUwYjg2YTFlOTcwNmUwOWFjMGYxMWE0MWUzZTI0MzRiM2Y3ZDA3Y2ZkZTBkZDk3ZjVhNzk2NDY5ODVmYTA1MGQzODVmZGMxMzEyMTIzYzlhNDE4MjllMTBmOTM4MDYyM2Q5YTY5OGIwY2V5YzNHSmFNY3h4Vzdnc3J1WFpUV3c0TTRkL2dQSUVzYmFrT29vbEhsbE9DKzdtamU5WHhCbzlIQ09oLzJPMW1EeEFPZEFWMWpKV29UUEhIcTdFR0pLRU5kRGlTUXlsSE1uVFIrWGhoakFDenB6MktxSEc1U1Naa3hnem9JZHZIeURuTXIyamE1RkhzWVd6WVdLdUx4N2FXV28vd0RNVlpJYTZHWTNwdWxSdWM9","ID":"1","with_account_biography":"true"}', 1471945686),
(665, 0, 9, 2, '{"token":"MzkyZTY0MTVhYzlmOGIwZDM4ODA3MGNlZWQ4MGE2YTNhM2U0NmNkOTk1Nzk2YWRhYTI0YTQ4ZGVkYmRlNGI1NWVkNDkzYWJmZGQ2NDMyOTI4NWI3NWI1NGE2MGQ5NDIwNzhkZWVkN2M0MmUyZWYxNGNjMTQyNTY4ODE4ZTRhOTJaYjRKZmF0Tm4weWZ3VU5Gc05PZmI5Y2xOMDMyMVlwcWpUOGxsRHJFZm04WE1ob0hJT21BeXMwVzBINmpaZ1RFMFhvTzZ6RzlqalpDSWUwd1dlVTFWRFJiYkRyU2JkNzFwUEcxRlhCVVRtSHc2WW1nOHpUQXJ2enRaRUdubUhYV2R1V0doMXV6ampWU2xoRStKaGtSa1NUd3RGUGxaU3dYb3BRYUt5ajhPYUU9","ID":"1","with_account_biography":"true"}', 1471945694),
(666, 0, 9, 2, '{"token":"NGZkNzllNTY0MmI1MDQyMDEwNDA4MWIxMmRlZmUzY2IwNmM3ZjYzNTczMDM3YWU2MzcyMmNlMDFjNmQyYTAwZTZjZmJlNDk2ZTM3ZTc4MWRkNWE3ZjNhOWQwYjc2M2ZhZTFhM2FkMDJmZjQ0YTM2OGMwMTM5NTY4NmE3OWI4MWFab3M2UTFhQXdWazlDNEtnZVh0RUxEMHYvOFZ5UkdieFdmcHhYLzAwa0VLL0RpUG1xaTNMeHNaRDFPbmxaZ2djd1ZKK2JWWXlIay9ZUzdlRmMzY2VSVnplNDl3UUgzdmV4dkR3eEM0eXVqSGtMN0s0ZDk4aWtmbEZPdlRmWk9Yd0hoSGROYWpjSkZyRm92Rm9qTGZObkx3U1F5ZmJUb3ZMZDNlUklBWTNVTHM9","ID":"1","with_account_biography":"true"}', 1471945697),
(667, 0, 9, 2, '{"token":"Y2FiM2M3OWUwOTUzOGYwM2ZkYmZlY2I4Yjg2OGJjZDNiY2ZhMzBjNWQ5ZDM4YmIwZWRmNmJmZjJjMDNlZGRjMmVjNTUwMDkwOTA0Njk0NzBmNjhjMTQxYWNiZGE2ZDU3YTNiMzdhNTZkNjU1ZWU3MWI5ZTc3MDllZjFkYTc3MTZVVkJBei9EMStNeEY4M2R2djVxVjlNNjhwamdJZU9tNmhVbHB2L0RQUjROcG9leEJGc3BZTVJoMTdNMEwxMitOR1B6L2JYbXJCNjkwVTkreTRIQkF3NkFOaGRFdnZzQW0rT0laWVR2TyttU3N1bW1ZWHBhd3FJKy82ZmVBN0ZwM05IRWxWaDUvZXJpN2dZWW9hZ2ZtTThnbUN2U0FCK3RYdnBHYUNOaUlhMlU9","ID":"1","with_account_biography":"true"}', 1471945699),
(668, 0, 9, 2, '{"token":"Y2JlYWZjYmUxMTgxNmI4NjM2YzAyMDgzM2JiOTQ4YTdkNDdhZjJiM2UwZWVmOGIxNTQyZDEwNzlmMDVmNGFjNzJmYzM0NGU5ZTY1MTk0YWZkYzAzOWY2ZmMxODQ4NjE1MWRmZGZjNWRlMmUyNTRlMmI0ODA2YzE3YzI4ZmU3OGRrS3NCUndZY2xlWXh1S3Iyb0k2MDNCV2NEeDlJaHhhVEZNeEpUUHFsM2ViU0hPS1RQNDVFb3RLNzhaOU5jaEVSZGh4MFBNWVhoNVMwMzZ2OVlIcE4xZCt3cm4zcUtZUytBb0VGS3k2bVJZanVGOVZZZzFqVlZNTkVZd3l0ZzZZVmk0YXVXeUF2RHkzaW10RkJJb3hVVGkyaFhVaXEzWFNFbmFhMTI1Qkt2MVU9","ID":"1","with_account_biography":"true"}', 1471945739),
(669, 0, 9, 2, '{"token":"YjRkN2VhYWMzNDE5MDExODRmYjE1MDgyNmNkZWVmMzdiNGRiMzdkN2YyNDUwOGVjODY0ODI3OTcwZDZhZWFmNGZlNGMwYTAzZTljODNlNTZhZWE1ZmEyNWIyZTdiNTM2OGJlM2FhYTgzZjZlZDNhMTk4OWFkMGFlMTI2ZDA1OGVhSDIxczNEVERFSklzS3JVa3RMbkJZWDh4UmMyS2NuQmsxODRqYTlvZFZwS21STFkyRG5raUlKZEsrMDFRVm1GTjBCaGpJRzBuL3J5dDNIVjYra2dkOFEvaTRmZjJzaTNTWUxnMTh2MnRrR2hlZ0ExZXZzazh4OW84NjJqYkZvZ3FqaUdQMW9ZbVZtZHZIbzBWWHhaejRwZURWRnZPOHVIMFhHNFZhaUJVWkE9","ID":"1","with_account_biography":"true"}', 1471945765),
(670, 0, 9, 2, '{"token":"NTk3NWNiODA3YzJhYjc5MjAxODQ5YzZkNWY1YTczYTYxZWE0MjU2ZWJiOWQ4ZmIxNDc5ZGQ1YTJkMzY3YTY3MDgyMGJmYzcyMzlkNDA2ZGFhMjIwZGQzZTk5MGE1NDZmZWIyZDY5NjUwZWJiYmE2ZWVjMDljZjJlNzAzZmIyN2NCeGJwNEhZWGl6eHF3QVV3c0p3OGNHbm03TmxkYTg1MVg3ampSSHhRWW00UzkzSWNOQTM5dU1DWGJxR1A1V0tHUUxhWkFwNmlhU0h1dkxPOWhRMVZYR0FFTGRYNkwrU3UwUU5HYlJDeFcxZmdtbzlHbkZZc2hXSklsbzFsTEwzWmlwWERrRmg3R2xCSUZWamRNaER5SVRGZm1hOTQ5aDlHbFVubUJYemRwU0k9","ID":"1","with_account_biography":"true"}', 1471945785),
(671, 0, 9, 2, '{"token":"YTkzOGY5ZTc3YTExOTBmY2NiZGVmYjZiZjFiZjNmMTc3ZTFhNjNhZjViZGUyYmVhMTZhODJjZDBlNzdhZjliN2JhOGI2ZDQ4NTY4ZjFlMmVmOTdlZjQ4Mzc2MTY2N2M0ZTdlZGU3YTJiNTE5ZWM1MWNiNDE0OGJjZDNlYzdmN2RlaXdtL0lraVRpZUVsYWlmcmRBTk9zLzV6S2YwSFJkRS9kMnNGRDl4OVJEellmcDNYNzZFL24zck9IZzFMQ2ZHbVRyUnByZGRYZlFBZzVwTkxpenFDVnc2S0Z5WU90SzRkQVl6cXFzUCtBL21mSC9lSUFBM2o4R2wvVVUzZmNXUlZOYkFrUG4wVm03VG04V21ER1BOUURuRlZ3bFBVUnNiOTZuS2o0Wm4zTkE9","ID":"1","with_account_biography":"true"}', 1471945797),
(672, 0, 9, 2, '{"token":"NjU5Yzg5ZjJhYTQwMGNmOGQ0MWE1Zjg0NzA0MmMzNDdlNDM2N2Q2NGI3ZWQ0Yjg4N2Y2MmFiOGU1NmNlMGM0ZGY2YWE3YzY1MGNkN2JmYzM5N2M5MGNjMjY4ZDQ5ODE2YzU0ODRlZjYyMDllNmZmYjM2MDA4OGJkY2I3OTI2NTkyYytIVVZOeGQ1QngyQmxnelc5YUtoVVdwOUpKcXVBNnkwcVFlemsxaXpiT2JLQmN2T3huaHVDSlJhRzllTXo2dE9lamlvK21iY294NUNvTkJwOEY1UjhrZmRUWDlFQ2NDYVFad0toK241RnBxRWtBQTNyanV5VnBvNUVtVFo3WHpyZ0pkUTVlQ1lsaXVqVDBGTmhjaUtZYXNwVWlqaDlKUmM4bVJqU2ZXWlE9","ID":"1","with_account_biography":"true"}', 1471945818),
(673, 0, 9, 2, '{"token":"MTI1MGI2MzI2YjAyZDg3NDczZmUwOTQzZmQ3NDJlMmZiNWM3Y2UyODNjYTgxOGI2ZmJmMDgzZjEwZjZmN2MwYzk1ZjRjYzZiZDE4Zjc0Y2EzODBjNWEwOTJjN2RmMTJjYTY0MzgwNmE2ZjFlZmZjMWVhMTM3ZTEzNTAwYmVmNzZhbmZQMFgvdjY2VTVqcHJmR0NVSUQ0b25PZjNCK2pORFRNNFNlcC9LQzlzaFZ4Z202QmE3RkdUdXhHeVkzMjgxREYyejdNbDIwdDRBVTZjak80N0phdndWeERaaGt1SUpZbE9reHdkMmRoUWJzU2JBajQ4MmtHWm9EKzJKY1ZaRmpLVVZ0akV5QUhreUMrTTlKdmZYRFdYcHVPVjgxYVN0Sld6bnpzRTZSYlk9","ID":"1","with_account_biography":"true"}', 1471945846),
(674, 0, 9, 2, '{"token":"NGE0ODQ5NGMwNGFjMDFiY2UzNWE4ODNmZDM2YjM3ZmQ0MTIyZmEwMmU2YzE2YTZkZTVhNDhmNWU2YTI2YzIxMWIyODYwNWQ1OWM0MzE0MWViNmNlYWQ0YmUyZDAzYmUwOWM3NDMzOTczOTAyMmE3NmNlYjgyNTEyNjEzZWFhNTF2SEh2UkwreXcvR1RHd1hlM1k1aGVOK04vZ1pmWHFyTnNGdm9PQlkxdms2UzVWZGxpZEhmT0dkcWVFc1hnRkFTQmN4NHhnaXBoZXJENm96RnZpeEJhOEt2ZnA0d1dZK1dZbHk2R3F5STBHMkRqZGRnRS8zbUhGVVpEMmNBaHFiZEFBKzUzYTZQU2FXU21GY05BSjQ2MTJPT0RRcUcyQzB3R0FKVnBubXdpSjA9","ID":"1","with_account_biography":"true"}', 1471945854),
(675, 0, 9, 2, '{"token":"MTQ0ZGMwMTFhYTc1MDVlYzQ5NjExMWYwNDMyYWZkMzBkMmE3YTQwMzA5OTlmNTEwZDAxOTljNzc1MGM4Y2ZiNWNjOTg5MDQ3M2U3M2JjYTQ4OTVkOTY2MzQwNzg3OTRkYzdkMzJjNDI2Zjk3YzRiZDU4MGM4NjY0OGQyMGVkYTFpMERrVkdNUk9YclRSejJEVGdwVG5vUGlEb0VVdktiUlpsY3RTdW8wVEtnektsak9CQUVTYU5HVDVSTzhHb0ZOTE9MU0lBcEFNbTJveU1reXJTVG5kNC85ejh4d294MUZLQUN3eFR6UnEyYklUVVdVVktPR2FucUt3QS9QNXNSTzMrME9CaHV3SWNnemRSQWRWK1FTQklyRERHSWI4ZW9ZWXU0b1l0aHhCUmc9","ID":"1","with_account_biography":"true"}', 1471945877),
(676, 0, 9, 2, '{"token":"NDM4MmRlYzdkYjI5NzQ2ZmYwOGVmODhkOThiNGE1MDU5MmIzYjc5ZmEzY2U3Yzc2ZWQwODA1YTE4MGU1NDFmMDNmYjg5NzZkZjNmMzcwMGI3YmNlMzJkYWM4MDFmNmI0M2IzNjQ4NWU4ZDBhN2UzMTdlZDBkOTM2NTRiN2NjNTU5VTBGSEhJaVlGKzd5WU52bE9ybzdTMElhbE9yRndmbTRPaktvcFIzMmNndkRBaWYrd2RqUW1hYlZpQTlvdmdXVFlUdEZ0UFgyczBncGl1WGovcTFyM1dpMmYzYU4vOEk0eEZFTUljdW55UUM4RTNEaUVkSDRSaC9RbTdBY0EyL3k1S3lUSjBFcjI2ZStrZGtFazRqQ0tKcTdtU0duZTBIL0FBdS9FL09tWTg9","ID":"1","with_account_biography":"true"}', 1471945885),
(677, 0, 9, 2, '{"token":"MjJhYTliN2FmOWFlODlhZTdkNDk4MDQ4MDY1NmQzM2IxYzZmNzY3ZmQwYTJmMGVhYjMzNmY5Y2E3Yjc4OThhMzI4NWU0N2VkMGFhMGUxOWMyNDY5NmZlNmRjMTRiNDhlNzkzYzQ1ODA1Mjg4NmRjY2NhZmU4NDk3Zjk2YjdhZjVXUk1kQzl2ZzVYbU5hNUMzNnl4ZjVPNlFjRnYzRHpVYlpmdXJJTEVUL05Tb3o2dGxyODZUSGdMVDllc2pmYnVEdm9MdE5TMmUwRmM5eEFSOEdUc2ZBa0lLUEFWMTRUMjdJQWF4Y1pXczBFa1FTcmxERHo2R3l5VEY0WmZhbjJwZnNPMGI4QXZhZTJpS0E2ajEvMVN6U2hVZThHYmNZaUtjS1JYbmxKT3YrSlE9","ID":"1","with_account_biography":"true"}', 1471945899),
(678, 0, 9, 2, '{"token":"ZDY0MWUzYTMyNzNmMTQxNjFhOGM0NzVlNTMwNjkxNTg5MDBmNDAwYmM2NDk4MzMwMzJiZTE4OTQyZTY5ZmNlMjI2OGNjYzQyMjJjMWVmZjM4ZmNjYzE4Njg3ZTM5ZDA0NjY2ZDU1YjVhMmIwMjk0NjI4YWY1MmVhMGIwZjRiNDJSNHNhRy83aW96cnNsVnFNcWdtaEFaU3hPb2dkbUt3emZDRzEwVWZBNGxnOUN4NGNzL0oyUFpmTVVueHhUSEFFSktBMVFTcVdrZEdCaEpyaHV1MG44TldNbTcxWmZYRlZyRFZCdGRidENWZSttUE9HWG0yS00rb1BoTXlSRzRMRzhHNWRTZ3pPbUswMmlxZnR1MjlzNVRaRVBOd1VYMU4vcUZzMnNBdnpxcFE9","ID":"1","with_account_biography":"true"}', 1471945922),
(679, 0, 9, 2, '{"token":"OGRlZDEzZGE5Y2QzZTE1ZjA2OGFmODliYzhmOGViMjFjMmE4YTJjOGQ1ZTFjZjlmZmZmYjcwOWQyZDJkNjkyODNiM2ZlMjQ5NWNhODQyODNmMjllMmRiZjM4OTc4ZDBkMTA2NWFiNzQ0ZTJmMmQzOWRjYThiZDQ2NTI3ZTBhNWVtSk4vQ1h1RXF3Uk5od0E5S3IwRElLWWVRY3lMOUN1VUkrNEVwV0VjdUNwRGhMQm9qNVhnTmxiaXhmK3FlS2JtUklNZlVNYjlWZDNhSURnazlGTi9aS3Baek03cDVYSUZ4TllVNXBWZ3IzaXNEZ1lmU3hXQzVsYUJyMm1kN0VXU1dBc3MySVR6alV0amtoT0paYmJFYUkrcGxPbGk4Z0M0eHFYdk5rU0pUT0k9","ID":"1","with_account_biography":"true"}', 1471945929),
(680, 0, 9, 2, '{"token":"NmUzNDA2ZWQ1N2Q4NzMxNjMwZmMyOTE4ZjU1ZGFjZGNiNWYwMGMzYzNhM2ExY2E5NmEwNzUwMTIxZjhkZDFjNTBiYzU4NTc4ZjNiY2FhYzI5NTZmZDc1MjQwZWFiM2Q0MjY3MzhhMDdmYWY0YzMzOGZlZDNhY2JlZWRiOWE5YTdYNklHSXNBcWQ0M3I1UnFCenhUTnBQbmlFMFU2RUhiWTA5TEljbGdOMGdxWElGYjZ0bmJTQUVHNHR5QnkxZ3dVKytVakRWTHBsWjRVcG1aZUVaVE1CU3ErSXprZEgra1ZzWUlxRDFRWWN1RzBqdmlOM2c0bGwrdFY1QnliemNxWVMzelNaeXU1TFRCd01UU2duMTVBZzJqVFJ1eDB6dG10VGxNWTFpQUhBSnM9","ID":"1","with_account_biography":"true"}', 1471946044),
(681, 0, 9, 2, '{"token":"YzQzMzUxNWVhNGRhNjQzOWRiOTUyYTllNTY5NTc1NTVkNTQ3ZTdhODk0ZTEyMGJjNzFmYmZlNTg4NGU5NzNiMDFhYzQzMTQ4MGZhNjYyYTEwOGJhODhjOGFjNjNhMGM0MjgwMWNlZjEzODE3YmY5OGQ1Y2M4NzA4ZmEwMTgzY2ZhbzNsSGw3YzlsMmZNd0h4UmdLN0dOc1VGQTVEZEhoNmo5c1pHdGJzQldJS1NBRy8rWmpzR01VVGo0c2JNRFArYmI4RGFYeWRRc0NvbFcyOGdNNDJST084bEcyak9CanN0RVNIL25RRmp5dkNkUnlFemZrdlVITTdSRjBta0pRdlVkWmFRZ3kxNUl1QmpXV2tpcmlBa3pOVjdRK2QzTmhIc09CdWlza0FKOXM9","ID":"1","with_account_biography":"true"}', 1471946049),
(682, 0, 9, 2, '{"token":"ODZhODRkOGU1OTEzNDU4MjY0NGM2NTM0ODk3M2I0MjZiYTA1M2ZiODRkMjcwYmQ1MjkzODQzNTNlYWIzNmNiMDYwYWE3Zjk3N2IzMzZjNzhkMTZjM2UyNTc0Y2Q4ZjFhODQ1OWJkMGYzMTRmMmUwZmE0ODQxYzVhM2U1OWExZWQ2VGQzZGd2TjlQSUJ1TDR4eWhLRzVISy9NRGJXTnhrQ0lXK1Y0L29XcUU5UFhxYmQ2dG4vNTQ3TzNzWndDODNXYUluUHpKVkduT3ZqV1pVK1VOYlM2YWg0NVlhbkR5YTJOR1RQM0kxS00yL3N0N1pkS3ViNk0xTGRhLzcrcW1oQTBTZkppNGg1NnJjeEZobjRDdDF5SFcvZkhZa2s4NFJ1MXdYZUs5TzVPSnM9","ID":"1","with_account_biography":"true"}', 1471948839),
(683, 0, 9, 2, '{"token":"NTY5MDI2NDRhY2VhNGNlZGRkNTU2MGZhMmRmZWVmY2ZhZGIzMmY5MDVlZTJhYWU0NmQ1OTc2ZTlmMGIyNTJjY2E4ZTllZGI3ODk0OWRhMzBhMzUxZWVlN2RlZjdmODFjYjYzOTgwN2RiNGQyNTNhZWIxZWVkMDJlNTgxNGZiMmZZSHVYTlZLcGpjZkt0Mnh5RGtkWDJaUHAzaytYVDZIN1NnTHRtZGlFamdvL0hEYjRvYzNTTnN1OGwvVUt6NDhzdlV4Sm5EVldGTzU5dXdPcmJ3NzRhWjJFSTB4eXBaK0RkVno0VGZjNDVvbXA2b0RyR3FvUFVIU0E2MS9RQ0R4TitzZkZCUGVxM0RVK0pxSWQyOFBYaXQrdUpUTVZPWDB6OTNHdThFd3pWR3M9","ID":"1","with_account_biography":"true"}', 1471948995),
(684, 0, 9, 2, '{"token":"MmNkOGY0NTI2ODFjMThhMzllN2ZkYTYyODQxM2RmMGRkNjJiMGFjZWZiNzliNDY3Y2I3NTc1YzhlOTA3ZGM5MWMzNjQ4MDAwMGZiMGE0NTAxYmUzYWVmZDcxMmMyMTM2NGQyMjk3MTFhZmM5ZTA3MTcyNWYyZGNhYjRmZjVhYWF6RnJ1U3pUb3lCN2Z1TFZEMm5yb083VlcxczZBalVIZTVwOElMSTkwUytUT0NiV1VEcHVMNjloaGl4WVYrRTlWMUNoL1JpMGVQc1V1OVVHOEIzZldGNE5kdVlJaGozMHVnL2drV1hUZUNQTlJ3ZXBGb1V3YmhhbkhqVS9BK3Y0NVZPNytHNHZIWkVhNXRUR0RYY09Xa1dpb3E0aFFqcEl4K0FvN2YwR1NQdU09","ID":"1","with_account_biography":"true"}', 1471949014),
(685, 0, 9, 2, '{"token":"NWFlZDA4NjhiZGU2NzdkZGMyNmIyMzYyMzYxMTBkOWE3YjQyMDA0YmQzNzQzODQ0NzEwMTdmNjY2MzFhZjE0ZjViNGQ2MjZkYWEzY2E0ZWEzZjI3M2Y0NmMwNTZmZjY4NmNlNjg3MzM1NTY4MmVkNDU1OGRmY2IwNDZiMmQzZDdGQUZ2WDg5a05VUUo0VjRENEdUTmp3MnB6NDVPaWVKdVBRUWVMcmtFcStnclhTbWlJSEFxM2ZqZ2kxWmgvazJBMWJJdGJFK1RlNHZiNmptcEw2ekRHNU1TYTJ1elJyWkpsaU1Mbnl2KzVrdkJUUDBqYlNWa1BpSWgveDVTcjU0bkhoeTFjaTIzWWdTYmJTRjVBenYybXdQU2VEQmdCR2F0OVV0TENpWkpnVmc9","ID":"1","with_account_biography":"true"}', 1471949024),
(686, 0, 9, 2, '{"token":"YWY3MjJhMWViZmUzODAzODliZjQ3MWZlNzhkMWRlNTQyMzE0M2QzYjUyNjA3MTAzN2VhZmU1Nzk5YjBmMjZmMTZkODU5MzVkYWQ4NDc3Yzg1OWE1MmJkMmU4OTExMGVlNDVlY2ZiZDcxOGJiM2FiNmU2OTFhYTljN2M1ZDYxZDA2bU9rb1BqdTVBQytGRlZMOWlDMkJDRE9yWmZCU05weWhFVFZtYTNiWEpjWUtsY05ObXAxZUw0dWJ4NldIeGdHMEVEd0QvbGlyellqQkRmcGlaTTRsMTc5T1VlN1VzdmNWZkpyMGZwMkhWenZTMUJTVnVOc3k0WmRvUXgrYXJ1ZktyQ1FGY0pBeC9ObmIvaXh3UkhEaCtZR2FVV2hVZGtqL3JVeUtaUFZjVEU9","ID":"1","with_account_biography":"true"}', 1471949067),
(687, 0, 9, 2, '{"token":"NWYxYzIzMTc5N2QzMjY5ZDhhNzk4MjlkZjcxNzA3YWRjZDkxOTZkNzIzODk4NDQyN2FmYjVjYmRkOGRhNzA3NDU2ZTVjNGU4MjIzODE3MjNhNTEyZTFiMmI3ZWM2ZTdhYjczNDE3ZTBkYzIzZWRlMjc1MjM4NTZkNWNjM2RlZjErMEZwcGEzN1JtaVVveUduOUxxY0xjL2lmSkN6TXFUK2VwZDJyTjAvT3VXdkJhSmFWenY5N1pTckdJK1FQZ1NJcThiK3dVc3RjWXFPdlFWT1ZhYmx3ZEtVYUQxRmd3OFNnelZzZjFzNnZDYWxNOVRXc3JzWE5QbzRQWlhnellteC9GdGllUjlpQURFR1BxUjBIS3ZZTXZJZElydkZjeVh4ei9iUWNvVFhhNFU9","ID":"1","with_account_biography":"true"}', 1471949083),
(688, 0, 9, 2, '{"token":"ZGZkZWY2NDRjYzg5YjhhZDgyNmFkZTYxYjM3OTFlYjc0MzRkZWEyNWVlOTY4ZGRjMTllZDc3NDU5N2EzYTIzMDEzZjBkZmE0NzU2ZWEzNzg0NzljYmE2OGM4NGYzNDQ3ZTViNDFjOWY5YmMzODhlMmIyYjdlMTAyZGVjMGZjMDRlaDZrY013all0L1VpZ2RCSHMySkl5MTk5RDJqNFhNMzRzd1FMdmlSNyszYmRYdWt4QTFnbHNYZnVJb204a0x3U2FHV3VLTFVoRnBVWEpmR2xhblFTc2g5ZUo3MEZ1c3NaWjFXOVhlTTYxYndBWTFWOEVOVng5WnFkNzFUTGRSelNQTXhrVEo3VWw0UHlwakdFaGFFRHU4eFFzMy9Ma0ltMGhXajZJckxzY3c9","ID":"1","with_account_biography":"true"}', 1471949134),
(689, 0, 9, 2, '{"token":"YzA1OTlhNDU2ZTdlOGI3ZTEyNWFmZmM2MjU5NWI4MGMyMjQxZjQzZmUwY2ZjYjJjOGQ0Y2M5NGQ5OTYwOWZmYmU1NTlkZWUzY2FiYTk4MzVjNjA4MWY4MTZhZDllZTEwZGQzZTRjZjYxODIxZjFiODVmNGMzMDFhNmMxNDUxZWZneWhmMkhIenREYU9PaFh3OHA0VzN3QS9UQ1M1V0dMYXd2b0luS2g4am5xb1RwUGc4b1pFVjVIbUx6Q1hKT2NIb2JJT3N4TUhYOThVWHBBYUc5QUUzcHB2V2V4aW8xakpHY0gydkI1SExQSkFvVktwZGdPd3hPRngxUGJHOUU2QW1HZjQvWmpNQXE0Q2NpbzVWTHFiM1JwTmhXNmVFMU5RSlpXaWkranZ0SzA9","ID":"1","with_account_biography":"true"}', 1471949166),
(690, 0, 9, 2, '{"token":"MzAyMTVhNGE1YTQ3ZjI1ZmU3ZDFkZjg5MGNhZDgzM2JkMzRlOWVlNjFmM2UwZWRhNjc3ODFiYzFkYmY0NmZmODRmODYwOTFkN2YwNmFhM2ZjZmYxMDllODU4NDFhMGI0Mzc1OTdjMjZkMjAxNzBmMTUxODY2ZTM3N2EyMDA4YTNKWU9UNWl4Qk1zU0ZkUTRJcjBaMmJQK3ZRY3I2aUxSUUlrSW5sbXhlNmhITTVrUlRDaS9CNDk3bWtrRWJwbVZYUXlkVEFSaUsyM2h0WXdZVVZkd3Y0NjVyRlI2VURvYm14OTcwT3dSZlhHaDBRYy9YVzErM0pNajVpVWNCQ3V5SHU1RlZUMU5Uci9nMlFFbHlFSHZuWnYwUm9DQm41U3ZuaGkvc3RhalhLVUk9","ID":"1","with_account_biography":"true"}', 1471949181),
(691, 0, 9, 2, '{"token":"MDEwNGMzNGZiZWFmZmRhZTEwZDViNjBjOGU1YmUxMjQyZGJjM2QwOTM3MjUyYWNhNzZiODI2MzM1YmI1OTU0MTdkNGI4NzI5ODJlMWZkMWNlMjFjODU4MmY1M2U1YmE1YjM4NzVkNGE5YjVlODhkZWEyYjRlNjA3NDkyNWUwZTh0THZ0RE1NY1Q5N0JYWFlBcUpvNHdBM3o4ZHliUElEVXBITkUvVFd5N1c3QnQvcldhRUNkY2NZT0QwMnExOTlVTVYzNzQ5MG1HWGk1a3REOEZUZ2Rna3Boa1ZPMHNsQkpVL0ovYTI1bGVjU2V5dlVrNHByOHhmQStyTTJJaFJlV1VwWXhBZng5ZXFiRFkzRWNDL3NTb0tTNXJFRmxHZCt0T0g0a0E0STM3bHc9","ID":"1","with_account_biography":"true"}', 1471949211),
(692, 0, 9, 2, '{"token":"MWIxMTVmYzJmNTFmMmY1MGY3YzlhNTBkZmQ3YTMzYjQ3NDgzNjdjZjZmNWI5ZDBlMjcxZGQyYjhkZWViOWJiZGEyNjBiMGUwOGE2Y2JiODlhZDBmMTNkMTliYzcxMzEwN2UwOTc2YzkwMmU0MDJlZjM5MWMwMGUzNDc3MDQ0NTFWeUI5bDNzOTUycVBZVlBkSDRLY0dHOHZDWTlhNHhrUU95Rm9PTnhPdlhjNmNuNGg4WWhtWHd3Y3RnODlXelhhTFhvNlhRd1EyZittS3BpUVk5VUtFVUFIZ3gvWlJrQXMyMVJWbnRkY0t4dmliaHRHRVpTc0M2c1NuL0xkaGRvcjJGb1NoNXhDTkFiaDBzVUZiYU40TnkvSnM3Q0lNc1lZc2FIRU5TWVJNZnc9","ID":"1","with_account_biography":"true"}', 1471949241),
(693, 0, 9, 2, '{"token":"MWIxMTVmYzJmNTFmMmY1MGY3YzlhNTBkZmQ3YTMzYjQ3NDgzNjdjZjZmNWI5ZDBlMjcxZGQyYjhkZWViOWJiZGEyNjBiMGUwOGE2Y2JiODlhZDBmMTNkMTliYzcxMzEwN2UwOTc2YzkwMmU0MDJlZjM5MWMwMGUzNDc3MDQ0NTFWeUI5bDNzOTUycVBZVlBkSDRLY0dHOHZDWTlhNHhrUU95Rm9PTnhPdlhjNmNuNGg4WWhtWHd3Y3RnODlXelhhTFhvNlhRd1EyZittS3BpUVk5VUtFVUFIZ3gvWlJrQXMyMVJWbnRkY0t4dmliaHRHRVpTc0M2c1NuL0xkaGRvcjJGb1NoNXhDTkFiaDBzVUZiYU40TnkvSnM3Q0lNc1lZc2FIRU5TWVJNZnc9","ID":"1","with_account_biography":"true"}', 1471949294),
(694, 0, 9, 2, '{"token":"MWIxMTVmYzJmNTFmMmY1MGY3YzlhNTBkZmQ3YTMzYjQ3NDgzNjdjZjZmNWI5ZDBlMjcxZGQyYjhkZWViOWJiZGEyNjBiMGUwOGE2Y2JiODlhZDBmMTNkMTliYzcxMzEwN2UwOTc2YzkwMmU0MDJlZjM5MWMwMGUzNDc3MDQ0NTFWeUI5bDNzOTUycVBZVlBkSDRLY0dHOHZDWTlhNHhrUU95Rm9PTnhPdlhjNmNuNGg4WWhtWHd3Y3RnODlXelhhTFhvNlhRd1EyZittS3BpUVk5VUtFVUFIZ3gvWlJrQXMyMVJWbnRkY0t4dmliaHRHRVpTc0M2c1NuL0xkaGRvcjJGb1NoNXhDTkFiaDBzVUZiYU40TnkvSnM3Q0lNc1lZc2FIRU5TWVJNZnc9","ID":"1","with_account_biography":"true"}', 1471949295),
(695, 0, 9, 2, '{"token":"MWIxMTVmYzJmNTFmMmY1MGY3YzlhNTBkZmQ3YTMzYjQ3NDgzNjdjZjZmNWI5ZDBlMjcxZGQyYjhkZWViOWJiZGEyNjBiMGUwOGE2Y2JiODlhZDBmMTNkMTliYzcxMzEwN2UwOTc2YzkwMmU0MDJlZjM5MWMwMGUzNDc3MDQ0NTFWeUI5bDNzOTUycVBZVlBkSDRLY0dHOHZDWTlhNHhrUU95Rm9PTnhPdlhjNmNuNGg4WWhtWHd3Y3RnODlXelhhTFhvNlhRd1EyZittS3BpUVk5VUtFVUFIZ3gvWlJrQXMyMVJWbnRkY0t4dmliaHRHRVpTc0M2c1NuL0xkaGRvcjJGb1NoNXhDTkFiaDBzVUZiYU40TnkvSnM3Q0lNc1lZc2FIRU5TWVJNZnc9","ID":"1","with_account_biography":"true"}', 1471949296),
(696, 0, 9, 2, '{"token":"MWIxMTVmYzJmNTFmMmY1MGY3YzlhNTBkZmQ3YTMzYjQ3NDgzNjdjZjZmNWI5ZDBlMjcxZGQyYjhkZWViOWJiZGEyNjBiMGUwOGE2Y2JiODlhZDBmMTNkMTliYzcxMzEwN2UwOTc2YzkwMmU0MDJlZjM5MWMwMGUzNDc3MDQ0NTFWeUI5bDNzOTUycVBZVlBkSDRLY0dHOHZDWTlhNHhrUU95Rm9PTnhPdlhjNmNuNGg4WWhtWHd3Y3RnODlXelhhTFhvNlhRd1EyZittS3BpUVk5VUtFVUFIZ3gvWlJrQXMyMVJWbnRkY0t4dmliaHRHRVpTc0M2c1NuL0xkaGRvcjJGb1NoNXhDTkFiaDBzVUZiYU40TnkvSnM3Q0lNc1lZc2FIRU5TWVJNZnc9","ID":"1","with_account_biography":"true"}', 1471949296),
(697, 0, 9, 2, '{"token":"MWIxMTVmYzJmNTFmMmY1MGY3YzlhNTBkZmQ3YTMzYjQ3NDgzNjdjZjZmNWI5ZDBlMjcxZGQyYjhkZWViOWJiZGEyNjBiMGUwOGE2Y2JiODlhZDBmMTNkMTliYzcxMzEwN2UwOTc2YzkwMmU0MDJlZjM5MWMwMGUzNDc3MDQ0NTFWeUI5bDNzOTUycVBZVlBkSDRLY0dHOHZDWTlhNHhrUU95Rm9PTnhPdlhjNmNuNGg4WWhtWHd3Y3RnODlXelhhTFhvNlhRd1EyZittS3BpUVk5VUtFVUFIZ3gvWlJrQXMyMVJWbnRkY0t4dmliaHRHRVpTc0M2c1NuL0xkaGRvcjJGb1NoNXhDTkFiaDBzVUZiYU40TnkvSnM3Q0lNc1lZc2FIRU5TWVJNZnc9","ID":"1","with_account_biography":"true"}', 1471949297),
(698, 0, 9, 2, '{"token":"MWIxMTVmYzJmNTFmMmY1MGY3YzlhNTBkZmQ3YTMzYjQ3NDgzNjdjZjZmNWI5ZDBlMjcxZGQyYjhkZWViOWJiZGEyNjBiMGUwOGE2Y2JiODlhZDBmMTNkMTliYzcxMzEwN2UwOTc2YzkwMmU0MDJlZjM5MWMwMGUzNDc3MDQ0NTFWeUI5bDNzOTUycVBZVlBkSDRLY0dHOHZDWTlhNHhrUU95Rm9PTnhPdlhjNmNuNGg4WWhtWHd3Y3RnODlXelhhTFhvNlhRd1EyZittS3BpUVk5VUtFVUFIZ3gvWlJrQXMyMVJWbnRkY0t4dmliaHRHRVpTc0M2c1NuL0xkaGRvcjJGb1NoNXhDTkFiaDBzVUZiYU40TnkvSnM3Q0lNc1lZc2FIRU5TWVJNZnc9","ID":"1","with_account_biography":"true"}', 1471949298),
(699, 0, 9, 2, '{"token":"MWIxMTVmYzJmNTFmMmY1MGY3YzlhNTBkZmQ3YTMzYjQ3NDgzNjdjZjZmNWI5ZDBlMjcxZGQyYjhkZWViOWJiZGEyNjBiMGUwOGE2Y2JiODlhZDBmMTNkMTliYzcxMzEwN2UwOTc2YzkwMmU0MDJlZjM5MWMwMGUzNDc3MDQ0NTFWeUI5bDNzOTUycVBZVlBkSDRLY0dHOHZDWTlhNHhrUU95Rm9PTnhPdlhjNmNuNGg4WWhtWHd3Y3RnODlXelhhTFhvNlhRd1EyZittS3BpUVk5VUtFVUFIZ3gvWlJrQXMyMVJWbnRkY0t4dmliaHRHRVpTc0M2c1NuL0xkaGRvcjJGb1NoNXhDTkFiaDBzVUZiYU40TnkvSnM3Q0lNc1lZc2FIRU5TWVJNZnc9","ID":"1","with_account_biography":"true"}', 1471949300),
(700, 0, 9, 2, '{"token":"MWIxMTVmYzJmNTFmMmY1MGY3YzlhNTBkZmQ3YTMzYjQ3NDgzNjdjZjZmNWI5ZDBlMjcxZGQyYjhkZWViOWJiZGEyNjBiMGUwOGE2Y2JiODlhZDBmMTNkMTliYzcxMzEwN2UwOTc2YzkwMmU0MDJlZjM5MWMwMGUzNDc3MDQ0NTFWeUI5bDNzOTUycVBZVlBkSDRLY0dHOHZDWTlhNHhrUU95Rm9PTnhPdlhjNmNuNGg4WWhtWHd3Y3RnODlXelhhTFhvNlhRd1EyZittS3BpUVk5VUtFVUFIZ3gvWlJrQXMyMVJWbnRkY0t4dmliaHRHRVpTc0M2c1NuL0xkaGRvcjJGb1NoNXhDTkFiaDBzVUZiYU40TnkvSnM3Q0lNc1lZc2FIRU5TWVJNZnc9","ID":"1","with_account_biography":"true"}', 1471949538),
(701, 0, 9, 2, '{"token":"MWIxMTVmYzJmNTFmMmY1MGY3YzlhNTBkZmQ3YTMzYjQ3NDgzNjdjZjZmNWI5ZDBlMjcxZGQyYjhkZWViOWJiZGEyNjBiMGUwOGE2Y2JiODlhZDBmMTNkMTliYzcxMzEwN2UwOTc2YzkwMmU0MDJlZjM5MWMwMGUzNDc3MDQ0NTFWeUI5bDNzOTUycVBZVlBkSDRLY0dHOHZDWTlhNHhrUU95Rm9PTnhPdlhjNmNuNGg4WWhtWHd3Y3RnODlXelhhTFhvNlhRd1EyZittS3BpUVk5VUtFVUFIZ3gvWlJrQXMyMVJWbnRkY0t4dmliaHRHRVpTc0M2c1NuL0xkaGRvcjJGb1NoNXhDTkFiaDBzVUZiYU40TnkvSnM3Q0lNc1lZc2FIRU5TWVJNZnc9","ID":"1","with_account_biography":"true"}', 1471949538),
(702, 0, 9, 2, '{"token":"MWIxMTVmYzJmNTFmMmY1MGY3YzlhNTBkZmQ3YTMzYjQ3NDgzNjdjZjZmNWI5ZDBlMjcxZGQyYjhkZWViOWJiZGEyNjBiMGUwOGE2Y2JiODlhZDBmMTNkMTliYzcxMzEwN2UwOTc2YzkwMmU0MDJlZjM5MWMwMGUzNDc3MDQ0NTFWeUI5bDNzOTUycVBZVlBkSDRLY0dHOHZDWTlhNHhrUU95Rm9PTnhPdlhjNmNuNGg4WWhtWHd3Y3RnODlXelhhTFhvNlhRd1EyZittS3BpUVk5VUtFVUFIZ3gvWlJrQXMyMVJWbnRkY0t4dmliaHRHRVpTc0M2c1NuL0xkaGRvcjJGb1NoNXhDTkFiaDBzVUZiYU40TnkvSnM3Q0lNc1lZc2FIRU5TWVJNZnc9","ID":"1","with_account_biography":"true"}', 1471949538),
(703, 0, 9, 2, '{"token":"MWIxMTVmYzJmNTFmMmY1MGY3YzlhNTBkZmQ3YTMzYjQ3NDgzNjdjZjZmNWI5ZDBlMjcxZGQyYjhkZWViOWJiZGEyNjBiMGUwOGE2Y2JiODlhZDBmMTNkMTliYzcxMzEwN2UwOTc2YzkwMmU0MDJlZjM5MWMwMGUzNDc3MDQ0NTFWeUI5bDNzOTUycVBZVlBkSDRLY0dHOHZDWTlhNHhrUU95Rm9PTnhPdlhjNmNuNGg4WWhtWHd3Y3RnODlXelhhTFhvNlhRd1EyZittS3BpUVk5VUtFVUFIZ3gvWlJrQXMyMVJWbnRkY0t4dmliaHRHRVpTc0M2c1NuL0xkaGRvcjJGb1NoNXhDTkFiaDBzVUZiYU40TnkvSnM3Q0lNc1lZc2FIRU5TWVJNZnc9","ID":"1","with_account_biography":"true"}', 1471949538),
(704, 0, 9, 2, '{"token":"MWIxMTVmYzJmNTFmMmY1MGY3YzlhNTBkZmQ3YTMzYjQ3NDgzNjdjZjZmNWI5ZDBlMjcxZGQyYjhkZWViOWJiZGEyNjBiMGUwOGE2Y2JiODlhZDBmMTNkMTliYzcxMzEwN2UwOTc2YzkwMmU0MDJlZjM5MWMwMGUzNDc3MDQ0NTFWeUI5bDNzOTUycVBZVlBkSDRLY0dHOHZDWTlhNHhrUU95Rm9PTnhPdlhjNmNuNGg4WWhtWHd3Y3RnODlXelhhTFhvNlhRd1EyZittS3BpUVk5VUtFVUFIZ3gvWlJrQXMyMVJWbnRkY0t4dmliaHRHRVpTc0M2c1NuL0xkaGRvcjJGb1NoNXhDTkFiaDBzVUZiYU40TnkvSnM3Q0lNc1lZc2FIRU5TWVJNZnc9","ID":"1","with_account_biography":"true"}', 1471949539),
(705, 0, 9, 2, '{"token":"MWIxMTVmYzJmNTFmMmY1MGY3YzlhNTBkZmQ3YTMzYjQ3NDgzNjdjZjZmNWI5ZDBlMjcxZGQyYjhkZWViOWJiZGEyNjBiMGUwOGE2Y2JiODlhZDBmMTNkMTliYzcxMzEwN2UwOTc2YzkwMmU0MDJlZjM5MWMwMGUzNDc3MDQ0NTFWeUI5bDNzOTUycVBZVlBkSDRLY0dHOHZDWTlhNHhrUU95Rm9PTnhPdlhjNmNuNGg4WWhtWHd3Y3RnODlXelhhTFhvNlhRd1EyZittS3BpUVk5VUtFVUFIZ3gvWlJrQXMyMVJWbnRkY0t4dmliaHRHRVpTc0M2c1NuL0xkaGRvcjJGb1NoNXhDTkFiaDBzVUZiYU40TnkvSnM3Q0lNc1lZc2FIRU5TWVJNZnc9","ID":"1","with_account_biography":"true"}', 1471949539),
(706, 0, 9, 2, '{"token":"MWIxMTVmYzJmNTFmMmY1MGY3YzlhNTBkZmQ3YTMzYjQ3NDgzNjdjZjZmNWI5ZDBlMjcxZGQyYjhkZWViOWJiZGEyNjBiMGUwOGE2Y2JiODlhZDBmMTNkMTliYzcxMzEwN2UwOTc2YzkwMmU0MDJlZjM5MWMwMGUzNDc3MDQ0NTFWeUI5bDNzOTUycVBZVlBkSDRLY0dHOHZDWTlhNHhrUU95Rm9PTnhPdlhjNmNuNGg4WWhtWHd3Y3RnODlXelhhTFhvNlhRd1EyZittS3BpUVk5VUtFVUFIZ3gvWlJrQXMyMVJWbnRkY0t4dmliaHRHRVpTc0M2c1NuL0xkaGRvcjJGb1NoNXhDTkFiaDBzVUZiYU40TnkvSnM3Q0lNc1lZc2FIRU5TWVJNZnc9","ID":"1","with_account_biography":"true"}', 1471949539),
(707, 0, 9, 2, '{"token":"MWIxMTVmYzJmNTFmMmY1MGY3YzlhNTBkZmQ3YTMzYjQ3NDgzNjdjZjZmNWI5ZDBlMjcxZGQyYjhkZWViOWJiZGEyNjBiMGUwOGE2Y2JiODlhZDBmMTNkMTliYzcxMzEwN2UwOTc2YzkwMmU0MDJlZjM5MWMwMGUzNDc3MDQ0NTFWeUI5bDNzOTUycVBZVlBkSDRLY0dHOHZDWTlhNHhrUU95Rm9PTnhPdlhjNmNuNGg4WWhtWHd3Y3RnODlXelhhTFhvNlhRd1EyZittS3BpUVk5VUtFVUFIZ3gvWlJrQXMyMVJWbnRkY0t4dmliaHRHRVpTc0M2c1NuL0xkaGRvcjJGb1NoNXhDTkFiaDBzVUZiYU40TnkvSnM3Q0lNc1lZc2FIRU5TWVJNZnc9","ID":"1","with_account_biography":"true"}', 1471949539),
(708, 0, 9, 2, '{"token":"MWIxMTVmYzJmNTFmMmY1MGY3YzlhNTBkZmQ3YTMzYjQ3NDgzNjdjZjZmNWI5ZDBlMjcxZGQyYjhkZWViOWJiZGEyNjBiMGUwOGE2Y2JiODlhZDBmMTNkMTliYzcxMzEwN2UwOTc2YzkwMmU0MDJlZjM5MWMwMGUzNDc3MDQ0NTFWeUI5bDNzOTUycVBZVlBkSDRLY0dHOHZDWTlhNHhrUU95Rm9PTnhPdlhjNmNuNGg4WWhtWHd3Y3RnODlXelhhTFhvNlhRd1EyZittS3BpUVk5VUtFVUFIZ3gvWlJrQXMyMVJWbnRkY0t4dmliaHRHRVpTc0M2c1NuL0xkaGRvcjJGb1NoNXhDTkFiaDBzVUZiYU40TnkvSnM3Q0lNc1lZc2FIRU5TWVJNZnc9","ID":"1","with_account_biography":"true"}', 1471949539),
(709, 0, 9, 2, '{"token":"MWIxMTVmYzJmNTFmMmY1MGY3YzlhNTBkZmQ3YTMzYjQ3NDgzNjdjZjZmNWI5ZDBlMjcxZGQyYjhkZWViOWJiZGEyNjBiMGUwOGE2Y2JiODlhZDBmMTNkMTliYzcxMzEwN2UwOTc2YzkwMmU0MDJlZjM5MWMwMGUzNDc3MDQ0NTFWeUI5bDNzOTUycVBZVlBkSDRLY0dHOHZDWTlhNHhrUU95Rm9PTnhPdlhjNmNuNGg4WWhtWHd3Y3RnODlXelhhTFhvNlhRd1EyZittS3BpUVk5VUtFVUFIZ3gvWlJrQXMyMVJWbnRkY0t4dmliaHRHRVpTc0M2c1NuL0xkaGRvcjJGb1NoNXhDTkFiaDBzVUZiYU40TnkvSnM3Q0lNc1lZc2FIRU5TWVJNZnc9","ID":"1","with_account_biography":"true"}', 1471949540),
(710, 0, 9, 2, '{"token":"MWIxMTVmYzJmNTFmMmY1MGY3YzlhNTBkZmQ3YTMzYjQ3NDgzNjdjZjZmNWI5ZDBlMjcxZGQyYjhkZWViOWJiZGEyNjBiMGUwOGE2Y2JiODlhZDBmMTNkMTliYzcxMzEwN2UwOTc2YzkwMmU0MDJlZjM5MWMwMGUzNDc3MDQ0NTFWeUI5bDNzOTUycVBZVlBkSDRLY0dHOHZDWTlhNHhrUU95Rm9PTnhPdlhjNmNuNGg4WWhtWHd3Y3RnODlXelhhTFhvNlhRd1EyZittS3BpUVk5VUtFVUFIZ3gvWlJrQXMyMVJWbnRkY0t4dmliaHRHRVpTc0M2c1NuL0xkaGRvcjJGb1NoNXhDTkFiaDBzVUZiYU40TnkvSnM3Q0lNc1lZc2FIRU5TWVJNZnc9","ID":"1","with_account_biography":"true"}', 1471949540),
(711, 0, 9, 2, '{"token":"MWIxMTVmYzJmNTFmMmY1MGY3YzlhNTBkZmQ3YTMzYjQ3NDgzNjdjZjZmNWI5ZDBlMjcxZGQyYjhkZWViOWJiZGEyNjBiMGUwOGE2Y2JiODlhZDBmMTNkMTliYzcxMzEwN2UwOTc2YzkwMmU0MDJlZjM5MWMwMGUzNDc3MDQ0NTFWeUI5bDNzOTUycVBZVlBkSDRLY0dHOHZDWTlhNHhrUU95Rm9PTnhPdlhjNmNuNGg4WWhtWHd3Y3RnODlXelhhTFhvNlhRd1EyZittS3BpUVk5VUtFVUFIZ3gvWlJrQXMyMVJWbnRkY0t4dmliaHRHRVpTc0M2c1NuL0xkaGRvcjJGb1NoNXhDTkFiaDBzVUZiYU40TnkvSnM3Q0lNc1lZc2FIRU5TWVJNZnc9","ID":"1","with_account_biography":"true"}', 1471949540),
(712, 0, 9, 2, '{"token":"MWIxMTVmYzJmNTFmMmY1MGY3YzlhNTBkZmQ3YTMzYjQ3NDgzNjdjZjZmNWI5ZDBlMjcxZGQyYjhkZWViOWJiZGEyNjBiMGUwOGE2Y2JiODlhZDBmMTNkMTliYzcxMzEwN2UwOTc2YzkwMmU0MDJlZjM5MWMwMGUzNDc3MDQ0NTFWeUI5bDNzOTUycVBZVlBkSDRLY0dHOHZDWTlhNHhrUU95Rm9PTnhPdlhjNmNuNGg4WWhtWHd3Y3RnODlXelhhTFhvNlhRd1EyZittS3BpUVk5VUtFVUFIZ3gvWlJrQXMyMVJWbnRkY0t4dmliaHRHRVpTc0M2c1NuL0xkaGRvcjJGb1NoNXhDTkFiaDBzVUZiYU40TnkvSnM3Q0lNc1lZc2FIRU5TWVJNZnc9","ID":"1","with_account_biography":"true"}', 1471949540),
(713, 0, 9, 2, '{"token":"MWIxMTVmYzJmNTFmMmY1MGY3YzlhNTBkZmQ3YTMzYjQ3NDgzNjdjZjZmNWI5ZDBlMjcxZGQyYjhkZWViOWJiZGEyNjBiMGUwOGE2Y2JiODlhZDBmMTNkMTliYzcxMzEwN2UwOTc2YzkwMmU0MDJlZjM5MWMwMGUzNDc3MDQ0NTFWeUI5bDNzOTUycVBZVlBkSDRLY0dHOHZDWTlhNHhrUU95Rm9PTnhPdlhjNmNuNGg4WWhtWHd3Y3RnODlXelhhTFhvNlhRd1EyZittS3BpUVk5VUtFVUFIZ3gvWlJrQXMyMVJWbnRkY0t4dmliaHRHRVpTc0M2c1NuL0xkaGRvcjJGb1NoNXhDTkFiaDBzVUZiYU40TnkvSnM3Q0lNc1lZc2FIRU5TWVJNZnc9","ID":"1","with_account_biography":"true"}', 1471949540),
(714, 0, 9, 2, '{"token":"MWIxMTVmYzJmNTFmMmY1MGY3YzlhNTBkZmQ3YTMzYjQ3NDgzNjdjZjZmNWI5ZDBlMjcxZGQyYjhkZWViOWJiZGEyNjBiMGUwOGE2Y2JiODlhZDBmMTNkMTliYzcxMzEwN2UwOTc2YzkwMmU0MDJlZjM5MWMwMGUzNDc3MDQ0NTFWeUI5bDNzOTUycVBZVlBkSDRLY0dHOHZDWTlhNHhrUU95Rm9PTnhPdlhjNmNuNGg4WWhtWHd3Y3RnODlXelhhTFhvNlhRd1EyZittS3BpUVk5VUtFVUFIZ3gvWlJrQXMyMVJWbnRkY0t4dmliaHRHRVpTc0M2c1NuL0xkaGRvcjJGb1NoNXhDTkFiaDBzVUZiYU40TnkvSnM3Q0lNc1lZc2FIRU5TWVJNZnc9","ID":"1","with_account_biography":"true"}', 1471949540),
(715, 0, 9, 2, '{"token":"MWIxMTVmYzJmNTFmMmY1MGY3YzlhNTBkZmQ3YTMzYjQ3NDgzNjdjZjZmNWI5ZDBlMjcxZGQyYjhkZWViOWJiZGEyNjBiMGUwOGE2Y2JiODlhZDBmMTNkMTliYzcxMzEwN2UwOTc2YzkwMmU0MDJlZjM5MWMwMGUzNDc3MDQ0NTFWeUI5bDNzOTUycVBZVlBkSDRLY0dHOHZDWTlhNHhrUU95Rm9PTnhPdlhjNmNuNGg4WWhtWHd3Y3RnODlXelhhTFhvNlhRd1EyZittS3BpUVk5VUtFVUFIZ3gvWlJrQXMyMVJWbnRkY0t4dmliaHRHRVpTc0M2c1NuL0xkaGRvcjJGb1NoNXhDTkFiaDBzVUZiYU40TnkvSnM3Q0lNc1lZc2FIRU5TWVJNZnc9","ID":"1","with_account_biography":"true"}', 1471949541),
(716, 0, 9, 2, '{"token":"MWIxMTVmYzJmNTFmMmY1MGY3YzlhNTBkZmQ3YTMzYjQ3NDgzNjdjZjZmNWI5ZDBlMjcxZGQyYjhkZWViOWJiZGEyNjBiMGUwOGE2Y2JiODlhZDBmMTNkMTliYzcxMzEwN2UwOTc2YzkwMmU0MDJlZjM5MWMwMGUzNDc3MDQ0NTFWeUI5bDNzOTUycVBZVlBkSDRLY0dHOHZDWTlhNHhrUU95Rm9PTnhPdlhjNmNuNGg4WWhtWHd3Y3RnODlXelhhTFhvNlhRd1EyZittS3BpUVk5VUtFVUFIZ3gvWlJrQXMyMVJWbnRkY0t4dmliaHRHRVpTc0M2c1NuL0xkaGRvcjJGb1NoNXhDTkFiaDBzVUZiYU40TnkvSnM3Q0lNc1lZc2FIRU5TWVJNZnc9","ID":"1","with_account_biography":"true"}', 1471949541),
(717, 0, 9, 2, '{"token":"MWIxMTVmYzJmNTFmMmY1MGY3YzlhNTBkZmQ3YTMzYjQ3NDgzNjdjZjZmNWI5ZDBlMjcxZGQyYjhkZWViOWJiZGEyNjBiMGUwOGE2Y2JiODlhZDBmMTNkMTliYzcxMzEwN2UwOTc2YzkwMmU0MDJlZjM5MWMwMGUzNDc3MDQ0NTFWeUI5bDNzOTUycVBZVlBkSDRLY0dHOHZDWTlhNHhrUU95Rm9PTnhPdlhjNmNuNGg4WWhtWHd3Y3RnODlXelhhTFhvNlhRd1EyZittS3BpUVk5VUtFVUFIZ3gvWlJrQXMyMVJWbnRkY0t4dmliaHRHRVpTc0M2c1NuL0xkaGRvcjJGb1NoNXhDTkFiaDBzVUZiYU40TnkvSnM3Q0lNc1lZc2FIRU5TWVJNZnc9","ID":"1","with_account_biography":"true"}', 1471949541),
(718, 0, 9, 2, '{"token":"MWIxMTVmYzJmNTFmMmY1MGY3YzlhNTBkZmQ3YTMzYjQ3NDgzNjdjZjZmNWI5ZDBlMjcxZGQyYjhkZWViOWJiZGEyNjBiMGUwOGE2Y2JiODlhZDBmMTNkMTliYzcxMzEwN2UwOTc2YzkwMmU0MDJlZjM5MWMwMGUzNDc3MDQ0NTFWeUI5bDNzOTUycVBZVlBkSDRLY0dHOHZDWTlhNHhrUU95Rm9PTnhPdlhjNmNuNGg4WWhtWHd3Y3RnODlXelhhTFhvNlhRd1EyZittS3BpUVk5VUtFVUFIZ3gvWlJrQXMyMVJWbnRkY0t4dmliaHRHRVpTc0M2c1NuL0xkaGRvcjJGb1NoNXhDTkFiaDBzVUZiYU40TnkvSnM3Q0lNc1lZc2FIRU5TWVJNZnc9","ID":"1","with_account_biography":"true"}', 1471949541),
(719, 0, 9, 2, '{"token":"MWIxMTVmYzJmNTFmMmY1MGY3YzlhNTBkZmQ3YTMzYjQ3NDgzNjdjZjZmNWI5ZDBlMjcxZGQyYjhkZWViOWJiZGEyNjBiMGUwOGE2Y2JiODlhZDBmMTNkMTliYzcxMzEwN2UwOTc2YzkwMmU0MDJlZjM5MWMwMGUzNDc3MDQ0NTFWeUI5bDNzOTUycVBZVlBkSDRLY0dHOHZDWTlhNHhrUU95Rm9PTnhPdlhjNmNuNGg4WWhtWHd3Y3RnODlXelhhTFhvNlhRd1EyZittS3BpUVk5VUtFVUFIZ3gvWlJrQXMyMVJWbnRkY0t4dmliaHRHRVpTc0M2c1NuL0xkaGRvcjJGb1NoNXhDTkFiaDBzVUZiYU40TnkvSnM3Q0lNc1lZc2FIRU5TWVJNZnc9","ID":"1","with_account_biography":"true"}', 1471949541),
(720, 0, 9, 2, '{"token":"MWIxMTVmYzJmNTFmMmY1MGY3YzlhNTBkZmQ3YTMzYjQ3NDgzNjdjZjZmNWI5ZDBlMjcxZGQyYjhkZWViOWJiZGEyNjBiMGUwOGE2Y2JiODlhZDBmMTNkMTliYzcxMzEwN2UwOTc2YzkwMmU0MDJlZjM5MWMwMGUzNDc3MDQ0NTFWeUI5bDNzOTUycVBZVlBkSDRLY0dHOHZDWTlhNHhrUU95Rm9PTnhPdlhjNmNuNGg4WWhtWHd3Y3RnODlXelhhTFhvNlhRd1EyZittS3BpUVk5VUtFVUFIZ3gvWlJrQXMyMVJWbnRkY0t4dmliaHRHRVpTc0M2c1NuL0xkaGRvcjJGb1NoNXhDTkFiaDBzVUZiYU40TnkvSnM3Q0lNc1lZc2FIRU5TWVJNZnc9","ID":"1","with_account_biography":"true"}', 1471949542),
(721, 0, 9, 2, '{"token":"MWIxMTVmYzJmNTFmMmY1MGY3YzlhNTBkZmQ3YTMzYjQ3NDgzNjdjZjZmNWI5ZDBlMjcxZGQyYjhkZWViOWJiZGEyNjBiMGUwOGE2Y2JiODlhZDBmMTNkMTliYzcxMzEwN2UwOTc2YzkwMmU0MDJlZjM5MWMwMGUzNDc3MDQ0NTFWeUI5bDNzOTUycVBZVlBkSDRLY0dHOHZDWTlhNHhrUU95Rm9PTnhPdlhjNmNuNGg4WWhtWHd3Y3RnODlXelhhTFhvNlhRd1EyZittS3BpUVk5VUtFVUFIZ3gvWlJrQXMyMVJWbnRkY0t4dmliaHRHRVpTc0M2c1NuL0xkaGRvcjJGb1NoNXhDTkFiaDBzVUZiYU40TnkvSnM3Q0lNc1lZc2FIRU5TWVJNZnc9","ID":"1","with_account_biography":"true"}', 1471949542),
(722, 0, 9, 2, '{"token":"MWIxMTVmYzJmNTFmMmY1MGY3YzlhNTBkZmQ3YTMzYjQ3NDgzNjdjZjZmNWI5ZDBlMjcxZGQyYjhkZWViOWJiZGEyNjBiMGUwOGE2Y2JiODlhZDBmMTNkMTliYzcxMzEwN2UwOTc2YzkwMmU0MDJlZjM5MWMwMGUzNDc3MDQ0NTFWeUI5bDNzOTUycVBZVlBkSDRLY0dHOHZDWTlhNHhrUU95Rm9PTnhPdlhjNmNuNGg4WWhtWHd3Y3RnODlXelhhTFhvNlhRd1EyZittS3BpUVk5VUtFVUFIZ3gvWlJrQXMyMVJWbnRkY0t4dmliaHRHRVpTc0M2c1NuL0xkaGRvcjJGb1NoNXhDTkFiaDBzVUZiYU40TnkvSnM3Q0lNc1lZc2FIRU5TWVJNZnc9","ID":"1","with_account_biography":"true"}', 1471949542),
(723, 0, 9, 2, '{"token":"MWIxMTVmYzJmNTFmMmY1MGY3YzlhNTBkZmQ3YTMzYjQ3NDgzNjdjZjZmNWI5ZDBlMjcxZGQyYjhkZWViOWJiZGEyNjBiMGUwOGE2Y2JiODlhZDBmMTNkMTliYzcxMzEwN2UwOTc2YzkwMmU0MDJlZjM5MWMwMGUzNDc3MDQ0NTFWeUI5bDNzOTUycVBZVlBkSDRLY0dHOHZDWTlhNHhrUU95Rm9PTnhPdlhjNmNuNGg4WWhtWHd3Y3RnODlXelhhTFhvNlhRd1EyZittS3BpUVk5VUtFVUFIZ3gvWlJrQXMyMVJWbnRkY0t4dmliaHRHRVpTc0M2c1NuL0xkaGRvcjJGb1NoNXhDTkFiaDBzVUZiYU40TnkvSnM3Q0lNc1lZc2FIRU5TWVJNZnc9","ID":"1","with_account_biography":"true"}', 1471949542),
(724, 0, 9, 2, '{"token":"MWIxMTVmYzJmNTFmMmY1MGY3YzlhNTBkZmQ3YTMzYjQ3NDgzNjdjZjZmNWI5ZDBlMjcxZGQyYjhkZWViOWJiZGEyNjBiMGUwOGE2Y2JiODlhZDBmMTNkMTliYzcxMzEwN2UwOTc2YzkwMmU0MDJlZjM5MWMwMGUzNDc3MDQ0NTFWeUI5bDNzOTUycVBZVlBkSDRLY0dHOHZDWTlhNHhrUU95Rm9PTnhPdlhjNmNuNGg4WWhtWHd3Y3RnODlXelhhTFhvNlhRd1EyZittS3BpUVk5VUtFVUFIZ3gvWlJrQXMyMVJWbnRkY0t4dmliaHRHRVpTc0M2c1NuL0xkaGRvcjJGb1NoNXhDTkFiaDBzVUZiYU40TnkvSnM3Q0lNc1lZc2FIRU5TWVJNZnc9","ID":"1","with_account_biography":"true"}', 1471949542);
INSERT INTO `action_log` (`ID`, `account_ID`, `api_controller_ID`, `access_number_ID`, `detail`, `datetime`) VALUES
(725, 0, 9, 2, '{"token":"MWIxMTVmYzJmNTFmMmY1MGY3YzlhNTBkZmQ3YTMzYjQ3NDgzNjdjZjZmNWI5ZDBlMjcxZGQyYjhkZWViOWJiZGEyNjBiMGUwOGE2Y2JiODlhZDBmMTNkMTliYzcxMzEwN2UwOTc2YzkwMmU0MDJlZjM5MWMwMGUzNDc3MDQ0NTFWeUI5bDNzOTUycVBZVlBkSDRLY0dHOHZDWTlhNHhrUU95Rm9PTnhPdlhjNmNuNGg4WWhtWHd3Y3RnODlXelhhTFhvNlhRd1EyZittS3BpUVk5VUtFVUFIZ3gvWlJrQXMyMVJWbnRkY0t4dmliaHRHRVpTc0M2c1NuL0xkaGRvcjJGb1NoNXhDTkFiaDBzVUZiYU40TnkvSnM3Q0lNc1lZc2FIRU5TWVJNZnc9","ID":"1","with_account_biography":"true"}', 1471949543),
(726, 0, 9, 2, '{"token":"MWIxMTVmYzJmNTFmMmY1MGY3YzlhNTBkZmQ3YTMzYjQ3NDgzNjdjZjZmNWI5ZDBlMjcxZGQyYjhkZWViOWJiZGEyNjBiMGUwOGE2Y2JiODlhZDBmMTNkMTliYzcxMzEwN2UwOTc2YzkwMmU0MDJlZjM5MWMwMGUzNDc3MDQ0NTFWeUI5bDNzOTUycVBZVlBkSDRLY0dHOHZDWTlhNHhrUU95Rm9PTnhPdlhjNmNuNGg4WWhtWHd3Y3RnODlXelhhTFhvNlhRd1EyZittS3BpUVk5VUtFVUFIZ3gvWlJrQXMyMVJWbnRkY0t4dmliaHRHRVpTc0M2c1NuL0xkaGRvcjJGb1NoNXhDTkFiaDBzVUZiYU40TnkvSnM3Q0lNc1lZc2FIRU5TWVJNZnc9","ID":"1","with_account_biography":"true"}', 1471949543),
(727, 0, 9, 2, '{"token":"MWIxMTVmYzJmNTFmMmY1MGY3YzlhNTBkZmQ3YTMzYjQ3NDgzNjdjZjZmNWI5ZDBlMjcxZGQyYjhkZWViOWJiZGEyNjBiMGUwOGE2Y2JiODlhZDBmMTNkMTliYzcxMzEwN2UwOTc2YzkwMmU0MDJlZjM5MWMwMGUzNDc3MDQ0NTFWeUI5bDNzOTUycVBZVlBkSDRLY0dHOHZDWTlhNHhrUU95Rm9PTnhPdlhjNmNuNGg4WWhtWHd3Y3RnODlXelhhTFhvNlhRd1EyZittS3BpUVk5VUtFVUFIZ3gvWlJrQXMyMVJWbnRkY0t4dmliaHRHRVpTc0M2c1NuL0xkaGRvcjJGb1NoNXhDTkFiaDBzVUZiYU40TnkvSnM3Q0lNc1lZc2FIRU5TWVJNZnc9","ID":"1","with_account_biography":"true"}', 1471949543),
(728, 0, 9, 2, '{"token":"MWIxMTVmYzJmNTFmMmY1MGY3YzlhNTBkZmQ3YTMzYjQ3NDgzNjdjZjZmNWI5ZDBlMjcxZGQyYjhkZWViOWJiZGEyNjBiMGUwOGE2Y2JiODlhZDBmMTNkMTliYzcxMzEwN2UwOTc2YzkwMmU0MDJlZjM5MWMwMGUzNDc3MDQ0NTFWeUI5bDNzOTUycVBZVlBkSDRLY0dHOHZDWTlhNHhrUU95Rm9PTnhPdlhjNmNuNGg4WWhtWHd3Y3RnODlXelhhTFhvNlhRd1EyZittS3BpUVk5VUtFVUFIZ3gvWlJrQXMyMVJWbnRkY0t4dmliaHRHRVpTc0M2c1NuL0xkaGRvcjJGb1NoNXhDTkFiaDBzVUZiYU40TnkvSnM3Q0lNc1lZc2FIRU5TWVJNZnc9","ID":"1","with_account_biography":"true"}', 1471949543),
(729, 0, 9, 2, '{"token":"MWIxMTVmYzJmNTFmMmY1MGY3YzlhNTBkZmQ3YTMzYjQ3NDgzNjdjZjZmNWI5ZDBlMjcxZGQyYjhkZWViOWJiZGEyNjBiMGUwOGE2Y2JiODlhZDBmMTNkMTliYzcxMzEwN2UwOTc2YzkwMmU0MDJlZjM5MWMwMGUzNDc3MDQ0NTFWeUI5bDNzOTUycVBZVlBkSDRLY0dHOHZDWTlhNHhrUU95Rm9PTnhPdlhjNmNuNGg4WWhtWHd3Y3RnODlXelhhTFhvNlhRd1EyZittS3BpUVk5VUtFVUFIZ3gvWlJrQXMyMVJWbnRkY0t4dmliaHRHRVpTc0M2c1NuL0xkaGRvcjJGb1NoNXhDTkFiaDBzVUZiYU40TnkvSnM3Q0lNc1lZc2FIRU5TWVJNZnc9","ID":"1","with_account_biography":"true"}', 1471949543),
(730, 0, 9, 2, '{"token":"MWIxMTVmYzJmNTFmMmY1MGY3YzlhNTBkZmQ3YTMzYjQ3NDgzNjdjZjZmNWI5ZDBlMjcxZGQyYjhkZWViOWJiZGEyNjBiMGUwOGE2Y2JiODlhZDBmMTNkMTliYzcxMzEwN2UwOTc2YzkwMmU0MDJlZjM5MWMwMGUzNDc3MDQ0NTFWeUI5bDNzOTUycVBZVlBkSDRLY0dHOHZDWTlhNHhrUU95Rm9PTnhPdlhjNmNuNGg4WWhtWHd3Y3RnODlXelhhTFhvNlhRd1EyZittS3BpUVk5VUtFVUFIZ3gvWlJrQXMyMVJWbnRkY0t4dmliaHRHRVpTc0M2c1NuL0xkaGRvcjJGb1NoNXhDTkFiaDBzVUZiYU40TnkvSnM3Q0lNc1lZc2FIRU5TWVJNZnc9","ID":"1","with_account_biography":"true"}', 1471949544),
(731, 0, 9, 2, '{"token":"MWIxMTVmYzJmNTFmMmY1MGY3YzlhNTBkZmQ3YTMzYjQ3NDgzNjdjZjZmNWI5ZDBlMjcxZGQyYjhkZWViOWJiZGEyNjBiMGUwOGE2Y2JiODlhZDBmMTNkMTliYzcxMzEwN2UwOTc2YzkwMmU0MDJlZjM5MWMwMGUzNDc3MDQ0NTFWeUI5bDNzOTUycVBZVlBkSDRLY0dHOHZDWTlhNHhrUU95Rm9PTnhPdlhjNmNuNGg4WWhtWHd3Y3RnODlXelhhTFhvNlhRd1EyZittS3BpUVk5VUtFVUFIZ3gvWlJrQXMyMVJWbnRkY0t4dmliaHRHRVpTc0M2c1NuL0xkaGRvcjJGb1NoNXhDTkFiaDBzVUZiYU40TnkvSnM3Q0lNc1lZc2FIRU5TWVJNZnc9","ID":"1","with_account_biography":"true"}', 1471949544),
(732, 0, 9, 2, '{"token":"MWIxMTVmYzJmNTFmMmY1MGY3YzlhNTBkZmQ3YTMzYjQ3NDgzNjdjZjZmNWI5ZDBlMjcxZGQyYjhkZWViOWJiZGEyNjBiMGUwOGE2Y2JiODlhZDBmMTNkMTliYzcxMzEwN2UwOTc2YzkwMmU0MDJlZjM5MWMwMGUzNDc3MDQ0NTFWeUI5bDNzOTUycVBZVlBkSDRLY0dHOHZDWTlhNHhrUU95Rm9PTnhPdlhjNmNuNGg4WWhtWHd3Y3RnODlXelhhTFhvNlhRd1EyZittS3BpUVk5VUtFVUFIZ3gvWlJrQXMyMVJWbnRkY0t4dmliaHRHRVpTc0M2c1NuL0xkaGRvcjJGb1NoNXhDTkFiaDBzVUZiYU40TnkvSnM3Q0lNc1lZc2FIRU5TWVJNZnc9","ID":"1","with_account_biography":"true"}', 1471949544),
(733, 0, 9, 2, '{"token":"MWIxMTVmYzJmNTFmMmY1MGY3YzlhNTBkZmQ3YTMzYjQ3NDgzNjdjZjZmNWI5ZDBlMjcxZGQyYjhkZWViOWJiZGEyNjBiMGUwOGE2Y2JiODlhZDBmMTNkMTliYzcxMzEwN2UwOTc2YzkwMmU0MDJlZjM5MWMwMGUzNDc3MDQ0NTFWeUI5bDNzOTUycVBZVlBkSDRLY0dHOHZDWTlhNHhrUU95Rm9PTnhPdlhjNmNuNGg4WWhtWHd3Y3RnODlXelhhTFhvNlhRd1EyZittS3BpUVk5VUtFVUFIZ3gvWlJrQXMyMVJWbnRkY0t4dmliaHRHRVpTc0M2c1NuL0xkaGRvcjJGb1NoNXhDTkFiaDBzVUZiYU40TnkvSnM3Q0lNc1lZc2FIRU5TWVJNZnc9","ID":"1","with_account_biography":"true"}', 1471949544),
(734, 0, 9, 2, '{"token":"MWIxMTVmYzJmNTFmMmY1MGY3YzlhNTBkZmQ3YTMzYjQ3NDgzNjdjZjZmNWI5ZDBlMjcxZGQyYjhkZWViOWJiZGEyNjBiMGUwOGE2Y2JiODlhZDBmMTNkMTliYzcxMzEwN2UwOTc2YzkwMmU0MDJlZjM5MWMwMGUzNDc3MDQ0NTFWeUI5bDNzOTUycVBZVlBkSDRLY0dHOHZDWTlhNHhrUU95Rm9PTnhPdlhjNmNuNGg4WWhtWHd3Y3RnODlXelhhTFhvNlhRd1EyZittS3BpUVk5VUtFVUFIZ3gvWlJrQXMyMVJWbnRkY0t4dmliaHRHRVpTc0M2c1NuL0xkaGRvcjJGb1NoNXhDTkFiaDBzVUZiYU40TnkvSnM3Q0lNc1lZc2FIRU5TWVJNZnc9","ID":"1","with_account_biography":"true"}', 1471949545),
(735, 0, 9, 2, '{"token":"Mjg3MTczMjU2MGY1NTYwY2ZkNmM4ODQ5MTAyOTljMWQ3ZTk5ZGFmZWM2ZWMxMDk2M2MyNWQzZDlkZGZkOWI3YTYzMjIxYmY0M2I0MGE3YThiZDhlMTYwOGU5NmY1ZjAyNjRiMDM1MWU2MjczYjljMGUwNDkxYjIxNGRlMDg3MzZsUjFmNDJRRVhhc2dpQVNRZ1JkeHNqVjZpUGRDK1RpYmtkQmZFNDFCRmRjY0RWTjlFZmZ3SEVjTVFwcEFhaG90cU03bTVpS0xBbFhETlN5ZXBqTStnSUIxbWZVWXMyVjZqb1dXSi85YlhBTDQxd2hML1VxOXprbTA2NWcwN21ZQUU4cGtRUlppS0IxcHVUa3pJOGtpRGJndVpUVU5PSHI3czdtYng4Yi83TUU9","ID":"1","with_account_biography":"true"}', 1471949572),
(736, 0, 9, 2, '{"token":"Y2YxNzg0YWZmMTk4ODk5ZjQyOGZhOGUyN2Q5MWY0MTY4NDc0MzZlNTZjZjJiODQzOTQ2NjNlZDBiNjk5MTA4OGQ4NTI1OWU2NzJlNWY5MmViN2FlMDUyZWIwM2VlNjYwZGE3MjIyOWRkMjZlODk2MWRhNmZkNzQ5ZjBlMzlkZmVZTGZtdlpQT0kxaW10VVF6WUtJK29hUC8yZXN4czgraG5QZWVBd1h0SktJVmFTdEJjeDdMRldvd1B3TTlmS0ZmK3hlSUZ0NU5GZXVxd2NRSGtRb3cvaXp4OEcxS3NkUkE5Mmxsc2RGMG9PREJySWRuN2t4M1BDd3hyQnJpUzdLelpwRjZaWDVFMTAvcmhBaTdrakcyVTdISnE3eXlUdlMvZ1lhZEgrK1lRUmc9","ID":"1","with_account_biography":"true"}', 1471949596),
(737, 0, 9, 2, '{"token":"null","ID":"1","with_account_biography":"true"}', 1471949787),
(738, 0, 9, 2, '{"token":"null","ID":"1","with_account_biography":"true"}', 1471949807),
(739, 0, 9, 2, '{"token":"null","ID":"1","with_account_biography":"true"}', 1471949829),
(740, 0, 9, 2, '{"token":"null","ID":"1","with_account_biography":"true"}', 1471949844),
(741, 0, 9, 2, '{"token":"null","ID":"1","with_account_biography":"true"}', 1471949923),
(742, 0, 9, 2, '{"token":"null","ID":"1","with_account_biography":"true"}', 1471949952),
(743, 0, 9, 2, '{"token":"null","ID":"1","with_account_biography":"true"}', 1471949959),
(744, 0, 9, 2, '{"token":"null","ID":"1","with_account_biography":"true"}', 1471949969),
(745, 0, 9, 2, '{"token":"null","ID":"1","with_account_biography":"true"}', 1471950013),
(746, 0, 9, 2, '{"token":"null","ID":"1","with_account_biography":"true"}', 1471950099),
(747, 0, 9, 2, '{"token":"null","ID":"1","with_account_biography":"true"}', 1471950133),
(748, 0, 9, 2, '{"token":"null","ID":"1","with_account_biography":"true"}', 1471957145),
(749, 1, 1, 2, '{"result_limit":"5"}', 1472117300),
(750, 1, 9, 2, '{"result_limit":"5"}', 1472117301),
(751, 0, 9, 2, '{"result_limit":"5"}', 1472117368),
(752, 0, 9, 2, '[]', 1472118330),
(753, 1, 1, 2, '{"result_limit":"5"}', 1472120477),
(754, 0, 1, 2, '{"result_limit":"5"}', 1472120479),
(755, 0, 1, 2, '{"result_limit":"5"}', 1472120482),
(756, 0, 1, 2, '{"result_limit":"5"}', 1472120483),
(757, 1, 9, 2, '{"result_limit":"5"}', 1472121368),
(758, 1, 9, 2, '{"result_limit":"5"}', 1472121588),
(759, 1, 1, 2, '{"result_limit":"5"}', 1472121589),
(760, 1, 1, 2, '{"result_limit":"5"}', 1472121590),
(761, 1, 1, 2, '{"result_limit":"5"}', 1472121905),
(762, 1, 9, 2, '{"ID":"1","with_account_biography":"true"}', 1472121941),
(763, 1, 9, 2, '{"ID":"2","with_account_biography":"true"}', 1472121957),
(764, 1, 9, 2, '{"ID":"2","with_account_biography":"true"}', 1472122022),
(765, 1, 9, 2, '{"ID":"1","with_account_biography":"true"}', 1472122027),
(766, 1, 9, 2, '{"ID":"1","with_account_biography":"true"}', 1472122100),
(767, 1, 9, 2, '{"ID":"1","with_account_biography":"true"}', 1472122105),
(768, 1, 9, 2, '{"ID":"1","with_account_biography":"true"}', 1472122107),
(769, 1, 9, 2, '{"ID":"1","with_account_biography":"true"}', 1472122107),
(770, 1, 9, 2, '{"ID":"1","with_account_biography":"true"}', 1472122108),
(771, 1, 9, 2, '{"ID":"1","with_account_biography":"true"}', 1472122108),
(772, 1, 9, 2, '{"ID":"1","with_account_biography":"true"}', 1472122109),
(773, 1, 9, 2, '{"ID":"1","with_account_biography":"true"}', 1472122194),
(774, 1, 9, 2, '{"ID":"1","with_account_biography":"true"}', 1472122344),
(775, 1, 9, 2, '{"ID":"1","with_account_biography":"true"}', 1472122388),
(776, 1, 9, 2, '{"ID":"1","with_account_biography":"true"}', 1472122609),
(777, 0, 9, 4, '{"updated_data":{"account__password":"","account_information__country":"Philippines","account_information__email_address":"plenosjohn@yahoo.com","account_information__last_name":"Cruz1","account_information__first_name":"Juan","account_information_middle_name":"Dela"},"condition":{"account_biography__ID":""},"ID":"1"}', 1472124020),
(778, 0, 9, 4, '{"updated_data":{"account__password":"","account_information__country":"Philippines","account_information__email_address":"plenosjohn@yahoo.com","account_information__last_name":"Cruz1","account_information__first_name":"Juan","account_information_middle_name":"Dela"},"condition":{"account_biography__ID":""},"ID":"1"}', 1472124054),
(779, 0, 9, 4, '{"updated_data":{"account__password":"","account_information__country":"Philippines","account_information__email_address":"plenosjohn@yahoo.com","account_information__last_name":"Cruz1","account_information__first_name":"Juan","account_information_middle_name":"Dela"},"condition":{"account_biography__ID":""},"ID":"1"}', 1472124090),
(780, 0, 9, 4, '{"updated_data":{"account__password":"","account_information__country":"Philippines","account_information__email_address":"plenosjohn@yahoo.com","account_information__last_name":"Cruz1","account_information__first_name":"Juan","account_information_middle_name":"Dela"},"condition":{"account_biography__ID":""},"ID":"1"}', 1472124125),
(781, 0, 9, 4, '{"updated_data":{"account__password":"","account_information__country":"Philippines","account_information__email_address":"plenosjohn@yahoo.com","account_information__last_name":"Cruz1","account_information__first_name":"Juan","account_information_middle_name":"Dela"},"condition":{"account_biography__ID":""},"ID":"1"}', 1472124139),
(782, 0, 9, 4, '{"updated_data":{"account__password":"","account_information__country":"Philippines","account_information__email_address":"plenosjohn@yahoo.com","account_information__last_name":"Cruz1","account_information__first_name":"Juan","account_information_middle_name":"Dela"},"condition":{"account_biography__ID":""},"ID":"1"}', 1472124146),
(783, 0, 9, 4, '{"updated_data":{"account__password":"","account_information__country":"Philippines","account_information__email_address":"plenosjohn@yahoo.com","account_information__last_name":"Cruz1","account_information__first_name":"Juan","account_information_middle_name":"Dela"},"condition":{"account_biography__ID":""},"ID":"1"}', 1472124166),
(784, 1, 9, 2, '{"ID":"1","with_account_biography":"true"}', 1472124658),
(785, 1, 9, 4, '{"ID":"1","updated_data":{"account_information__first_name":"Juan","account_information__middle_name":"Dela","account_information__last_name":"Cruz1","account_information__country":"Philippines","account_information__email_address":"plenosjohn@yahoo.com","account__password":"","account_biography__ID":""}}', 1472124663),
(786, 0, 9, 4, '{"updated_data":{"account__password":"","account_information__country":"Philippines","account_information__email_address":"plenosjohn@yahoo.com","account_information__last_name":"Cruz1","account_information__first_name":"Juan","account_information_middle_name":"Dela"},"condition":{"account_biography__ID":""},"ID":"1"}', 1472124738),
(787, 1, 9, 4, '{"ID":"1","updated_data":{"account_information__first_name":"Juan","account_information__middle_name":"Dela","account_information__last_name":"Cruz1","account_information__country":"Philippines","account_information__email_address":"plenosjohn@yahoo.com","account__password":"","account_biography__ID":""}}', 1472124740),
(788, 0, 9, 2, '{"ID":"0","with_account_biography":"true"}', 1472124766),
(789, 1, 9, 2, '{"ID":"0","with_account_biography":"true"}', 1472124879),
(790, 0, 9, 2, '{"ID":"0","with_account_biography":"true"}', 1472124894),
(791, 0, 9, 2, '{"ID":"0","with_account_biography":"true"}', 1472124981),
(792, 0, 9, 2, '{"ID":"0","with_account_biography":"true"}', 1472125008),
(793, 0, 9, 2, '{"ID":"0","with_account_biography":"true"}', 1472125051),
(794, 0, 9, 2, '{"ID":"0","with_account_biography":"true"}', 1472125070),
(795, 0, 9, 2, '{"ID":"0","with_account_biography":"true"}', 1472125107),
(796, 0, 9, 2, '{"ID":"0","with_account_biography":"true"}', 1472125165),
(797, 1, 9, 2, '{"ID":"1","with_account_biography":"true"}', 1472125360),
(798, 1, 9, 2, '{"ID":"1","with_account_biography":"true"}', 1472125372),
(799, 1, 9, 2, '{"ID":"1","with_account_biography":"true"}', 1472125470),
(800, 1, 9, 2, '{"ID":"1","with_account_biography":"true"}', 1472125498),
(801, 1, 9, 2, '{"ID":"1","with_account_biography":"true"}', 1472125578),
(802, 1, 9, 2, '{"ID":"1","with_account_biography":"true"}', 1472125607),
(803, 1, 9, 2, '{"ID":"1","with_account_biography":"true"}', 1472125648),
(804, 1, 9, 2, '{"ID":"1","with_account_biography":"true"}', 1472125729),
(805, 1, 9, 2, '{"ID":"1","with_account_biography":"true"}', 1472125760),
(806, 1, 9, 2, '{"ID":"1","with_account_biography":"true"}', 1472125775),
(807, 1, 9, 2, '{"ID":"1","with_account_biography":"true"}', 1472125800),
(808, 1, 9, 2, '{"ID":"1","with_account_biography":"true"}', 1472125822),
(809, 1, 9, 2, '{"ID":"1","with_account_biography":"true"}', 1472125828),
(810, 1, 9, 2, '{"ID":"1","with_account_biography":"true"}', 1472125875),
(811, 1, 9, 2, '{"ID":"1","with_account_biography":"true"}', 1472125946),
(812, 1, 9, 2, '{"ID":"1","with_account_biography":"true"}', 1472125960),
(813, 1, 9, 2, '{"ID":"1","with_account_biography":"true"}', 1472125973),
(814, 1, 9, 2, '{"ID":"1","with_account_biography":"true"}', 1472125985),
(815, 1, 9, 4, '{"ID":"1","updated_data":{"account_information__first_name":"Juan","account_information__middle_name":"Dela","account_information__last_name":"Cruz","account_information__country":"Philippines","account_biography__ID":""}}', 1472126775),
(816, 1, 9, 4, '{"ID":"1","updated_data":{"account_information__first_name":"Juan","account_information__middle_name":"Dela","account_information__last_name":"Cruz1","account_information__country":"Philippines","account_biography__ID":""}}', 1472126777),
(817, 1, 9, 4, '{"ID":"1","updated_data":{"account_information__first_name":"Juan","account_information__middle_name":"Dela2","account_information__last_name":"Cruz1","account_information__country":"Philippines","account_biography__ID":""}}', 1472126779),
(818, 0, 9, 2, '{"ID":"1","with_account_biography":"true"}', 1472126902),
(819, 0, 9, 2, '{"ID":"1","with_account_biography":"true"}', 1472126908),
(820, 1, 9, 2, '{"ID":"1","with_account_biography":"true"}', 1472126918),
(821, 1, 9, 4, '{"ID":"1","updated_data":{"account_information__first_name":"Juana","account_information__middle_name":"Delaa","account_information__last_name":"Cruz1a","account_information__country":"Philippines","account_biography__ID":""}}', 1472126923),
(822, 1, 9, 2, '{"ID":"1","with_account_biography":"true"}', 1472126929),
(823, 1, 9, 2, '{"ID":"1","with_account_biography":"true"}', 1472126961),
(824, 1, 9, 2, '{"ID":"1","with_account_biography":"true"}', 1472127483),
(825, 1, 9, 2, '{"ID":"1","with_account_biography":"true"}', 1472127532),
(826, 1, 9, 2, '{"ID":"1","with_account_biography":"true"}', 1472127538),
(827, 1, 9, 2, '{"ID":"1","with_account_biography":"true"}', 1472127545),
(828, 1, 9, 2, '{"ID":"1","with_account_biography":"true"}', 1472127553),
(829, 1, 9, 2, '{"ID":"1","with_account_biography":"true"}', 1472127613),
(830, 1, 9, 2, '{"ID":"1","with_account_biography":"true"}', 1472127624),
(831, 1, 9, 2, '{"ID":"1","with_account_biography":"true"}', 1472127632),
(832, 1, 9, 2, '{"ID":"1","with_account_biography":"true"}', 1472127638),
(833, 1, 9, 2, '{"ID":"1","with_account_biography":"true"}', 1472128128),
(834, 1, 9, 2, '{"ID":"1","with_account_biography":"true"}', 1472128162),
(835, 1, 9, 4, '{"ID":"1","updated_data":{"account_information__first_name":"Juana","account_information__middle_name":"Delaa","account_information__last_name":"Cruz1a","account_information__country":"Philippines","account_biography__ID":""}}', 1472130731),
(836, 1, 9, 2, '{"ID":"1","with_account_biography":"true"}', 1472130732),
(837, 1, 9, 4, '{"ID":"1","updated_data":{"account_information__first_name":"Juana","account_information__middle_name":"Delaa","account_information__last_name":"Cruz1a","account_information__country":"Philippines","account_biography__ID":""}}', 1472130831),
(838, 1, 9, 2, '{"ID":"1","with_account_biography":"true"}', 1472130864),
(839, 1, 9, 4, '{"ID":"1","updated_data":{"account_information__first_name":"Juana","account_information__middle_name":"Delaa","account_information__last_name":"Cruz1a","account_information__country":"Philippines","account_biography__ID":""}}', 1472130869),
(840, 1, 9, 2, '{"ID":"1","with_account_biography":"true"}', 1472130903),
(841, 1, 9, 4, '{"ID":"1","updated_data":{"account_information__first_name":"Juana","account_information__middle_name":"Delaa","account_information__last_name":"Cruz1a","account_information__country":"Philippines","account_biography__ID":""}}', 1472130906),
(842, 1, 9, 2, '{"ID":"1","with_account_biography":"true"}', 1472130941),
(843, 1, 9, 4, '{"ID":"1","updated_data":{"account_information__first_name":"Juana","account_information__middle_name":"Delaa","account_information__last_name":"Cruz1a","account_information__country":"Philippines","account_biography__ID":""}}', 1472130942),
(844, 1, 9, 2, '{"ID":"1","with_account_biography":"true"}', 1472131027),
(845, 1, 9, 2, '{"ID":"1","with_account_biography":"true"}', 1472131117),
(846, 1, 9, 4, '{"ID":"1","updated_data":{"account_information__first_name":"Juana","account_information__middle_name":"Delaa","account_information__last_name":"Cruz1a","account_information__country":"Philippines","account_biography__ID":"","account_biography__detail":"asdsda"}}', 1472131119),
(847, 1, 9, 2, '{"ID":"1","with_account_biography":"true"}', 1472131125),
(848, 1, 9, 4, '{"ID":"1","updated_data":{"account_information__first_name":"Juana213213","account_information__middle_name":"Delaa","account_information__last_name":"Cruz1a","account_information__country":"Philippines","account_biography__ID":"1","account_biography__detail":"asdsda"}}', 1472131200),
(849, 1, 9, 4, '{"ID":"1","updated_data":{"account_information__first_name":"Juana213213","account_information__middle_name":"Delaa","account_information__last_name":"Cruz1a","account_information__country":"Philippines","account_biography__ID":"1","account_biography__detail":"asdsda"}}', 1472131201),
(850, 1, 9, 2, '{"ID":"1","with_account_biography":"true"}', 1472131261),
(851, 1, 9, 2, '{"ID":"1","with_account_biography":"true"}', 1472131287),
(852, 1, 9, 2, '{"ID":"1","with_account_biography":"true"}', 1472131449),
(853, 1, 9, 2, '{"ID":"1","with_account_biography":"true"}', 1472131485),
(854, 1, 9, 2, '{"ID":"1","with_account_biography":"true"}', 1472131510),
(855, 1, 9, 2, '{"ID":"1","with_account_biography":"true"}', 1472131812),
(856, 1, 9, 2, '{"ID":"1","with_account_biography":"true"}', 1472131960),
(857, 1, 9, 2, '{"ID":"1","with_account_biography":"true"}', 1472131976),
(858, 1, 9, 2, '{"ID":"1","with_account_biography":"true"}', 1472132098),
(859, 1, 9, 2, '{"ID":"1","with_account_biography":"true"}', 1472132249),
(860, 1, 9, 2, '{"ID":"1","with_account_biography":"true"}', 1472132267),
(861, 1, 9, 2, '{"ID":"1","with_account_biography":"true"}', 1472132289),
(862, 1, 9, 2, '{"ID":"1","with_account_biography":"true"}', 1472132304),
(863, 1, 9, 2, '{"ID":"1","with_account_biography":"true"}', 1472132312),
(864, 1, 9, 2, '{"ID":"1","with_account_biography":"true"}', 1472132325),
(865, 1, 9, 2, '{"ID":"1","with_account_biography":"true"}', 1472132349),
(866, 1, 9, 2, '{"ID":"1","with_account_biography":"true"}', 1472132377),
(867, 1, 9, 2, '{"ID":"1","with_account_biography":"true"}', 1472132391),
(868, 1, 9, 2, '{"ID":"1","with_account_biography":"true"}', 1472132445),
(869, 1, 9, 2, '{"ID":"1","with_account_biography":"true"}', 1472132503),
(870, 1, 9, 2, '{"ID":"1","with_account_biography":"true"}', 1472132517),
(871, 1, 9, 2, '{"ID":"1","with_account_biography":"true"}', 1472132549),
(872, 1, 9, 2, '{"ID":"1","with_account_biography":"true"}', 1472132560),
(873, 1, 9, 2, '{"ID":"1","with_account_biography":"true"}', 1472132597),
(874, 1, 9, 2, '{"ID":"1","with_account_biography":"true"}', 1472132607),
(875, 1, 9, 2, '{"ID":"1","with_account_biography":"true"}', 1472132675),
(876, 1, 9, 4, '{"ID":"1","updated_data":{"first_name":"Juana","middle_name":"Delaa","last_name":"Cruza","country":"Philippines","account_biography__ID":"1","account_biography__detail":"asdsda"}}', 1472132685),
(877, 1, 9, 2, '{"ID":"1","with_account_biography":"true"}', 1472132733),
(878, 1, 9, 4, '{"ID":"1","updated_data":{"first_name":"Juana","middle_name":"Delaa","last_name":"Cruza","country":"Philippines","account_biography__ID":"1","account_biography__detail":"asdsda"}}', 1472132735),
(879, 1, 9, 4, '{"ID":"1","updated_data":{"first_name":"Juana","middle_name":"Delaa","last_name":"Cruza","country":"Philippines","account_biography__ID":"1","account_biography__detail":"asdsda"}}', 1472132739),
(880, 1, 9, 4, '{"ID":"1","updated_data":{"first_name":"Juana","middle_name":"Delaa","last_name":"Cruza","country":"Philippines","account_biography__ID":"1","account_biography__detail":"asdsda"}}', 1472132798),
(881, 1, 9, 2, '{"ID":"1","with_account_biography":"true"}', 1472132803),
(882, 1, 9, 2, '{"ID":"1","with_account_biography":"true"}', 1472132803),
(883, 1, 9, 2, '{"ID":"1","with_account_biography":"true"}', 1472132807),
(884, 1, 9, 4, '{"ID":"1","updated_data":{"first_name":"Juanaaa","middle_name":"Delaaaa","last_name":"Cruzaaa","country":"Philippinesaa","account_biography__ID":"1","account_biography__detail":"asdsdaaa"}}', 1472132813),
(885, 1, 9, 2, '{"ID":"1","with_account_biography":"true"}', 1472132841),
(886, 1, 9, 4, '{"ID":"1","updated_data":{"first_name":"Juanaaa","middle_name":"Delaaaa","last_name":"Cruzaaa","country":"Philippinesaa","account_biography__ID":"1","account_biography__detail":"asdsda"}}', 1472132847),
(887, 1, 9, 2, '{"ID":"1","with_account_biography":"true"}', 1472132872),
(888, 1, 9, 4, '{"ID":"1","updated_data":{"first_name":"Juanaaa","middle_name":"Delaaaa","last_name":"Cruzaaa","country":"Philippinesaa","account_biography__ID":"1","account_biography__detail":"asdsda"}}', 1472132874),
(889, 1, 9, 4, '{"ID":"1","updated_data":{"first_name":"Juanaaa","middle_name":"Delaaaa","last_name":"Cruzaaa","country":"Philippinesaa","account_biography__ID":"1","account_biography__detail":"asdsda1"}}', 1472132876),
(890, 1, 9, 4, '{"ID":"1","updated_data":{"first_name":"Juanaaa","middle_name":"Delaaaa","last_name":"Cruzaaa","country":"Philippinesaa","account_biography__ID":"1","account_biography__detail":"asdsda1"}}', 1472132880),
(891, 1, 9, 4, '{"ID":"1","updated_data":{"first_name":"Juanaaa","middle_name":"Delaaaa","last_name":"Cruzaaa","country":"Philippinesaa","account_biography__ID":"1","account_biography__detail":"asdsda1 asd"}}', 1472132881),
(892, 1, 9, 4, '{"ID":"1","updated_data":{"first_name":"Juanaaa","middle_name":"Delaaaa","last_name":"Cruzaaa","country":"Philippinesaa","account_biography__ID":"1","account_biography__detail":"asdsda1 asd\\nasdasd"}}', 1472132884),
(893, 1, 9, 2, '{"ID":"1","with_account_biography":"true"}', 1472132885),
(894, 1, 9, 4, '{"ID":"1","updated_data":{"first_name":"Juanaaa","middle_name":"Delaaaa","last_name":"Cruzaaa","country":"Philippinesaa","account_biography__ID":"1","account_biography__detail":"asdsda asdasd"}}', 1472132889),
(895, 1, 9, 2, '{"ID":"1","with_account_biography":"true"}', 1472132890),
(896, 1, 9, 4, '{"ID":"1","updated_data":{"first_name":"Juanaaa","middle_name":"Delaaaa","last_name":"Cruzaaa","country":"Philippinesaa","account_biography__ID":"1","account_biography__detail":"asdsda"}}', 1472132957),
(897, 1, 9, 2, '{"ID":"1","with_account_biography":"true"}', 1472133000),
(898, 1, 9, 4, '{"ID":"1","updated_data":{"first_name":"Juanaaa","middle_name":"Delaaaa","last_name":"Cruzaaa","country":"Philippinesaa","account_biography__detail":"asdsdaasd sad "},"condition":{"account_biography__ID":""}}', 1472133003),
(899, 1, 9, 2, '{"ID":"1","with_account_biography":"true"}', 1472133004),
(900, 1, 9, 4, '{"ID":"1","updated_data":{"first_name":"Juanaaa","middle_name":"Delaaaa","last_name":"Cruzaaa","country":"Philippinesaa","account_biography__detail":"asdsdaasdasd asdasd"},"condition":{"account_biography__ID":""}}', 1472133011),
(901, 1, 9, 2, '{"ID":"1","with_account_biography":"true"}', 1472133060),
(902, 1, 9, 2, '{"ID":"1","with_account_biography":"true"}', 1472133085),
(903, 1, 9, 4, '{"ID":"1","updated_data":{"first_name":"Juanaaa","middle_name":"Delaaaa","last_name":"Cruzaaa","country":"Philippinesaa","account_biography__detail":"asdsda asd"},"condition":{"account_biography__ID":"1"}}', 1472133087),
(904, 1, 9, 2, '{"ID":"1","with_account_biography":"true"}', 1472133088),
(905, 1, 9, 2, '{"ID":"1","with_account_biography":"true"}', 1472133115),
(906, 1, 9, 4, '{"ID":"1","updated_data":{"first_name":"Juanaaa","middle_name":"Delaaaa","last_name":"Cruzaaa","country":"Philippinesaa","account_biography__detail":"asdsda asdsad"},"condition":{"account_biography__ID":"1"}}', 1472133120),
(907, 1, 9, 2, '{"ID":"1","with_account_biography":"true"}', 1472133120),
(908, 1, 9, 4, '{"ID":"1","updated_data":{"first_name":"Juanaaa","middle_name":"Delaaaa","last_name":"Cruzaaa","country":"Philippinesaa","account_biography__detail":"asdsda asd"},"condition":{"account_biography__ID":"1"}}', 1472133162),
(909, 1, 9, 2, '{"ID":"1","with_account_biography":"true"}', 1472133162),
(910, 1, 9, 2, '{"ID":"1","with_account_biography":"true"}', 1472133163),
(911, 1, 9, 4, '{"ID":"1","updated_data":{"first_name":"Juanaaa","middle_name":"Delaaaa","last_name":"Cruzaaa","country":"Philippinesaa","account_biography__detail":"asdsda asd"},"condition":{"account_biography__ID":"1"}}', 1472133164),
(912, 1, 9, 2, '{"ID":"1","with_account_biography":"true"}', 1472133164),
(913, 1, 9, 2, '{"ID":"1","with_account_biography":"true"}', 1472133252),
(914, 1, 9, 2, '{"ID":"1","with_account_biography":"true"}', 1472137275),
(915, 1, 9, 2, '{"ID":"1","with_account_biography":"true"}', 1472137276),
(916, 1, 9, 4, '{"ID":"1","updated_data":{"first_name":"Juanaaa","middle_name":"Delaaaa","last_name":"Cruzaaa","country":"Philippinesaa","account_biography__detail":"asdsda asd"},"condition":{"account_biography__ID":"1"}}', 1472137277),
(917, 1, 9, 2, '{"ID":"1","with_account_biography":"true"}', 1472137277),
(918, 1, 9, 4, '{"ID":"1","updated_data":{"first_name":"Juanaaa","middle_name":"Delaaaa","last_name":"Cruzaaa","country":"Philippinesaa","account_biography__detail":"asdsda asd"},"condition":{"account_biography__ID":"1"}}', 1472137277),
(919, 1, 9, 2, '{"ID":"1","with_account_biography":"true"}', 1472137277),
(920, 1, 9, 2, '{"ID":"1","with_account_biography":"true"}', 1472137278),
(921, 1, 9, 4, '{"ID":"1","updated_data":{"first_name":"Juanaaa","middle_name":"Delaaaa","last_name":"Cruzaaa","country":"Philippinesaa","account_biography__detail":"asdsda asd"},"condition":{"account_biography__ID":"1"}}', 1472137278),
(922, 1, 9, 2, '{"ID":"1","with_account_biography":"true"}', 1472137278),
(923, 1, 9, 2, '{"ID":"1","with_account_biography":"true"}', 1472137279),
(924, 1, 9, 2, '{"ID":"1","with_account_biography":"true"}', 1472137280),
(925, 1, 9, 2, '{"ID":"1","with_account_biography":"true"}', 1472137297),
(926, 1, 9, 4, '{"ID":"1","updated_data":{"first_name":"Juanaaa","middle_name":"Delaaaa","last_name":"Cruzaaa","country":"Philippinesaa","account_biography__detail":"asdsda asd"},"condition":{"account_biography__ID":"1"}}', 1472137299),
(927, 1, 9, 2, '{"ID":"1","with_account_biography":"true"}', 1472137299),
(928, 1, 9, 2, '{"ID":"1","with_account_biography":"true"}', 1472137300),
(929, 0, 9, 2, '{"ID":"1","with_account_biography":"true"}', 1472194213),
(930, 0, 9, 2, '{"ID":"1","with_account_biography":"true"}', 1472194269),
(931, 1, 9, 2, '{"ID":"1","with_account_biography":"true"}', 1472196729),
(932, 1, 9, 2, '{"ID":"1","with_account_biography":"true"}', 1472196767),
(933, 1, 9, 2, '{"ID":"1","with_account_biography":"true"}', 1472198028),
(934, 1, 9, 2, '{"ID":"1","with_account_biography":"true"}', 1472198046),
(935, 1, 9, 2, '{"ID":"1","with_account_biography":"true"}', 1472198066),
(936, 1, 9, 2, '{"ID":"1","with_account_biography":"true"}', 1472202887),
(937, 1, 9, 2, '{"ID":"1","with_account_biography":"true"}', 1472203083),
(938, 1, 9, 2, '{"ID":"1","with_account_biography":"true"}', 1472203092),
(939, 1, 9, 2, '{"ID":"1","with_account_biography":"true"}', 1472203099),
(940, 1, 9, 2, '{"ID":"1","with_account_biography":"true"}', 1472203142),
(941, 1, 9, 2, '{"ID":"1","with_account_biography":"true"}', 1472203157),
(942, 1, 9, 2, '{"ID":"1","with_account_biography":"true"}', 1472203163),
(943, 1, 9, 2, '{"ID":"1","with_account_biography":"true"}', 1472203395),
(944, 1, 9, 2, '{"ID":"1","with_account_biography":"true"}', 1472203431),
(945, 1, 9, 2, '{"ID":"1","with_account_biography":"true"}', 1472203446),
(946, 1, 9, 2, '{"ID":"1","with_account_biography":"true"}', 1472203483),
(947, 1, 9, 2, '{"ID":"1","with_account_biography":"true"}', 1472203599),
(948, 1, 9, 2, '{"ID":"1","with_account_biography":"true"}', 1472203619),
(949, 1, 9, 2, '{"ID":"1","with_account_biography":"true"}', 1472203631),
(950, 1, 9, 2, '{"ID":"1","with_account_biography":"true"}', 1472203703),
(951, 1, 9, 2, '{"ID":"1","with_account_biography":"true"}', 1472205979),
(952, 1, 9, 2, '{"ID":"1","with_account_biography":"true"}', 1472205995),
(953, 1, 9, 2, '{"ID":"1","with_account_biography":"true"}', 1472206007),
(954, 1, 9, 2, '{"ID":"1","with_account_biography":"true"}', 1472206027),
(955, 1, 9, 2, '{"ID":"1","with_account_biography":"true"}', 1472206057),
(956, 1, 9, 2, '{"ID":"1","with_account_biography":"true"}', 1472206068),
(957, 1, 9, 2, '{"ID":"1","with_account_biography":"true"}', 1472206079),
(958, 1, 9, 2, '{"ID":"1","with_account_biography":"true"}', 1472206085),
(959, 1, 9, 2, '{"ID":"1","with_account_biography":"true"}', 1472206093),
(960, 1, 9, 2, '{"ID":"1","with_account_biography":"true"}', 1472206153),
(961, 1, 9, 2, '{"ID":"1","with_account_biography":"true"}', 1472206163),
(962, 1, 9, 2, '{"ID":"1","with_account_biography":"true"}', 1472206195),
(963, 1, 9, 2, '{"ID":"1","with_account_biography":"true"}', 1472206243),
(964, 1, 9, 2, '{"ID":"1","with_account_biography":"true"}', 1472206259),
(965, 1, 9, 2, '{"ID":"1","with_account_biography":"true"}', 1472206270),
(966, 1, 9, 2, '{"ID":"1","with_account_biography":"true"}', 1472206322),
(967, 1, 9, 2, '{"ID":"1","with_account_biography":"true"}', 1472206332),
(968, 1, 9, 2, '{"ID":"1","with_account_biography":"true"}', 1472206373),
(969, 1, 9, 2, '{"ID":"1","with_account_biography":"true"}', 1472206387),
(970, 1, 9, 2, '{"ID":"1","with_account_biography":"true"}', 1472206444),
(971, 1, 9, 2, '{"ID":"1","with_account_biography":"true"}', 1472206472),
(972, 1, 9, 2, '{"ID":"1","with_account_biography":"true"}', 1472206479),
(973, 1, 9, 2, '{"ID":"1","with_account_biography":"true"}', 1472207157),
(974, 1, 9, 2, '{"ID":"1","with_account_biography":"true"}', 1472207188),
(975, 1, 9, 2, '{"ID":"1","with_account_biography":"true"}', 1472207199),
(976, 1, 9, 2, '{"ID":"1","with_account_biography":"true"}', 1472207217),
(977, 1, 9, 2, '{"ID":"1","with_account_biography":"true"}', 1472207372),
(978, 1, 9, 2, '{"ID":"1","with_account_biography":"true"}', 1472207449),
(979, 1, 9, 2, '{"ID":"1","with_account_biography":"true"}', 1472207454),
(980, 1, 9, 2, '{"ID":"1","with_account_biography":"true"}', 1472207462),
(981, 1, 9, 2, '{"ID":"1","with_account_biography":"true"}', 1472207499),
(982, 1, 9, 2, '{"ID":"1","with_account_biography":"true"}', 1472207513),
(983, 1, 9, 2, '{"ID":"1","with_account_biography":"true"}', 1472207587),
(984, 1, 9, 2, '{"ID":"1","with_account_biography":"true"}', 1472207595),
(985, 1, 9, 2, '{"ID":"1","with_account_biography":"true"}', 1472207612),
(986, 1, 9, 2, '{"ID":"1","with_account_biography":"true"}', 1472207631),
(987, 1, 9, 2, '{"ID":"1","with_account_biography":"true"}', 1472207690),
(988, 1, 9, 2, '{"ID":"1","with_account_biography":"true"}', 1472207722),
(989, 1, 9, 2, '{"ID":"1","with_account_biography":"true"}', 1472207763),
(990, 1, 9, 2, '{"ID":"1","with_account_biography":"true"}', 1472207816),
(991, 1, 9, 2, '{"ID":"1","with_account_biography":"true"}', 1472207831),
(992, 1, 9, 2, '{"ID":"1","with_account_biography":"true"}', 1472207939),
(993, 1, 9, 2, '{"ID":"1","with_account_biography":"true"}', 1472207946),
(994, 1, 9, 2, '{"ID":"1","with_account_biography":"true"}', 1472208848),
(995, 1, 9, 2, '{"ID":"1","with_account_biography":"true"}', 1472208861),
(996, 1, 9, 2, '{"ID":"1","with_account_biography":"true"}', 1472208872),
(997, 1, 9, 2, '{"ID":"1","with_account_biography":"true"}', 1472208982),
(998, 1, 9, 2, '{"ID":"1","with_account_biography":"true"}', 1472209024),
(999, 1, 9, 2, '{"ID":"1","with_account_biography":"true"}', 1472209039),
(1000, 1, 9, 2, '{"ID":"1","with_account_biography":"true"}', 1472209056),
(1001, 1, 9, 2, '{"ID":"1","with_account_biography":"true"}', 1472209075),
(1002, 1, 9, 2, '{"ID":"1","with_account_biography":"true"}', 1472209135),
(1003, 1, 9, 2, '{"ID":"1","with_account_biography":"true"}', 1472209220),
(1004, 1, 9, 2, '{"ID":"1","with_account_biography":"true"}', 1472209242),
(1005, 1, 9, 2, '{"ID":"1","with_account_biography":"true"}', 1472209262),
(1006, 1, 9, 2, '{"ID":"1","with_account_biography":"true"}', 1472209456),
(1007, 1, 9, 2, '{"ID":"1","with_account_biography":"true"}', 1472209574),
(1008, 1, 9, 2, '{"ID":"1","with_account_biography":"true"}', 1472209654),
(1009, 1, 9, 2, '{"ID":"1","with_account_biography":"true"}', 1472209713),
(1010, 1, 9, 2, '{"ID":"1","with_account_biography":"true"}', 1472209809),
(1011, 1, 9, 2, '{"ID":"1","with_account_biography":"true"}', 1472209930),
(1012, 1, 9, 2, '{"ID":"1","with_account_biography":"true"}', 1472210060),
(1013, 1, 9, 2, '{"ID":"1","with_account_biography":"true"}', 1472210213),
(1014, 1, 9, 2, '{"ID":"1","with_account_biography":"true"}', 1472210250),
(1015, 1, 9, 2, '{"ID":"1","with_account_biography":"true"}', 1472210300),
(1016, 1, 9, 2, '{"ID":"1","with_account_biography":"true"}', 1472210343),
(1017, 1, 9, 2, '{"ID":"1","with_account_biography":"true"}', 1472210381),
(1018, 1, 9, 2, '{"ID":"1","with_account_biography":"true"}', 1472210390),
(1019, 1, 9, 2, '{"ID":"1","with_account_biography":"true"}', 1472210423),
(1020, 1, 9, 2, '{"ID":"1","with_account_biography":"true"}', 1472210464),
(1021, 1, 9, 2, '{"ID":"1","with_account_biography":"true"}', 1472210753),
(1022, 1, 9, 2, '{"ID":"1","with_account_biography":"true"}', 1472210865),
(1023, 1, 9, 2, '{"ID":"1","with_account_biography":"true"}', 1472210893),
(1024, 1, 9, 2, '{"ID":"1","with_account_biography":"true"}', 1472210919),
(1025, 1, 9, 2, '{"ID":"1","with_account_biography":"true"}', 1472211127),
(1026, 1, 9, 2, '{"ID":"1","with_account_biography":"true"}', 1472211140),
(1027, 1, 9, 2, '{"ID":"1","with_account_biography":"true"}', 1472211261),
(1028, 1, 9, 2, '{"ID":"1","with_account_biography":"true"}', 1472211276),
(1029, 1, 9, 2, '{"ID":"1","with_account_biography":"true"}', 1472211287),
(1030, 1, 9, 2, '{"ID":"1","with_account_biography":"true"}', 1472211305),
(1031, 1, 9, 2, '{"ID":"1","with_account_biography":"true"}', 1472211464),
(1032, 1, 9, 2, '{"ID":"1","with_account_biography":"true"}', 1472211565),
(1033, 1, 9, 2, '{"ID":"1","with_account_biography":"true"}', 1472211577),
(1034, 1, 9, 2, '{"ID":"1","with_account_biography":"true"}', 1472211613),
(1035, 1, 9, 2, '{"ID":"1","with_account_biography":"true"}', 1472211634),
(1036, 1, 9, 2, '{"ID":"1","with_account_biography":"true"}', 1472211663),
(1037, 1, 9, 2, '{"ID":"1","with_account_biography":"true"}', 1472211720),
(1038, 1, 9, 2, '{"ID":"1","with_account_biography":"true"}', 1472212019),
(1039, 1, 9, 2, '{"ID":"1","with_account_biography":"true"}', 1472212117),
(1040, 1, 9, 2, '{"ID":"1","with_account_biography":"true"}', 1472212144),
(1041, 1, 9, 2, '{"ID":"1","with_account_biography":"true"}', 1472212222),
(1042, 1, 9, 2, '{"ID":"1","with_account_biography":"true"}', 1472212227),
(1043, 1, 9, 2, '{"ID":"1","with_account_biography":"true"}', 1472212283),
(1044, 1, 9, 2, '{"ID":"1","with_account_biography":"true"}', 1472212410),
(1045, 1, 9, 2, '{"ID":"1","with_account_biography":"true"}', 1472212471),
(1046, 1, 9, 2, '{"ID":"1","with_account_biography":"true"}', 1472212485),
(1047, 1, 9, 2, '{"ID":"1","with_account_biography":"true"}', 1472212494),
(1048, 1, 9, 2, '{"ID":"1","with_account_biography":"true"}', 1472212532),
(1049, 1, 9, 2, '{"ID":"1","with_account_biography":"true"}', 1472212620),
(1050, 1, 9, 2, '{"ID":"1","with_account_biography":"true"}', 1472212625),
(1051, 1, 9, 2, '{"ID":"1","with_account_biography":"true"}', 1472212637),
(1052, 1, 9, 2, '{"ID":"1","with_account_biography":"true"}', 1472212652),
(1053, 1, 9, 2, '{"ID":"1","with_account_biography":"true"}', 1472212658),
(1054, 1, 9, 2, '{"ID":"1","with_account_biography":"true"}', 1472212700),
(1055, 1, 9, 2, '{"ID":"1","with_account_biography":"true"}', 1472212710),
(1056, 1, 9, 2, '{"ID":"1","with_account_biography":"true"}', 1472212773),
(1057, 1, 9, 2, '{"ID":"1","with_account_biography":"true"}', 1472212785),
(1058, 1, 9, 2, '{"ID":"1","with_account_biography":"true"}', 1472216836),
(1059, 1, 9, 2, '{"ID":"1","with_account_biography":"true"}', 1472216860),
(1060, 1, 9, 2, '{"ID":"1","with_account_biography":"true"}', 1472216874),
(1061, 1, 9, 2, '{"ID":"1","with_account_biography":"true"}', 1472216884),
(1062, 1, 9, 2, '{"ID":"1","with_account_biography":"true"}', 1472216892),
(1063, 1, 9, 2, '{"ID":"1","with_account_biography":"true"}', 1472216918),
(1064, 1, 9, 2, '{"ID":"1","with_account_biography":"true"}', 1472217000),
(1065, 1, 9, 2, '{"ID":"1","with_account_biography":"true"}', 1472217081),
(1066, 1, 9, 2, '{"ID":"1","with_account_biography":"true"}', 1472217276),
(1067, 1, 9, 2, '{"ID":"1","with_account_biography":"true"}', 1472217384),
(1068, 1, 9, 2, '{"ID":"1","with_account_biography":"true"}', 1472217399),
(1069, 1, 9, 2, '{"ID":"1","with_account_biography":"true"}', 1472217412),
(1070, 1, 9, 2, '{"ID":"1","with_account_biography":"true"}', 1472217427),
(1071, 1, 9, 2, '{"ID":"1","with_account_biography":"true"}', 1472217435),
(1072, 1, 9, 2, '{"ID":"1","with_account_biography":"true"}', 1472217479),
(1073, 1, 9, 2, '{"ID":"1","with_account_biography":"true"}', 1472217523),
(1074, 1, 9, 2, '{"ID":"1","with_account_biography":"true"}', 1472217590),
(1075, 1, 9, 2, '{"ID":"1","with_account_biography":"true"}', 1472217630),
(1076, 1, 9, 2, '{"ID":"1","with_account_biography":"true"}', 1472217651),
(1077, 1, 9, 2, '{"ID":"1","with_account_biography":"true"}', 1472217716),
(1078, 1, 9, 2, '{"ID":"1","with_account_biography":"true"}', 1472217753),
(1079, 1, 9, 2, '{"ID":"1","with_account_biography":"true"}', 1472217793),
(1080, 1, 9, 2, '{"ID":"1","with_account_biography":"true"}', 1472217809),
(1081, 1, 9, 2, '{"ID":"1","with_account_biography":"true"}', 1472217830),
(1082, 1, 9, 2, '{"ID":"1","with_account_biography":"true"}', 1472217868),
(1083, 1, 9, 2, '{"ID":"1","with_account_biography":"true"}', 1472217910),
(1084, 1, 9, 2, '{"ID":"1","with_account_biography":"true"}', 1472217917),
(1085, 1, 9, 2, '{"ID":"1","with_account_biography":"true"}', 1472218039),
(1086, 1, 9, 2, '{"ID":"1","with_account_biography":"true"}', 1472218090),
(1087, 1, 9, 2, '{"ID":"1","with_account_biography":"true"}', 1472218189),
(1088, 1, 9, 2, '{"ID":"1","with_account_biography":"true"}', 1472218327),
(1089, 1, 9, 2, '{"ID":"1","with_account_biography":"true"}', 1472218382),
(1090, 1, 9, 2, '{"ID":"1","with_account_biography":"true"}', 1472218420),
(1091, 1, 9, 2, '{"ID":"1","with_account_biography":"true"}', 1472218485),
(1092, 1, 9, 2, '{"ID":"1","with_account_biography":"true"}', 1472218581),
(1093, 1, 9, 2, '{"ID":"1","with_account_biography":"true"}', 1472218683),
(1094, 1, 9, 2, '{"ID":"1","with_account_biography":"true"}', 1472218692),
(1095, 1, 9, 2, '{"ID":"1","with_account_biography":"true"}', 1472218711),
(1096, 1, 9, 2, '{"ID":"1","with_account_biography":"true"}', 1472219396),
(1097, 1, 9, 2, '{"ID":"1","with_account_biography":"true"}', 1472219437),
(1098, 1, 9, 2, '{"ID":"1","with_account_biography":"true"}', 1472219516),
(1099, 1, 9, 2, '{"ID":"1","with_account_biography":"true"}', 1472219526),
(1100, 1, 9, 2, '{"ID":"1","with_account_biography":"true"}', 1472219557),
(1101, 1, 9, 2, '{"ID":"1","with_account_biography":"true"}', 1472219567),
(1102, 1, 9, 2, '{"ID":"1","with_account_biography":"true"}', 1472219583),
(1103, 1, 9, 2, '{"ID":"1","with_account_biography":"true"}', 1472219660),
(1104, 1, 9, 2, '{"ID":"1","with_account_biography":"true"}', 1472219771),
(1105, 1, 9, 2, '{"ID":"1","with_account_biography":"true"}', 1472219794),
(1106, 1, 9, 2, '{"ID":"1","with_account_biography":"true"}', 1472219808),
(1107, 1, 9, 2, '{"ID":"1","with_account_biography":"true"}', 1472219832),
(1108, 1, 9, 2, '{"ID":"1","with_account_biography":"true"}', 1472220166),
(1109, 1, 9, 2, '{"ID":"1","with_account_biography":"true"}', 1472220179),
(1110, 1, 9, 2, '{"ID":"1","with_account_biography":"true"}', 1472220214),
(1111, 1, 9, 2, '{"ID":"1","with_account_biography":"true"}', 1472221675),
(1112, 1, 9, 2, '{"ID":"1","with_account_biography":"true"}', 1472221996),
(1113, 1, 9, 2, '{"ID":"1","with_account_biography":"true"}', 1472222214),
(1114, 1, 9, 2, '{"ID":"1","with_account_biography":"true"}', 1472222844),
(1115, 1, 9, 2, '{"ID":"1","with_account_biography":"true"}', 1472223307),
(1116, 1, 9, 2, '{"ID":"1","with_account_biography":"true"}', 1472223421),
(1117, 1, 9, 2, '{"ID":"1","with_account_biography":"true"}', 1472223659),
(1118, 1, 9, 2, '{"ID":"1","with_account_biography":"true"}', 1472223780),
(1119, 1, 9, 2, '{"ID":"1","with_account_biography":"true"}', 1472224186),
(1120, 1, 9, 2, '{"ID":"1","with_account_biography":"true"}', 1472224564),
(1121, 1, 9, 2, '{"ID":"1","with_account_biography":"true"}', 1472224718),
(1122, 1, 9, 2, '{"ID":"1","with_account_biography":"true"}', 1472224859),
(1123, 1, 9, 2, '{"ID":"1","with_account_biography":"true"}', 1472225040),
(1124, 1, 9, 2, '{"ID":"1","with_account_biography":"true"}', 1472225117),
(1125, 1, 9, 2, '{"ID":"1","with_account_biography":"true"}', 1472225297),
(1126, 1, 9, 2, '{"ID":"1","with_account_biography":"true"}', 1472225396),
(1127, 1, 9, 2, '{"ID":"1","with_account_biography":"true"}', 1472225408),
(1128, 1, 9, 2, '{"ID":"1","with_account_biography":"true"}', 1472225525),
(1129, 1, 1, 1, '21', 1472225594),
(1130, 1, 1, 1, '22', 1472225618),
(1131, 1, 9, 2, '{"ID":"1","with_account_biography":"true"}', 1472225676),
(1132, 1, 1, 1, '23', 1472225679),
(1133, 1, 9, 2, '{"ID":"1","with_account_biography":"true"}', 1472225875),
(1134, 1, 1, 1, '24', 1472225879),
(1135, 1, 9, 2, '{"ID":"1","with_account_biography":"true"}', 1472225889),
(1136, 1, 1, 1, '25', 1472225892),
(1137, 1, 1, 1, '26', 1472226012),
(1138, 1, 1, 1, '28', 1472226326),
(1139, 1, 1, 1, '29', 1472226335),
(1140, 1, 1, 1, '30', 1472226435),
(1141, 1, 1, 1, '31', 1472226468),
(1142, 1, 1, 1, '32', 1472226538),
(1143, 1, 1, 1, '33', 1472226615),
(1144, 1, 1, 1, '34', 1472226623),
(1145, 0, 1, 8, '{"condition":{"account_ID":"1","type":"2"}}', 1472226677),
(1146, 0, 1, 8, '{"condition":{"account_ID":"1","type":"2"}}', 1472226703),
(1147, 0, 1, 8, '{"condition":{"account_ID":"1","type":"2"}}', 1472226723),
(1148, 0, 1, 8, '{"condition":{"account_ID":"1","type":"2"}}', 1472226735),
(1149, 0, 1, 8, '{"condition":{"account_ID":"1","type":"2"}}', 1472226756),
(1150, 0, 1, 8, '{"condition":{"account_ID":"1","type":"2"}}', 1472226780),
(1151, 0, 1, 8, '{"condition":{"account_ID":"1","type":"2"}}', 1472226897),
(1152, 1, 1, 1, '35', 1472226958),
(1153, 1, 1, 1, '36', 1472226968),
(1154, 1, 1, 1, '37', 1472226975),
(1155, 1, 1, 1, '38', 1472226992),
(1156, 1, 1, 1, '39', 1472226995),
(1157, 1, 9, 2, '{"ID":"1","additional_data":{"account_biography":"true"}}', 1472228488),
(1158, 1, 9, 2, '{"ID":"1","additional_data":{"account_biography":"true","account_cover_photo":"true"}}', 1472229044),
(1159, 1, 9, 2, '{"ID":"1","additional_data":{"account_biography":"true","account_cover_photo":"true"}}', 1472229170),
(1160, 1, 9, 2, '{"ID":"1","additional_data":{"account_biography":"true","account_cover_photo":"true"}}', 1472229176),
(1161, 1, 9, 2, '{"ID":"1","additional_data":{"account_biography":"true","account_cover_photo":"true"}}', 1472229596),
(1162, 1, 1, 1, '40', 1472229623),
(1163, 1, 9, 2, '{"ID":"1","additional_data":{"account_biography":"true","account_cover_photo":"true"}}', 1472229632),
(1164, 1, 9, 2, '{"ID":"1","additional_data":{"account_biography":"true","account_cover_photo":"true"}}', 1472229796),
(1165, 1, 9, 2, '{"ID":"1","additional_data":{"account_biography":"true","account_cover_photo":"true"}}', 1472229823),
(1166, 0, 9, 2, '{"ID":"1","additional_data":{"account_cover_photo":"true"}}', 1472229899),
(1167, 0, 9, 2, '{"ID":"1","additional_data":{"account_cover_photo":"true"}}', 1472229912),
(1168, 0, 9, 2, '{"ID":"1","additional_data":{"account_cover_photo":"true"}}', 1472229948),
(1169, 0, 9, 2, '{"ID":"1","additional_data":{"account_cover_photo":"true"}}', 1472229967),
(1170, 0, 9, 2, '{"ID":"1","additional_data":{"account_cover_photo":"true"}}', 1472230098),
(1171, 0, 9, 2, '{"ID":"1","additional_data":{"account_cover_photo":"true"}}', 1472230220),
(1172, 0, 9, 2, '{"ID":"1","additional_data":{"account_cover_photo":"true"}}', 1472232374),
(1173, 0, 9, 2, '{"ID":"1","additional_data":{"account_cover_photo":"true","account_biography":""}}', 1472232393),
(1174, 0, 9, 2, '{"ID":"1","additional_data":{"account_cover_photo":"true","account_biography":""}}', 1472232553),
(1175, 1, 1, 1, '41', 1472232566),
(1176, 0, 9, 2, '{"ID":"1","additional_data":{"account_cover_photo":"true","account_biography":""}}', 1472232568),
(1177, 1, 9, 2, '{"ID":"1","additional_data":{"account_biography":"true","account_cover_photo":"true"}}', 1472232602),
(1178, 1, 9, 2, '{"ID":"1","additional_data":{"account_biography":"true","account_cover_photo":"true"}}', 1472233443),
(1179, 1, 9, 2, '{"ID":"1","additional_data":{"account_biography":"true","account_cover_photo":"true"}}', 1472233462),
(1180, 1, 9, 2, '{"ID":"1","additional_data":{"account_biography":"true","account_cover_photo":"true"}}', 1472233471),
(1181, 1, 9, 2, '{"ID":"1","additional_data":{"account_biography":"true","account_cover_photo":"true"}}', 1472233481),
(1182, 1, 1, 1, '42', 1472233488),
(1183, 1, 9, 2, '{"ID":"1","additional_data":{"account_biography":"true","account_cover_photo":"true"}}', 1472233490),
(1184, 1, 1, 1, '43', 1472233928),
(1185, 1, 9, 2, '{"ID":"1","additional_data":{"account_biography":"true","account_cover_photo":"true"}}', 1472233934),
(1186, 0, 9, 2, '{"ID":"0","additional_data":{"account_biography":"true","account_cover_photo":"true"}}', 1472267063),
(1187, 0, 9, 2, '{"ID":"0","additional_data":{"account_biography":"true","account_cover_photo":"true"}}', 1472267094),
(1188, 0, 9, 2, '{"ID":"0","additional_data":{"account_biography":"true","account_cover_photo":"true"}}', 1472269102),
(1189, 0, 9, 2, '{"ID":"0","additional_data":{"account_biography":"true","account_cover_photo":"true"}}', 1472269143),
(1190, 0, 9, 2, '{"ID":"0","additional_data":{"account_cover_photo":"true","account_biography":""}}', 1472269164),
(1191, 0, 9, 2, '{"ID":"1","additional_data":{"account_cover_photo":"true","account_biography":""}}', 1472269349),
(1192, 0, 9, 2, '{"ID":"1","additional_data":{"account_biography":"true","account_cover_photo":"true"}}', 1472269846),
(1193, 0, 9, 2, '{"ID":"1","additional_data":{"account_biography":"true","account_cover_photo":"true"}}', 1472269884),
(1194, 0, 9, 2, '{"ID":"1","additional_data":{"account_biography":"true","account_cover_photo":"true"}}', 1472269895),
(1195, 0, 9, 2, '{"ID":"1","additional_data":{"account_biography":"true","account_cover_photo":"true"}}', 1472269908),
(1196, 1, 9, 2, '{"ID":"1","additional_data":{"account_biography":"true","account_cover_photo":"true"}}', 1472269917),
(1197, 0, 9, 2, '{"ID":"1","additional_data":{"account_biography":"true","account_cover_photo":"true"}}', 1472269934),
(1198, 1, 9, 2, '{"ID":"1","additional_data":{"account_biography":"true","account_cover_photo":"true"}}', 1472269986),
(1199, 0, 9, 2, '{"ID":"1","additional_data":{"account_biography":"true","account_cover_photo":"true"}}', 1472270017),
(1200, 1, 9, 2, '{"ID":"1","additional_data":{"account_biography":"true","account_cover_photo":"true"}}', 1472270025),
(1201, 1, 9, 2, '{"ID":"1","additional_data":{"account_biography":"true","account_cover_photo":"true"}}', 1472270088),
(1202, 0, 9, 2, '{"ID":"1"}', 1472270109),
(1203, 0, 9, 2, '{"ID":"1"}', 1472270385),
(1204, 0, 9, 2, '{"ID":"1","additional_data":{"account_biography":"true","account_cover_photo":"true"}}', 1472270559),
(1205, 0, 9, 2, '{"ID":"1","additional_data":{"account_biography":"true","account_cover_photo":"true"}}', 1472270568),
(1206, 1, 9, 2, '{"ID":"1","additional_data":{"account_biography":"true","account_cover_photo":"true"}}', 1472270585),
(1207, 1, 9, 2, '{"ID":"1","additional_data":{"account_biography":"true","account_cover_photo":"true"}}', 1472270652),
(1208, 1, 9, 2, '{"ID":"1","additional_data":{"account_biography":"true","account_cover_photo":"true"}}', 1472270678),
(1209, 1, 9, 2, '{"ID":"1","additional_data":{"account_biography":"true","account_cover_photo":"true"}}', 1472270688),
(1210, 1, 9, 2, '{"ID":"1","additional_data":{"account_biography":"true","account_cover_photo":"true"}}', 1472270706),
(1211, 1, 9, 2, '{"ID":"1","additional_data":{"account_biography":"true","account_cover_photo":"true"}}', 1472270738),
(1212, 1, 9, 2, '{"ID":"1","additional_data":{"account_biography":"true","account_cover_photo":"true"}}', 1472270754);
INSERT INTO `action_log` (`ID`, `account_ID`, `api_controller_ID`, `access_number_ID`, `detail`, `datetime`) VALUES
(1213, 1, 9, 2, '{"ID":"1","additional_data":{"account_biography":"true","account_cover_photo":"true"}}', 1472270785),
(1214, 1, 9, 2, '{"ID":"1","additional_data":{"account_biography":"true","account_cover_photo":"true"}}', 1472270994),
(1215, 1, 9, 2, '{"ID":"1","additional_data":{"account_biography":"true","account_cover_photo":"true"}}', 1472271005),
(1216, 1, 9, 2, '{"ID":"1","additional_data":{"account_biography":"true","account_cover_photo":"true"}}', 1472271021),
(1217, 1, 9, 2, '{"ID":"1","additional_data":{"account_biography":"true","account_cover_photo":"true"}}', 1472271033),
(1218, 1, 9, 2, '{"ID":"1","additional_data":{"account_biography":"true","account_cover_photo":"true"}}', 1472271102),
(1219, 1, 9, 2, '{"ID":"1","additional_data":{"account_biography":"true","account_cover_photo":"true"}}', 1472271188),
(1220, 1, 9, 2, '{"ID":"1","additional_data":{"account_biography":"true","account_cover_photo":"true"}}', 1472271243),
(1221, 1, 9, 2, '{"ID":"1","additional_data":{"account_biography":"true","account_cover_photo":"true"}}', 1472271303),
(1222, 1, 1, 1, '44', 1472271316),
(1223, 1, 1, 1, '45', 1472271321),
(1224, 1, 9, 2, '{"ID":"1","additional_data":{"account_biography":"true","account_cover_photo":"true"}}', 1472271355),
(1225, 1, 9, 2, '{"ID":"1","additional_data":{"account_biography":"true","account_cover_photo":"true"}}', 1472271383),
(1226, 1, 9, 2, '{"ID":"1","additional_data":{"account_biography":"true","account_cover_photo":"true"}}', 1472271890),
(1227, 1, 9, 2, '{"ID":"1","additional_data":{"account_biography":"true","account_cover_photo":"true"}}', 1472271929),
(1228, 1, 9, 2, '{"ID":"1","additional_data":{"account_biography":"true","account_cover_photo":"true"}}', 1472271948),
(1229, 1, 9, 2, '{"ID":"1","additional_data":{"account_biography":"true","account_cover_photo":"true"}}', 1472271965),
(1230, 1, 9, 2, '{"ID":"1","additional_data":{"account_biography":"true","account_cover_photo":"true"}}', 1472271988),
(1231, 1, 9, 2, '{"ID":"1","additional_data":{"account_biography":"true","account_cover_photo":"true"}}', 1472272114),
(1232, 1, 9, 2, '{"ID":"1","additional_data":{"account_biography":"true","account_cover_photo":"true"}}', 1472272140),
(1233, 1, 9, 2, '{"ID":"1","additional_data":{"account_biography":"true","account_cover_photo":"true"}}', 1472272182),
(1234, 1, 9, 2, '{"ID":"1","additional_data":{"account_biography":"true","account_cover_photo":"true"}}', 1472272196),
(1235, 1, 9, 2, '{"ID":"1","additional_data":{"account_biography":"true","account_cover_photo":"true"}}', 1472272227),
(1236, 1, 9, 2, '{"ID":"1","additional_data":{"account_biography":"true","account_cover_photo":"true"}}', 1472272923),
(1237, 1, 9, 2, '{"ID":"1","additional_data":{"account_biography":"true","account_cover_photo":"true"}}', 1472272940),
(1238, 1, 1, 1, '46', 1472272944),
(1239, 1, 9, 2, '{"ID":"1","additional_data":{"account_biography":"true","account_cover_photo":"true"}}', 1472272971),
(1240, 1, 9, 2, '{"ID":"1","additional_data":{"account_biography":"true","account_cover_photo":"true"}}', 1472273018),
(1241, 1, 9, 2, '{"ID":"1","additional_data":{"account_biography":"true","account_cover_photo":"true"}}', 1472273114),
(1242, 1, 9, 2, '{"ID":"1","additional_data":{"account_biography":"true","account_cover_photo":"true"}}', 1472273133),
(1243, 1, 1, 1, '47', 1472273142),
(1244, 1, 9, 2, '{"ID":"1","additional_data":{"account_biography":"true","account_cover_photo":"true"}}', 1472273145),
(1245, 1, 9, 2, '{"ID":"1","additional_data":{"account_biography":"true","account_cover_photo":"true"}}', 1472273585),
(1246, 1, 1, 1, '48', 1472273617),
(1247, 1, 9, 2, '{"ID":"1","additional_data":{"account_biography":"true","account_cover_photo":"true"}}', 1472274698),
(1248, 1, 9, 2, '{"ID":"1","additional_data":{"account_biography":"true","account_cover_photo":"true"}}', 1472274713),
(1249, 1, 9, 2, '{"ID":"1","additional_data":{"account_biography":"true","account_cover_photo":"true"}}', 1472274723),
(1250, 1, 9, 2, '{"ID":"1","additional_data":{"account_biography":"true","account_cover_photo":"true"}}', 1472274746),
(1251, 1, 9, 2, '{"ID":"1","additional_data":{"account_biography":"true","account_cover_photo":"true"}}', 1472274755),
(1252, 1, 9, 2, '{"ID":"1","additional_data":{"account_biography":"true","account_cover_photo":"true"}}', 1472274778),
(1253, 1, 9, 2, '{"ID":"1","additional_data":{"account_biography":"true","account_cover_photo":"true"}}', 1472274832),
(1254, 1, 9, 2, '{"ID":"1","additional_data":{"account_biography":"true","account_cover_photo":"true"}}', 1472274845),
(1255, 1, 9, 2, '{"ID":"1","additional_data":{"account_biography":"true","account_cover_photo":"true"}}', 1472274855),
(1256, 1, 9, 2, '{"ID":"1","additional_data":{"account_biography":"true","account_cover_photo":"true"}}', 1472274870),
(1257, 1, 9, 2, '{"ID":"1","additional_data":{"account_biography":"true","account_cover_photo":"true"}}', 1472274956),
(1258, 1, 1, 1, '49', 1472275030),
(1259, 1, 1, 1, '50', 1472275052),
(1260, 1, 9, 2, '{"ID":"1","additional_data":{"account_biography":"true","account_cover_photo":"true"}}', 1472275063),
(1261, 1, 1, 1, '51', 1472275516),
(1262, 1, 9, 2, '{"ID":"1","additional_data":{"account_biography":"true","account_cover_photo":"true"}}', 1472275525),
(1263, 1, 9, 2, '{"ID":"1","additional_data":{"account_biography":"true","account_cover_photo":"true"}}', 1472275567),
(1264, 1, 9, 2, '{"ID":"1","additional_data":{"account_biography":"true","account_cover_photo":"true"}}', 1472275761),
(1265, 1, 1, 1, '52', 1472275771),
(1266, 1, 9, 2, '{"ID":"1","additional_data":{"account_biography":"true","account_cover_photo":"true"}}', 1472275838),
(1267, 1, 1, 1, '53', 1472275854),
(1268, 1, 9, 2, '{"ID":"1","additional_data":{"account_biography":"true","account_cover_photo":"true"}}', 1472275854),
(1269, 1, 9, 2, '{"ID":"1","additional_data":{"account_biography":"true","account_cover_photo":"true"}}', 1472275931),
(1270, 1, 1, 1, '54', 1472275939),
(1271, 1, 9, 2, '{"ID":"1","additional_data":{"account_biography":"true","account_cover_photo":"true"}}', 1472275940),
(1272, 1, 1, 1, '55', 1472275943),
(1273, 1, 9, 2, '{"ID":"1","additional_data":{"account_biography":"true","account_cover_photo":"true"}}', 1472275943),
(1274, 1, 1, 1, '56', 1472275946),
(1275, 1, 9, 2, '{"ID":"1","additional_data":{"account_biography":"true","account_cover_photo":"true"}}', 1472275946),
(1276, 1, 9, 2, '{"ID":"1","additional_data":{"account_biography":"true","account_cover_photo":"true"}}', 1472276065),
(1277, 1, 1, 1, '57', 1472276069),
(1278, 1, 9, 2, '{"ID":"1","additional_data":{"account_biography":"true","account_cover_photo":"true"}}', 1472276069),
(1279, 1, 9, 2, '{"ID":"1","additional_data":{"account_biography":"true","account_cover_photo":"true"}}', 1472276079),
(1280, 1, 9, 2, '{"ID":"1","additional_data":{"account_biography":"true","account_cover_photo":"true"}}', 1472276116),
(1281, 1, 1, 1, '59', 1472276134),
(1282, 1, 9, 2, '{"ID":"1","additional_data":{"account_biography":"true","account_cover_photo":"true"}}', 1472276134),
(1283, 1, 1, 1, '60', 1472276153),
(1284, 1, 9, 2, '{"ID":"1","additional_data":{"account_biography":"true","account_cover_photo":"true"}}', 1472276153),
(1285, 1, 1, 1, '61', 1472276161),
(1286, 1, 9, 2, '{"ID":"1","additional_data":{"account_biography":"true","account_cover_photo":"true"}}', 1472276161),
(1287, 1, 9, 2, '{"ID":"1","additional_data":{"account_biography":"true","account_cover_photo":"true"}}', 1472276169),
(1288, 1, 1, 1, '62', 1472276224),
(1289, 1, 9, 2, '{"ID":"1","additional_data":{"account_biography":"true","account_cover_photo":"true"}}', 1472276224),
(1290, 1, 1, 1, '63', 1472276255),
(1291, 1, 9, 2, '{"ID":"1","additional_data":{"account_biography":"true","account_cover_photo":"true"}}', 1472276255),
(1292, 1, 9, 2, '{"ID":"1","additional_data":{"account_biography":"true","account_cover_photo":"true"}}', 1472276263),
(1293, 1, 9, 2, '{"ID":"1","additional_data":{"account_biography":"true","account_cover_photo":"true"}}', 1472276315),
(1294, 1, 9, 2, '{"ID":"1","additional_data":{"account_biography":"true","account_cover_photo":"true"}}', 1472276502),
(1295, 1, 1, 1, '64', 1472276771),
(1296, 1, 9, 2, '{"ID":"1","additional_data":{"account_biography":"true","account_cover_photo":"true"}}', 1472276771),
(1297, 1, 9, 2, '{"ID":"1","additional_data":{"account_biography":"true","account_cover_photo":"true"}}', 1472276907),
(1298, 1, 1, 1, '65', 1472276952),
(1299, 1, 9, 2, '{"ID":"1","additional_data":{"account_biography":"true","account_cover_photo":"true"}}', 1472276952),
(1300, 1, 1, 1, '66', 1472277202),
(1301, 1, 9, 2, '{"ID":"1","additional_data":{"account_biography":"true","account_cover_photo":"true"}}', 1472277202),
(1302, 1, 1, 1, '67', 1472277217),
(1303, 1, 9, 2, '{"ID":"1","additional_data":{"account_biography":"true","account_cover_photo":"true"}}', 1472277217),
(1304, 1, 9, 2, '{"ID":"1","additional_data":{"account_biography":"true","account_cover_photo":"true"}}', 1472277308),
(1305, 1, 9, 2, '{"ID":"1","additional_data":{"account_biography":"true","account_cover_photo":"true"}}', 1472277366),
(1306, 1, 9, 2, '{"ID":"1","additional_data":{"account_biography":"true","account_cover_photo":"true"}}', 1472277414),
(1307, 1, 9, 2, '{"ID":"1","additional_data":{"account_biography":"true","account_cover_photo":"true"}}', 1472277440),
(1308, 1, 9, 2, '{"ID":"1","additional_data":{"account_biography":"true","account_cover_photo":"true"}}', 1472277451),
(1309, 1, 9, 2, '{"ID":"1","additional_data":{"account_biography":"true","account_cover_photo":"true"}}', 1472277501),
(1310, 1, 9, 2, '{"ID":"1","additional_data":{"account_biography":"true","account_cover_photo":"true"}}', 1472277507),
(1311, 1, 9, 2, '{"ID":"1","additional_data":{"account_biography":"true","account_cover_photo":"true"}}', 1472277509),
(1312, 1, 9, 2, '{"ID":"1","additional_data":{"account_biography":"true","account_cover_photo":"true"}}', 1472277545),
(1313, 1, 9, 2, '{"ID":"1","additional_data":{"account_biography":"true","account_cover_photo":"true"}}', 1472277564),
(1314, 1, 9, 2, '{"ID":"1","additional_data":{"account_biography":"true","account_cover_photo":"true"}}', 1472277578),
(1315, 1, 9, 2, '{"ID":"1","additional_data":{"account_biography":"true","account_cover_photo":"true"}}', 1472277617),
(1316, 1, 9, 2, '{"ID":"1","additional_data":{"account_biography":"true","account_cover_photo":"true"}}', 1472277621),
(1317, 1, 9, 2, '{"ID":"1","additional_data":{"account_biography":"true","account_cover_photo":"true"}}', 1472277672),
(1318, 1, 9, 2, '{"ID":"1","additional_data":{"account_biography":"true","account_cover_photo":"true"}}', 1472277730),
(1319, 1, 9, 2, '{"ID":"1","additional_data":{"account_biography":"true","account_cover_photo":"true"}}', 1472277778),
(1320, 1, 1, 1, '68', 1472277995),
(1321, 1, 9, 2, '{"ID":"1","additional_data":{"account_biography":"true","account_cover_photo":"true"}}', 1472277995),
(1322, 1, 1, 1, '69', 1472278026),
(1323, 1, 9, 2, '{"ID":"1","additional_data":{"account_biography":"true","account_cover_photo":"true"}}', 1472278026),
(1324, 1, 9, 2, '{"ID":"1","additional_data":{"account_biography":"true","account_cover_photo":"true"}}', 1472279836),
(1325, 1, 9, 2, '{"ID":"1","additional_data":{"account_biography":"true","account_cover_photo":"true"}}', 1472279857),
(1326, 1, 9, 2, '{"ID":"1","additional_data":{"account_biography":"true","account_cover_photo":"true"}}', 1472279877),
(1327, 1, 9, 2, '{"ID":"1","additional_data":{"account_biography":"true","account_cover_photo":"true"}}', 1472279879),
(1328, 1, 9, 2, '{"ID":"1","additional_data":{"account_biography":"true","account_cover_photo":"true"}}', 1472280160),
(1329, 1, 9, 2, '{"ID":"1","additional_data":{"account_biography":"true","account_cover_photo":"true"}}', 1472280176),
(1330, 1, 9, 2, '{"ID":"1","additional_data":{"account_biography":"true","account_cover_photo":"true"}}', 1472280182),
(1331, 1, 9, 2, '{"ID":"1","additional_data":{"account_biography":"true","account_cover_photo":"true"}}', 1472280215),
(1332, 1, 9, 2, '{"ID":"1","additional_data":{"account_biography":"true","account_cover_photo":"true"}}', 1472280301),
(1333, 1, 9, 2, '{"ID":"1","additional_data":{"account_biography":"true","account_cover_photo":"true"}}', 1472280551),
(1334, 1, 1, 1, '72', 1472280555),
(1335, 1, 9, 2, '{"ID":"1","additional_data":{"account_biography":"true","account_cover_photo":"true","account_profile_photo":"true"}}', 1472280715),
(1336, 1, 9, 2, '{"ID":"1","additional_data":{"account_biography":"true","account_cover_photo":"true","account_profile_photo":"true"}}', 1472280752),
(1337, 1, 9, 2, '{"ID":"1","additional_data":{"account_biography":"true","account_cover_photo":"true","account_profile_photo":"true"}}', 1472280783),
(1338, 1, 1, 1, '73', 1472280859),
(1339, 1, 9, 2, '{"ID":"1","additional_data":{"account_biography":"true","account_cover_photo":"true","account_profile_photo":"true"}}', 1472280859),
(1340, 1, 9, 2, '{"ID":"1","additional_data":{"account_biography":"true","account_cover_photo":"true","account_profile_photo":"true"}}', 1472280867),
(1341, 1, 1, 1, '74', 1472280881),
(1342, 1, 9, 2, '{"ID":"1","additional_data":{"account_biography":"true","account_cover_photo":"true","account_profile_photo":"true"}}', 1472280885),
(1343, 1, 9, 2, '{"ID":"1","additional_data":{"account_biography":"true","account_cover_photo":"true","account_profile_photo":"true"}}', 1472280976),
(1344, 1, 1, 1, '75', 1472281007),
(1345, 1, 9, 2, '{"ID":"1","additional_data":{"account_biography":"true","account_cover_photo":"true","account_profile_photo":"true"}}', 1472281007),
(1346, 1, 9, 2, '{"ID":"1","additional_data":{"account_biography":"true","account_cover_photo":"true","account_profile_photo":"true"}}', 1472281010),
(1347, 1, 9, 2, '{"ID":"1","additional_data":{"account_biography":"true","account_cover_photo":"true","account_profile_photo":"true"}}', 1472281087),
(1348, 1, 9, 2, '{"ID":"1","additional_data":{"account_biography":"true","account_cover_photo":"true","account_profile_photo":"true"}}', 1472281119),
(1349, 1, 9, 2, '{"ID":"1","additional_data":{"account_biography":"true","account_cover_photo":"true","account_profile_photo":"true"}}', 1472281423),
(1350, 1, 9, 2, '{"ID":"1","additional_data":{"account_biography":"true","account_cover_photo":"true","account_profile_photo":"true"}}', 1472281430),
(1351, 1, 9, 2, '{"ID":"1","additional_data":{"account_biography":"true","account_cover_photo":"true","account_profile_photo":"true"}}', 1472281473),
(1352, 1, 1, 1, '76', 1472281477),
(1353, 1, 9, 2, '{"ID":"1","additional_data":{"account_biography":"true","account_cover_photo":"true","account_profile_photo":"true"}}', 1472281480),
(1354, 1, 9, 2, '{"ID":"1","additional_data":{"account_biography":"true","account_cover_photo":"true","account_profile_photo":"true"}}', 1472281501),
(1355, 1, 9, 2, '{"ID":"1","additional_data":{"account_biography":"true","account_cover_photo":"true","account_profile_photo":"true"}}', 1472295219),
(1356, 1, 9, 2, '{"ID":"1","additional_data":{"account_biography":"true","account_cover_photo":"true","account_profile_photo":"true"}}', 1472295283),
(1357, 1, 1, 1, '77', 1472295312),
(1358, 1, 9, 2, '{"ID":"1","additional_data":{"account_biography":"true","account_cover_photo":"true","account_profile_photo":"true"}}', 1472295338),
(1359, 1, 1, 1, '78', 1472295355),
(1360, 1, 9, 2, '{"ID":"1","additional_data":{"account_biography":"true","account_cover_photo":"true","account_profile_photo":"true"}}', 1472295355),
(1361, 1, 9, 2, '{"ID":"1","additional_data":{"account_biography":"true","account_cover_photo":"true","account_profile_photo":"true"}}', 1472295361),
(1362, 1, 1, 1, '79', 1472295369),
(1363, 1, 9, 2, '{"ID":"1","additional_data":{"account_biography":"true","account_cover_photo":"true","account_profile_photo":"true"}}', 1472295374),
(1364, 1, 9, 2, '{"ID":"1","additional_data":{"account_biography":"true","account_cover_photo":"true","account_profile_photo":"true"}}', 1472295504),
(1365, 1, 1, 1, '80', 1472295549),
(1366, 1, 9, 2, '{"ID":"1","additional_data":{"account_biography":"true","account_cover_photo":"true","account_profile_photo":"true"}}', 1472295549),
(1367, 1, 1, 1, '81', 1472295598),
(1368, 1, 9, 2, '{"ID":"1","additional_data":{"account_biography":"true","account_cover_photo":"true","account_profile_photo":"true"}}', 1472295598),
(1369, 1, 9, 2, '{"ID":"1","additional_data":{"account_biography":"true","account_cover_photo":"true","account_profile_photo":"true"}}', 1472295611),
(1370, 0, 9, 2, '{"ID":"1","additional_data":{"account_biography":"true","account_cover_photo":"true","account_profile_photo":"true"}}', 1472526428),
(1371, 1, 9, 2, '{"ID":"1","additional_data":{"account_biography":"true","account_cover_photo":"true","account_profile_photo":"true"}}', 1472706954),
(1372, 1, 9, 2, '{"ID":"1","additional_data":{"account_biography":"true","account_cover_photo":"true","account_profile_photo":"true"}}', 1472707350),
(1373, 1, 9, 2, '{"ID":"1","additional_data":{"account_biography":"true","account_cover_photo":"true","account_profile_photo":"true"}}', 1472707379),
(1374, 1, 9, 2, '{"ID":"1","additional_data":{"account_biography":"true","account_cover_photo":"true","account_profile_photo":"true"}}', 1472707460),
(1375, 1, 1, 1, '82', 1472707467),
(1376, 1, 9, 2, '{"ID":"1","additional_data":{"account_biography":"true","account_cover_photo":"true","account_profile_photo":"true"}}', 1472707467),
(1377, 1, 9, 2, '{"ID":"1","additional_data":{"account_biography":"true","account_cover_photo":"true","account_profile_photo":"true"}}', 1472707487),
(1378, 1, 1, 1, '83', 1472707494),
(1379, 1, 9, 2, '{"ID":"1","additional_data":{"account_biography":"true","account_cover_photo":"true","account_profile_photo":"true"}}', 1472707494),
(1380, 1, 9, 2, '{"ID":"1","additional_data":{"account_biography":"true","account_cover_photo":"true","account_profile_photo":"true"}}', 1472707509),
(1381, 1, 1, 1, '84', 1472707533),
(1382, 1, 9, 2, '{"ID":"1","additional_data":{"account_biography":"true","account_cover_photo":"true","account_profile_photo":"true"}}', 1472707533),
(1383, 1, 9, 2, '{"ID":"1","additional_data":{"account_biography":"true","account_cover_photo":"true","account_profile_photo":"true"}}', 1472707684),
(1384, 1, 9, 2, '{"ID":"1","additional_data":{"account_biography":"true","account_cover_photo":"true","account_profile_photo":"true"}}', 1472707692),
(1385, 1, 9, 2, '{"ID":"1","additional_data":{"account_biography":"true","account_cover_photo":"true","account_profile_photo":"true"}}', 1472707949),
(1386, 1, 9, 2, '{"ID":"1","additional_data":{"account_biography":"true","account_cover_photo":"true","account_profile_photo":"true"}}', 1472707968),
(1387, 1, 9, 2, '{"ID":"1","additional_data":{"account_biography":"true","account_cover_photo":"true","account_profile_photo":"true"}}', 1472708062),
(1388, 1, 9, 2, '{"ID":"1","additional_data":{"account_biography":"true","account_cover_photo":"true","account_profile_photo":"true"}}', 1472708074),
(1389, 1, 9, 2, '{"ID":"1","additional_data":{"account_biography":"true","account_cover_photo":"true","account_profile_photo":"true"}}', 1472708105),
(1390, 1, 9, 2, '{"ID":"1","additional_data":{"account_biography":"true","account_cover_photo":"true","account_profile_photo":"true"}}', 1472709821),
(1391, 1, 9, 2, '{"ID":"1","additional_data":{"account_biography":"true","account_cover_photo":"true","account_profile_photo":"true"}}', 1472709844),
(1392, 1, 9, 2, '{"ID":"1","additional_data":{"account_biography":"true","account_cover_photo":"true","account_profile_photo":"true"}}', 1472709861),
(1393, 1, 9, 2, '{"ID":"1","additional_data":{"account_biography":"true","account_cover_photo":"true","account_profile_photo":"true"}}', 1472709899),
(1394, 1, 9, 2, '{"ID":"1","additional_data":{"account_biography":"true","account_cover_photo":"true","account_profile_photo":"true"}}', 1472709912),
(1395, 1, 9, 2, '{"ID":"1","additional_data":{"account_biography":"true","account_cover_photo":"true","account_profile_photo":"true"}}', 1472709939),
(1396, 1, 9, 2, '{"ID":"1","additional_data":{"account_biography":"true","account_cover_photo":"true","account_profile_photo":"true"}}', 1472709946),
(1397, 1, 9, 2, '{"ID":"1","additional_data":{"account_biography":"true","account_cover_photo":"true","account_profile_photo":"true"}}', 1472709973),
(1398, 1, 9, 2, '{"ID":"1","additional_data":{"account_biography":"true","account_cover_photo":"true","account_profile_photo":"true"}}', 1472710032),
(1399, 1, 9, 2, '{"ID":"1","additional_data":{"account_biography":"true","account_cover_photo":"true","account_profile_photo":"true"}}', 1472710035),
(1400, 1, 9, 2, '{"ID":"1","additional_data":{"account_biography":"true","account_cover_photo":"true","account_profile_photo":"true"}}', 1472710078),
(1401, 1, 9, 2, '{"ID":"1","additional_data":{"account_biography":"true","account_cover_photo":"true","account_profile_photo":"true"}}', 1472710095),
(1402, 1, 9, 2, '{"ID":"1","additional_data":{"account_biography":"true","account_cover_photo":"true","account_profile_photo":"true"}}', 1472710123),
(1403, 1, 9, 2, '{"ID":"1","additional_data":{"account_biography":"true","account_cover_photo":"true","account_profile_photo":"true"}}', 1472710135),
(1404, 1, 9, 2, '{"ID":"1","additional_data":{"account_biography":"true","account_cover_photo":"true","account_profile_photo":"true"}}', 1472710139),
(1405, 1, 9, 2, '{"ID":"1","additional_data":{"account_biography":"true","account_cover_photo":"true","account_profile_photo":"true"}}', 1472710547),
(1406, 1, 9, 2, '{"ID":"1","additional_data":{"account_biography":"true","account_cover_photo":"true","account_profile_photo":"true"}}', 1472710799),
(1407, 1, 1, 1, '85', 1472710890),
(1408, 1, 9, 2, '{"ID":"1","additional_data":{"account_biography":"true","account_cover_photo":"true","account_profile_photo":"true"}}', 1472710890),
(1409, 1, 9, 2, '{"ID":"1","additional_data":{"account_biography":"true","account_cover_photo":"true","account_profile_photo":"true"}}', 1472711641),
(1410, 1, 9, 2, '{"ID":"1","additional_data":{"account_biography":"true","account_cover_photo":"true","account_profile_photo":"true"}}', 1472711711),
(1411, 1, 9, 2, '{"ID":"1","additional_data":{"account_biography":"true","account_cover_photo":"true","account_profile_photo":"true"}}', 1472711729),
(1412, 1, 9, 2, '{"ID":"1","additional_data":{"account_biography":"true","account_cover_photo":"true","account_profile_photo":"true"}}', 1472711758),
(1413, 1, 9, 2, '{"ID":"1","additional_data":{"account_biography":"true","account_cover_photo":"true","account_profile_photo":"true"}}', 1472712416),
(1414, 1, 9, 2, '{"ID":"1","additional_data":{"account_biography":"true","account_cover_photo":"true","account_profile_photo":"true"}}', 1472712444),
(1415, 1, 9, 2, '{"ID":"1","additional_data":{"account_biography":"true","account_cover_photo":"true","account_profile_photo":"true"}}', 1472715677),
(1416, 1, 9, 2, '{"ID":"1","additional_data":{"account_biography":"true","account_cover_photo":"true","account_profile_photo":"true"}}', 1472715683),
(1417, 1, 9, 2, '{"ID":"1","additional_data":{"account_biography":"true","account_cover_photo":"true","account_profile_photo":"true"}}', 1472715687),
(1418, 1, 9, 2, '{"ID":"1","additional_data":{"account_biography":"true","account_cover_photo":"true","account_profile_photo":"true"}}', 1472715704),
(1419, 1, 9, 2, '{"ID":"1","additional_data":{"account_biography":"true","account_cover_photo":"true","account_profile_photo":"true"}}', 1472716092),
(1420, 1, 9, 2, '{"ID":"1","additional_data":{"account_biography":"true","account_cover_photo":"true","account_profile_photo":"true"}}', 1472716447),
(1421, 1, 9, 2, '{"ID":"1","additional_data":{"account_biography":"true","account_cover_photo":"true","account_profile_photo":"true"}}', 1472716462),
(1422, 1, 9, 2, '{"ID":"1","additional_data":{"account_biography":"true","account_cover_photo":"true","account_profile_photo":"true"}}', 1472716568),
(1423, 1, 9, 2, '{"ID":"1","additional_data":{"account_biography":"true","account_cover_photo":"true","account_profile_photo":"true"}}', 1472716590),
(1424, 1, 9, 2, '{"ID":"1","additional_data":{"account_biography":"true","account_cover_photo":"true","account_profile_photo":"true"}}', 1472719870),
(1425, 1, 9, 2, '{"ID":"1","additional_data":{"account_biography":"true","account_cover_photo":"true","account_profile_photo":"true"}}', 1472719929),
(1426, 1, 1, 2, '[]', 1472719942),
(1427, 1, 9, 2, '{"ID":"1","additional_data":{"account_biography":"true","account_cover_photo":"true","account_profile_photo":"true"}}', 1472719942),
(1428, 1, 1, 2, '[]', 1472719977),
(1429, 1, 9, 2, '{"ID":"1","additional_data":{"account_biography":"true","account_cover_photo":"true","account_profile_photo":"true"}}', 1472719977),
(1430, 1, 1, 2, '[]', 1472720023),
(1431, 1, 9, 2, '{"ID":"1","additional_data":{"account_biography":"true","account_cover_photo":"true","account_profile_photo":"true"}}', 1472720023),
(1432, 1, 1, 2, '[]', 1472720209),
(1433, 1, 1, 2, '{"subscriber_account_ID":"1"}', 1472720209),
(1434, 1, 9, 2, '{"ID":"1","additional_data":{"account_biography":"true","account_cover_photo":"true","account_profile_photo":"true"}}', 1472720209),
(1435, 1, 1, 2, '{"subscriber_account_ID":"1"}', 1472720219),
(1436, 1, 1, 2, '[]', 1472720219),
(1437, 1, 9, 2, '{"ID":"1","additional_data":{"account_biography":"true","account_cover_photo":"true","account_profile_photo":"true"}}', 1472720219),
(1438, 0, 1, 2, '{"subscriber_account_ID":""}', 1472720277),
(1439, 0, 1, 2, '[]', 1472720277),
(1440, 0, 9, 2, '{"ID":"1","additional_data":{"account_biography":"true","account_cover_photo":"true","account_profile_photo":"true"}}', 1472720277),
(1441, 0, 1, 2, '[]', 1472720287),
(1442, 0, 1, 2, '{"subscriber_account_ID":""}', 1472720287),
(1443, 0, 9, 2, '{"ID":"1","additional_data":{"account_biography":"true","account_cover_photo":"true","account_profile_photo":"true"}}', 1472720287),
(1444, 0, 1, 2, '[]', 1472720298),
(1445, 0, 1, 2, '{"subscriber_account_ID":""}', 1472720298),
(1446, 0, 9, 2, '{"ID":"1","additional_data":{"account_biography":"true","account_cover_photo":"true","account_profile_photo":"true"}}', 1472720298),
(1447, 0, 9, 2, '{"ID":"1","additional_data":{"account_biography":"true","account_cover_photo":"true","account_profile_photo":"true"}}', 1472720728),
(1448, 0, 9, 2, '{"ID":"1","additional_data":{"account_biography":"true","account_cover_photo":"true","account_profile_photo":"true"}}', 1472720743),
(1449, 0, 1, 2, '[]', 1472720755),
(1450, 0, 1, 2, '{"subscriber_account_ID":""}', 1472720755),
(1451, 0, 9, 2, '{"ID":"1","additional_data":{"account_biography":"true","account_cover_photo":"true","account_profile_photo":"true"}}', 1472720755),
(1452, 0, 1, 2, '[]', 1472720765),
(1453, 0, 1, 2, '{"subscriber_account_ID":""}', 1472720765),
(1454, 0, 9, 2, '{"ID":"1","additional_data":{"account_biography":"true","account_cover_photo":"true","account_profile_photo":"true"}}', 1472720765),
(1455, 0, 1, 2, '[]', 1472720786),
(1456, 0, 1, 2, '{"subscriber_account_ID":""}', 1472720786),
(1457, 0, 9, 2, '{"ID":"1","additional_data":{"account_biography":"true","account_cover_photo":"true","account_profile_photo":"true"}}', 1472720786),
(1458, 0, 1, 2, '[]', 1472720801),
(1459, 0, 1, 2, '{"subscriber_account_ID":""}', 1472720801),
(1460, 0, 9, 2, '{"ID":"1","additional_data":{"account_biography":"true","account_cover_photo":"true","account_profile_photo":"true"}}', 1472720801),
(1461, 0, 9, 2, '{"ID":"1","additional_data":{"account_biography":"true","account_cover_photo":"true","account_profile_photo":"true"}}', 1472720879),
(1462, 0, 1, 2, '{"subscribed_account_ID":"1","subscriber_account_ID":""}', 1472720888),
(1463, 0, 1, 2, '{"subscribed_account_ID":"1"}', 1472720888),
(1464, 0, 9, 2, '{"ID":"1","additional_data":{"account_biography":"true","account_cover_photo":"true","account_profile_photo":"true"}}', 1472720888),
(1465, 0, 1, 2, '{"subscribed_account_ID":"1","subscriber_account_ID":""}', 1472720893),
(1466, 0, 1, 2, '{"subscribed_account_ID":"1"}', 1472720893),
(1467, 0, 9, 2, '{"ID":"1","additional_data":{"account_biography":"true","account_cover_photo":"true","account_profile_photo":"true"}}', 1472720893),
(1468, 0, 1, 2, '{"subscribed_account_ID":"1","subscriber_account_ID":"0"}', 1472720999),
(1469, 0, 1, 2, '{"subscribed_account_ID":"1"}', 1472720999),
(1470, 0, 9, 2, '{"ID":"1","additional_data":{"account_biography":"true","account_cover_photo":"true","account_profile_photo":"true"}}', 1472720999),
(1471, 0, 1, 2, '{"subscribed_account_ID":"1"}', 1472721040),
(1472, 0, 1, 2, '{"subscribed_account_ID":"1","subscriber_account_ID":"0"}', 1472721040),
(1473, 0, 9, 2, '{"ID":"1","additional_data":{"account_biography":"true","account_cover_photo":"true","account_profile_photo":"true"}}', 1472721040),
(1474, 0, 1, 2, '{"subscribed_account_ID":"1","subscriber_account_ID":"0"}', 1472721064),
(1475, 0, 1, 2, '{"subscribed_account_ID":"1"}', 1472721064),
(1476, 0, 9, 2, '{"ID":"1","additional_data":{"account_biography":"true","account_cover_photo":"true","account_profile_photo":"true"}}', 1472721065),
(1477, 0, 1, 2, '{"subscribed_account_ID":"1"}', 1472736015),
(1478, 0, 1, 2, '{"subscribed_account_ID":"1","subscriber_account_ID":"0"}', 1472736015),
(1479, 0, 9, 2, '{"ID":"1","additional_data":{"account_biography":"true","account_cover_photo":"true","account_profile_photo":"true"}}', 1472736015),
(1480, 0, 1, 2, '{"subscribed_account_ID":"1","subscriber_account_ID":"0"}', 1472736075),
(1481, 0, 1, 2, '{"subscribed_account_ID":"1"}', 1472736076),
(1482, 0, 9, 2, '{"ID":"1","additional_data":{"account_biography":"true","account_cover_photo":"true","account_profile_photo":"true"}}', 1472736076),
(1483, 1, 1, 2, '{"subscribed_account_ID":"0"}', 1472788966),
(1484, 1, 1, 2, '{"subscribed_account_ID":"0","subscriber_account_ID":"1"}', 1472788966),
(1485, 1, 1, 2, '{"subscribed_account_ID":"1"}', 1472789026),
(1486, 1, 1, 2, '{"subscribed_account_ID":"1","subscriber_account_ID":"1"}', 1472789026),
(1487, 1, 9, 2, '{"ID":"1","additional_data":{"account_biography":"true","account_cover_photo":"true","account_profile_photo":"true"}}', 1472789026),
(1488, 1, 1, 2, '{"subscribed_account_ID":"1","subscriber_account_ID":"1"}', 1472789030),
(1489, 1, 1, 2, '{"subscribed_account_ID":"1"}', 1472789030),
(1490, 1, 9, 2, '{"ID":"1","additional_data":{"account_biography":"true","account_cover_photo":"true","account_profile_photo":"true"}}', 1472789030),
(1491, 1, 1, 2, '{"subscribed_account_ID":"1","subscriber_account_ID":"1"}', 1472789053),
(1492, 1, 1, 2, '{"subscribed_account_ID":"1"}', 1472789053),
(1493, 1, 9, 2, '{"ID":"1","additional_data":{"account_biography":"true","account_cover_photo":"true","account_profile_photo":"true"}}', 1472789053),
(1494, 1, 1, 2, '{"subscribed_account_ID":"1"}', 1472789173),
(1495, 1, 9, 2, '{"ID":"1","additional_data":{"account_biography":"true","account_cover_photo":"true","account_profile_photo":"true"}}', 1472789173),
(1496, 1, 9, 1, '4', 1472789268),
(1497, 4, 1, 2, '{"subscribed_account_ID":""}', 1472789290),
(1498, 4, 9, 2, '{"ID":"","additional_data":{"account_biography":"true","account_cover_photo":"true","account_profile_photo":"true"}}', 1472789290),
(1499, 4, 1, 2, '{"subscribed_account_ID":""}', 1472789296),
(1500, 4, 9, 2, '{"ID":"","additional_data":{"account_biography":"true","account_cover_photo":"true","account_profile_photo":"true"}}', 1472789296),
(1501, 4, 1, 2, '{"subscribed_account_ID":""}', 1472789320),
(1502, 4, 9, 2, '{"ID":"","additional_data":{"account_biography":"true","account_cover_photo":"true","account_profile_photo":"true"}}', 1472789320),
(1503, 4, 1, 2, '{"subscribed_account_ID":"4"}', 1472789429),
(1504, 4, 9, 2, '{"ID":"4","additional_data":{"account_biography":"true","account_cover_photo":"true","account_profile_photo":"true"}}', 1472789429),
(1505, 4, 9, 4, '{"ID":"4","updated_data":{"first_name":"john","middle_name":"retu","last_name":"ple","country":"Philippines","account_biography__detail":"Ola me a"},"condition":{"account_biography__ID":""}}', 1472789456),
(1506, 4, 9, 2, '{"ID":"4","additional_data":{"account_biography":"true","account_cover_photo":"true","account_profile_photo":"true"}}', 1472789456),
(1507, 4, 1, 2, '{"subscribed_account_ID":"1"}', 1472789461),
(1508, 4, 1, 2, '{"subscribed_account_ID":"1","subscriber_account_ID":"4"}', 1472789461),
(1509, 4, 9, 2, '{"ID":"1","additional_data":{"account_biography":"true","account_cover_photo":"true","account_profile_photo":"true"}}', 1472789461),
(1510, 4, 1, 2, '{"subscribed_account_ID":"1"}', 1472789581),
(1511, 4, 1, 2, '{"subscribed_account_ID":"1","subscriber_account_ID":"4"}', 1472789581),
(1512, 4, 9, 2, '{"ID":"1","additional_data":{"account_biography":"true","account_cover_photo":"true","account_profile_photo":"true"}}', 1472789582),
(1513, 4, 1, 2, '{"subscribed_account_ID":"1","subscriber_account_ID":"4"}', 1472789654),
(1514, 4, 1, 2, '{"subscribed_account_ID":"1"}', 1472789654),
(1515, 4, 9, 2, '{"ID":"1","additional_data":{"account_biography":"true","account_cover_photo":"true","account_profile_photo":"true"}}', 1472789654),
(1516, 4, 1, 1, '2', 1472789656),
(1517, 4, 1, 2, '{"subscribed_account_ID":"1","subscriber_account_ID":"4"}', 1472789656),
(1518, 4, 1, 2, '{"subscribed_account_ID":"1"}', 1472789656),
(1519, 4, 1, 2, '{"subscribed_account_ID":"1"}', 1472789663),
(1520, 4, 1, 2, '{"subscribed_account_ID":"1","subscriber_account_ID":"4"}', 1472789663),
(1521, 4, 9, 2, '{"ID":"1","additional_data":{"account_biography":"true","account_cover_photo":"true","account_profile_photo":"true"}}', 1472789663),
(1522, 4, 1, 2, '{"subscribed_account_ID":"1","subscriber_account_ID":"4"}', 1472789684),
(1523, 4, 1, 2, '{"subscribed_account_ID":"1"}', 1472789684),
(1524, 4, 9, 2, '{"ID":"1","additional_data":{"account_biography":"true","account_cover_photo":"true","account_profile_photo":"true"}}', 1472789685),
(1525, 4, 1, 2, '{"subscribed_account_ID":"1"}', 1472789702),
(1526, 4, 1, 2, '{"subscribed_account_ID":"1","subscriber_account_ID":"4"}', 1472789702),
(1527, 4, 9, 2, '{"ID":"1","additional_data":{"account_biography":"true","account_cover_photo":"true","account_profile_photo":"true"}}', 1472789702),
(1528, 4, 1, 1, '3', 1472789794),
(1529, 4, 1, 2, '{"subscribed_account_ID":"1"}', 1472789794),
(1530, 4, 1, 2, '{"subscribed_account_ID":"1","subscriber_account_ID":"4"}', 1472789794),
(1531, 4, 1, 1, '4', 1472789796),
(1532, 4, 1, 2, '{"subscribed_account_ID":"1"}', 1472789796),
(1533, 4, 1, 2, '{"subscribed_account_ID":"1","subscriber_account_ID":"4"}', 1472789796),
(1534, 4, 1, 1, '5', 1472790062),
(1535, 4, 1, 2, '{"subscribed_account_ID":"1","subscriber_account_ID":"4"}', 1472790062),
(1536, 4, 1, 2, '{"subscribed_account_ID":"1"}', 1472790062),
(1537, 4, 1, 1, '6', 1472790172),
(1538, 4, 1, 1, '7', 1472790184),
(1539, 4, 1, 1, '8', 1472790206),
(1540, 4, 1, 2, '{"subscribed_account_ID":"1"}', 1472790206),
(1541, 4, 1, 2, '{"subscribed_account_ID":"1","subscriber_account_ID":"4"}', 1472790206),
(1542, 4, 1, 1, '9', 1472790207),
(1543, 4, 1, 2, '{"subscribed_account_ID":"1"}', 1472790207),
(1544, 4, 1, 2, '{"subscribed_account_ID":"1","subscriber_account_ID":"4"}', 1472790207),
(1545, 4, 1, 1, '10', 1472790208),
(1546, 4, 1, 2, '{"subscribed_account_ID":"1"}', 1472790208),
(1547, 4, 1, 2, '{"subscribed_account_ID":"1","subscriber_account_ID":"4"}', 1472790208),
(1548, 4, 1, 1, '11', 1472790208),
(1549, 4, 1, 2, '{"subscribed_account_ID":"1"}', 1472790209),
(1550, 4, 1, 2, '{"subscribed_account_ID":"1","subscriber_account_ID":"4"}', 1472790209),
(1551, 4, 1, 1, '12', 1472790209),
(1552, 4, 1, 2, '{"subscribed_account_ID":"1"}', 1472790209),
(1553, 4, 1, 2, '{"subscribed_account_ID":"1","subscriber_account_ID":"4"}', 1472790209),
(1554, 4, 1, 1, '13', 1472790209),
(1555, 4, 1, 2, '{"subscribed_account_ID":"1"}', 1472790209),
(1556, 4, 1, 2, '{"subscribed_account_ID":"1","subscriber_account_ID":"4"}', 1472790209),
(1557, 4, 1, 2, '{"subscribed_account_ID":"1","condition":{"subscriber_account_ID":"4"}}', 1472790237),
(1558, 4, 1, 2, '{"subscribed_account_ID":"1"}', 1472790237),
(1559, 4, 9, 2, '{"ID":"1","additional_data":{"account_biography":"true","account_cover_photo":"true","account_profile_photo":"true"}}', 1472790238),
(1560, 4, 1, 2, '{"subscribed_account_ID":"1","condition":{"subscriber_account_ID":"4"}}', 1472790265),
(1561, 4, 1, 2, '{"subscribed_account_ID":"1"}', 1472790265),
(1562, 4, 9, 2, '{"ID":"1","additional_data":{"account_biography":"true","account_cover_photo":"true","account_profile_photo":"true"}}', 1472790265),
(1563, 4, 1, 2, '{"subscribed_account_ID":"1"}', 1472790812),
(1564, 4, 1, 2, '{"subscribed_account_ID":"1","condition":{"subscriber_account_ID":"4"}}', 1472790812),
(1565, 4, 9, 2, '{"ID":"1","additional_data":{"account_biography":"true","account_cover_photo":"true","account_profile_photo":"true"}}', 1472790812),
(1566, 4, 1, 8, '{"condition":{"subscribed_account_ID":"1","subscriber_account_ID":"4"}}', 1472790814),
(1567, 4, 1, 2, '{"subscribed_account_ID":"1"}', 1472790814),
(1568, 4, 1, 1, '14', 1472790816),
(1569, 4, 1, 2, '{"subscribed_account_ID":"1"}', 1472790816),
(1570, 4, 1, 2, '{"subscribed_account_ID":"1","condition":{"subscriber_account_ID":"4"}}', 1472790816),
(1571, 4, 1, 8, '{"condition":{"subscribed_account_ID":"1","subscriber_account_ID":"4"}}', 1472790826),
(1572, 4, 1, 2, '{"subscribed_account_ID":"1"}', 1472790826),
(1573, 4, 1, 1, '15', 1472790827),
(1574, 4, 1, 2, '{"subscribed_account_ID":"1"}', 1472790827),
(1575, 4, 1, 2, '{"subscribed_account_ID":"1","condition":{"subscriber_account_ID":"4"}}', 1472790827),
(1576, 4, 1, 8, '{"condition":{"subscribed_account_ID":"1","subscriber_account_ID":"4"}}', 1472790828),
(1577, 4, 1, 2, '{"subscribed_account_ID":"1"}', 1472790828),
(1578, 4, 1, 1, '16', 1472790830),
(1579, 4, 1, 2, '{"subscribed_account_ID":"1"}', 1472790830),
(1580, 4, 1, 2, '{"subscribed_account_ID":"1","condition":{"subscriber_account_ID":"4"}}', 1472790830),
(1581, 4, 1, 8, '{"condition":{"subscribed_account_ID":"1","subscriber_account_ID":"4"}}', 1472790832),
(1582, 4, 1, 2, '{"subscribed_account_ID":"1"}', 1472790832),
(1583, 4, 1, 1, '17', 1472790834),
(1584, 4, 1, 2, '{"subscribed_account_ID":"1"}', 1472790834),
(1585, 4, 1, 2, '{"subscribed_account_ID":"1","condition":{"subscriber_account_ID":"4"}}', 1472790834),
(1586, 4, 1, 8, '{"condition":{"subscribed_account_ID":"1","subscriber_account_ID":"4"}}', 1472790841),
(1587, 4, 1, 2, '{"subscribed_account_ID":"1"}', 1472790841),
(1588, 4, 1, 2, '{"subscribed_account_ID":"1"}', 1472790849),
(1589, 4, 9, 2, '{"ID":"1","additional_data":{"account_biography":"true","account_cover_photo":"true","account_profile_photo":"true"}}', 1472790849),
(1590, 4, 1, 1, '18', 1472791095),
(1591, 4, 1, 2, '{"subscribed_account_ID":"1"}', 1472791095),
(1592, 4, 1, 2, '{"subscribed_account_ID":"1","condition":{"subscriber_account_ID":"4"}}', 1472791095),
(1593, 4, 1, 8, '{"condition":{"subscribed_account_ID":"1","subscriber_account_ID":"4"}}', 1472791096),
(1594, 4, 1, 2, '{"subscribed_account_ID":"1"}', 1472791096),
(1595, 4, 1, 1, '19', 1472791097),
(1596, 4, 1, 2, '{"subscribed_account_ID":"1","condition":{"subscriber_account_ID":"4"}}', 1472791097),
(1597, 4, 1, 2, '{"subscribed_account_ID":"1"}', 1472791097),
(1598, 4, 1, 8, '{"condition":{"subscribed_account_ID":"1","subscriber_account_ID":"4"}}', 1472791097),
(1599, 4, 1, 2, '{"subscribed_account_ID":"1"}', 1472791097),
(1600, 4, 1, 1, '20', 1472791098),
(1601, 4, 1, 2, '{"subscribed_account_ID":"1"}', 1472791098),
(1602, 4, 1, 2, '{"subscribed_account_ID":"1","condition":{"subscriber_account_ID":"4"}}', 1472791098),
(1603, 4, 1, 8, '{"condition":{"subscribed_account_ID":"1","subscriber_account_ID":"4"}}', 1472791099),
(1604, 4, 1, 2, '{"subscribed_account_ID":"1"}', 1472791099),
(1605, 4, 1, 2, '{"subscribed_account_ID":"2"}', 1472791188),
(1606, 4, 9, 2, '{"ID":"2","additional_data":{"account_biography":"true","account_cover_photo":"true","account_profile_photo":"true"}}', 1472791188),
(1607, 4, 1, 2, '{"subscribed_account_ID":"4"}', 1472791192),
(1608, 4, 9, 2, '{"ID":"4","additional_data":{"account_biography":"true","account_cover_photo":"true","account_profile_photo":"true"}}', 1472791192),
(1609, 4, 1, 1, '86', 1472791226),
(1610, 4, 9, 2, '{"ID":"4","additional_data":{"account_biography":"true","account_cover_photo":"true","account_profile_photo":"true"}}', 1472791226),
(1611, 4, 1, 1, '87', 1472791271),
(1612, 4, 9, 2, '{"ID":"4","additional_data":{"account_biography":"true","account_cover_photo":"true","account_profile_photo":"true"}}', 1472791271),
(1613, 4, 1, 2, '{"subscribed_account_ID":"4"}', 1472791284),
(1614, 4, 9, 2, '{"ID":"4","additional_data":{"account_biography":"true","account_cover_photo":"true","account_profile_photo":"true"}}', 1472791284),
(1615, 4, 1, 1, '88', 1472791302),
(1616, 4, 9, 2, '{"ID":"4","additional_data":{"account_biography":"true","account_cover_photo":"true","account_profile_photo":"true"}}', 1472791302),
(1617, 4, 1, 2, '{"subscribed_account_ID":"4"}', 1472791306),
(1618, 4, 9, 2, '{"ID":"4","additional_data":{"account_biography":"true","account_cover_photo":"true","account_profile_photo":"true"}}', 1472791306),
(1619, 4, 1, 2, '{"subscribed_account_ID":"4"}', 1472791421),
(1620, 4, 9, 2, '{"ID":"4","additional_data":{"account_biography":"true","account_cover_photo":"true","account_profile_photo":"true"}}', 1472791421),
(1621, 4, 1, 2, '{"subscribed_account_ID":"4"}', 1472791466),
(1622, 4, 9, 2, '{"ID":"4","additional_data":{"account_biography":"true","account_cover_photo":"true","account_profile_photo":"true"}}', 1472791466),
(1623, 4, 1, 2, '{"subscribed_account_ID":"4"}', 1472791472),
(1624, 4, 9, 2, '{"ID":"4","additional_data":{"account_biography":"true","account_cover_photo":"true","account_profile_photo":"true"}}', 1472791472),
(1625, 4, 1, 2, '{"subscribed_account_ID":"4"}', 1472791491),
(1626, 4, 9, 2, '{"ID":"4","additional_data":{"account_biography":"true","account_cover_photo":"true","account_profile_photo":"true"}}', 1472791491),
(1627, 4, 1, 2, '{"subscribed_account_ID":"4"}', 1472791514),
(1628, 4, 9, 2, '{"ID":"4","additional_data":{"account_biography":"true","account_cover_photo":"true","account_profile_photo":"true"}}', 1472791514),
(1629, 4, 1, 2, '{"subscribed_account_ID":"4"}', 1472791603),
(1630, 4, 9, 2, '{"ID":"4","additional_data":{"account_biography":"true","account_cover_photo":"true","account_profile_photo":"true"}}', 1472791603),
(1631, 4, 1, 2, '{"subscribed_account_ID":"4"}', 1472791612),
(1632, 4, 9, 2, '{"ID":"4","additional_data":{"account_biography":"true","account_cover_photo":"true","account_profile_photo":"true"}}', 1472791613),
(1633, 4, 1, 1, '89', 1472791691),
(1634, 4, 9, 2, '{"ID":"4","additional_data":{"account_biography":"true","account_cover_photo":"true","account_profile_photo":"true"}}', 1472791691),
(1635, 4, 1, 2, '{"subscribed_account_ID":"4"}', 1472791918),
(1636, 4, 9, 2, '{"ID":"4","additional_data":{"account_biography":"true","account_cover_photo":"true","account_profile_photo":"true"}}', 1472791918),
(1637, 4, 1, 2, '{"subscribed_account_ID":"4"}', 1472791978),
(1638, 4, 9, 2, '{"ID":"4","additional_data":{"account_biography":"true","account_cover_photo":"true","account_profile_photo":"true"}}', 1472791978),
(1639, 4, 1, 1, '90', 1472791990),
(1640, 4, 9, 2, '{"ID":"4","additional_data":{"account_biography":"true","account_cover_photo":"true","account_profile_photo":"true"}}', 1472791990),
(1641, 4, 1, 1, '91', 1472791994),
(1642, 4, 9, 2, '{"ID":"4","additional_data":{"account_biography":"true","account_cover_photo":"true","account_profile_photo":"true"}}', 1472791994),
(1643, 4, 1, 1, '92', 1472792001),
(1644, 4, 9, 2, '{"ID":"4","additional_data":{"account_biography":"true","account_cover_photo":"true","account_profile_photo":"true"}}', 1472792001),
(1645, 4, 1, 1, '93', 1472792013),
(1646, 4, 9, 2, '{"ID":"4","additional_data":{"account_biography":"true","account_cover_photo":"true","account_profile_photo":"true"}}', 1472792013),
(1647, 4, 1, 1, '94', 1472792031),
(1648, 4, 9, 2, '{"ID":"4","additional_data":{"account_biography":"true","account_cover_photo":"true","account_profile_photo":"true"}}', 1472792031),
(1649, 4, 1, 2, '{"subscribed_account_ID":"4"}', 1472792037),
(1650, 4, 9, 2, '{"ID":"4","additional_data":{"account_biography":"true","account_cover_photo":"true","account_profile_photo":"true"}}', 1472792037),
(1651, 4, 1, 2, '{"subscribed_account_ID":"1"}', 1472792438),
(1652, 4, 9, 2, '{"ID":"1","additional_data":{"account_biography":"true","account_cover_photo":"true","account_profile_photo":"true"}}', 1472792438),
(1653, 4, 1, 1, '21', 1472792441),
(1654, 4, 1, 2, '{"subscribed_account_ID":"1"}', 1472792441),
(1655, 4, 1, 2, '{"subscribed_account_ID":"1","condition":{"subscriber_account_ID":"4"}}', 1472792441),
(1656, 4, 1, 2, '{"subscribed_account_ID":"2"}', 1472792562),
(1657, 4, 1, 2, '{"subscribed_account_ID":"2","condition":{"subscriber_account_ID":"4"}}', 1472792562),
(1658, 4, 9, 2, '{"ID":"2","additional_data":{"account_biography":"true","account_cover_photo":"true","account_profile_photo":"true"}}', 1472792562),
(1659, 4, 1, 2, '{"subscribed_account_ID":"2"}', 1472792606),
(1660, 4, 1, 2, '{"subscribed_account_ID":"2","condition":{"subscriber_account_ID":"4"}}', 1472792606),
(1661, 4, 9, 2, '{"ID":"2","additional_data":{"account_biography":"true","account_cover_photo":"true","account_profile_photo":"true"}}', 1472792608),
(1662, 4, 1, 2, '{"subscribed_account_ID":"2"}', 1472792702),
(1663, 4, 1, 2, '{"subscribed_account_ID":"2","condition":{"subscriber_account_ID":"4"}}', 1472792702),
(1664, 4, 9, 2, '{"ID":"2","additional_data":{"account_biography":"true","account_cover_photo":"true","account_profile_photo":"true"}}', 1472792703),
(1665, 4, 1, 2, '{"subscribed_account_ID":"4"}', 1472792780),
(1666, 4, 9, 2, '{"ID":"4","additional_data":{"account_biography":"true","account_cover_photo":"true","account_profile_photo":"true"}}', 1472792780),
(1667, 1, 1, 2, '{"subscribed_account_ID":"1"}', 1472792786),
(1668, 1, 9, 2, '{"ID":"1","additional_data":{"account_biography":"true","account_cover_photo":"true","account_profile_photo":"true"}}', 1472792786),
(1669, 0, 1, 2, '{"subscribed_account_ID":""}', 1472901818),
(1670, 0, 1, 2, '{"subscribed_account_ID":""}', 1472967213),
(1671, 1, 1, 2, '{"subscribed_account_ID":"1"}', 1472967833),
(1672, 1, 9, 2, '{"ID":"1","additional_data":{"account_biography":"true","account_cover_photo":"true","account_profile_photo":"true"}}', 1472967835),
(1673, 1, 1, 2, '{"subscribed_account_ID":"1"}', 1472967842),
(1674, 1, 9, 2, '{"ID":"1","additional_data":{"account_biography":"true","account_cover_photo":"true","account_profile_photo":"true"}}', 1472967842),
(1675, 1, 1, 2, '{"subscribed_account_ID":"4"}', 1472967887),
(1676, 1, 9, 2, '{"ID":"4","additional_data":{"account_biography":"true","account_cover_photo":"true","account_profile_photo":"true"}}', 1472967887),
(1677, 1, 1, 1, '22', 1472977536),
(1678, 1, 1, 2, '{"subscribed_account_ID":"4"}', 1472977536),
(1679, 1, 1, 2, '{"subscribed_account_ID":"4","condition":{"subscriber_account_ID":"1"}}', 1472977536),
(1680, 1, 1, 8, '{"condition":{"subscribed_account_ID":"4","subscriber_account_ID":"1"}}', 1472977538),
(1681, 1, 1, 2, '{"subscribed_account_ID":"4"}', 1472977538),
(1682, 1, 1, 1, '23', 1472977539),
(1683, 1, 1, 2, '{"subscribed_account_ID":"4","condition":{"subscriber_account_ID":"1"}}', 1472977539),
(1684, 1, 1, 2, '{"subscribed_account_ID":"4"}', 1472977539),
(1685, 1, 1, 8, '{"condition":{"subscribed_account_ID":"4","subscriber_account_ID":"1"}}', 1472977539),
(1686, 1, 1, 2, '{"subscribed_account_ID":"4"}', 1472977539),
(1687, 1, 1, 1, '24', 1472977540),
(1688, 1, 1, 2, '{"subscribed_account_ID":"4","condition":{"subscriber_account_ID":"1"}}', 1472977540),
(1689, 1, 1, 2, '{"subscribed_account_ID":"4"}', 1472977540),
(1690, 1, 1, 8, '{"condition":{"subscribed_account_ID":"4","subscriber_account_ID":"1"}}', 1472977541),
(1691, 1, 1, 2, '{"subscribed_account_ID":"4"}', 1472977541),
(1692, 1, 1, 1, '25', 1472977542),
(1693, 1, 1, 2, '{"subscribed_account_ID":"4"}', 1472977542),
(1694, 1, 1, 2, '{"subscribed_account_ID":"4","condition":{"subscriber_account_ID":"1"}}', 1472977542),
(1695, 1, 1, 8, '{"condition":{"subscribed_account_ID":"4","subscriber_account_ID":"1"}}', 1472977542),
(1696, 1, 1, 2, '{"subscribed_account_ID":"4"}', 1472977542),
(1697, 1, 1, 1, '26', 1472977544),
(1698, 1, 1, 2, '{"subscribed_account_ID":"4","condition":{"subscriber_account_ID":"1"}}', 1472977544),
(1699, 1, 1, 2, '{"subscribed_account_ID":"4"}', 1472977544),
(1700, 1, 1, 8, '{"condition":{"subscribed_account_ID":"4","subscriber_account_ID":"1"}}', 1472977546),
(1701, 1, 1, 2, '{"subscribed_account_ID":"4"}', 1472977546),
(1702, 1, 1, 1, '27', 1472977548),
(1703, 1, 1, 2, '{"subscribed_account_ID":"4","condition":{"subscriber_account_ID":"1"}}', 1472977548),
(1704, 1, 1, 2, '{"subscribed_account_ID":"4"}', 1472977548),
(1705, 1, 9, 2, '{"result_limit":"5"}', 1472977569),
(1706, 1, 1, 2, '{"subscribed_account_ID":"4"}', 1472977585),
(1707, 1, 1, 2, '{"subscribed_account_ID":"4","condition":{"subscriber_account_ID":"1"}}', 1472977585),
(1708, 1, 9, 2, '{"ID":"4","additional_data":{"account_biography":"true","account_cover_photo":"true","account_profile_photo":"true"}}', 1472977585),
(1709, 1, 1, 2, '{"subscribed_account_ID":"4"}', 1472977896),
(1710, 1, 9, 2, '{"ID":"4","additional_data":{"account_biography":"true","account_cover_photo":"true","account_profile_photo":"true"}}', 1472977896),
(1711, 1, 1, 2, '{"subscribed_account_ID":"4","condition":{"subscriber_account_ID":"1"}}', 1472977896),
(1712, 1, 1, 2, '{"subscribed_account_ID":"4"}', 1472977949),
(1713, 1, 1, 2, '{"subscribed_account_ID":"4","condition":{"subscriber_account_ID":"1"}}', 1472977949),
(1714, 1, 9, 2, '{"ID":"4","additional_data":{"account_biography":"true","account_cover_photo":"true","account_profile_photo":"true"}}', 1472977949),
(1715, 1, 1, 2, '{"subscribed_account_ID":"4"}', 1472977998),
(1716, 1, 1, 2, '{"subscribed_account_ID":"4","condition":{"subscriber_account_ID":"1"}}', 1472977998),
(1717, 1, 9, 2, '{"ID":"4","additional_data":{"account_biography":"true","account_cover_photo":"true","account_profile_photo":"true"}}', 1472977998),
(1718, 1, 1, 2, '{"subscribed_account_ID":"4"}', 1472978044),
(1719, 1, 9, 2, '{"ID":"4","additional_data":{"account_biography":"true","account_cover_photo":"true","account_profile_photo":"true"}}', 1472978044),
(1720, 1, 1, 2, '{"subscribed_account_ID":"4","condition":{"subscriber_account_ID":"1"}}', 1472978044),
(1721, 1, 1, 2, '{"subscribed_account_ID":"4"}', 1472978095);
INSERT INTO `action_log` (`ID`, `account_ID`, `api_controller_ID`, `access_number_ID`, `detail`, `datetime`) VALUES
(1722, 1, 1, 2, '{"subscribed_account_ID":"4","condition":{"subscriber_account_ID":"1"}}', 1472978095),
(1723, 1, 9, 2, '{"ID":"4","additional_data":{"account_biography":"true","account_cover_photo":"true","account_profile_photo":"true"}}', 1472978095),
(1724, 1, 1, 2, '{"subscribed_account_ID":"4","condition":{"subscriber_account_ID":"1"}}', 1472978118),
(1725, 1, 1, 2, '{"subscribed_account_ID":"4"}', 1472978118),
(1726, 1, 9, 2, '{"ID":"4","additional_data":{"account_biography":"true","account_cover_photo":"true","account_profile_photo":"true"}}', 1472978119),
(1727, 1, 1, 2, '{"subscribed_account_ID":"4"}', 1472978165),
(1728, 1, 1, 2, '{"subscribed_account_ID":"4","condition":{"subscriber_account_ID":"1"}}', 1472978165),
(1729, 1, 9, 2, '{"ID":"4","additional_data":{"account_biography":"true","account_cover_photo":"true","account_profile_photo":"true"}}', 1472978165),
(1730, 1, 1, 2, '{"subscribed_account_ID":"4"}', 1472979360),
(1731, 1, 1, 2, '{"subscribed_account_ID":"4","condition":{"subscriber_account_ID":"1"}}', 1472979360),
(1732, 1, 9, 2, '{"ID":"4","additional_data":{"account_biography":"true","account_cover_photo":"true","account_profile_photo":"true"}}', 1472979360),
(1733, 1, 1, 2, '{"subscribed_account_ID":"4"}', 1472979368),
(1734, 1, 1, 2, '{"subscribed_account_ID":"4","condition":{"subscriber_account_ID":"1"}}', 1472979368),
(1735, 1, 9, 2, '{"ID":"4","additional_data":{"account_biography":"true","account_cover_photo":"true","account_profile_photo":"true"}}', 1472979368),
(1736, 1, 1, 2, '{"subscribed_account_ID":"4"}', 1472979437),
(1737, 1, 1, 2, '{"subscribed_account_ID":"4","condition":{"subscriber_account_ID":"1"}}', 1472979437),
(1738, 1, 9, 2, '{"ID":"4","additional_data":{"account_biography":"true","account_cover_photo":"true","account_profile_photo":"true"}}', 1472979437),
(1739, 1, 1, 2, '{"subscribed_account_ID":"4","condition":{"subscriber_account_ID":"1"}}', 1472979463),
(1740, 1, 1, 2, '{"subscribed_account_ID":"4"}', 1472979463),
(1741, 1, 9, 2, '{"ID":"4","additional_data":{"account_biography":"true","account_cover_photo":"true","account_profile_photo":"true"}}', 1472979463),
(1742, 1, 1, 2, '{"subscribed_account_ID":"4"}', 1472979603),
(1743, 1, 1, 2, '{"subscribed_account_ID":"4","condition":{"subscriber_account_ID":"1"}}', 1472979603),
(1744, 1, 9, 2, '{"ID":"4","additional_data":{"account_biography":"true","account_cover_photo":"true","account_profile_photo":"true"}}', 1472979603),
(1745, 1, 9, 2, '{"result_limit":"5"}', 1472979848),
(1746, 1, 1, 2, '{"result_limit":"5"}', 1472979849),
(1747, 0, 1, 2, '{"subscribed_account_ID":""}', 1472980396),
(1748, 0, 9, 2, '{"ID":"","additional_data":{"account_biography":"true","account_cover_photo":"true","account_profile_photo":"true"}}', 1472980397),
(1749, 1, 1, 2, '{"subscribed_account_ID":"1"}', 1472984641),
(1750, 1, 9, 2, '{"ID":"1","additional_data":{"account_biography":"true","account_cover_photo":"true","account_profile_photo":"true"}}', 1472984641),
(1751, 1, 1, 2, '{"subscribed_account_ID":"1"}', 1472984756),
(1752, 1, 9, 2, '{"ID":"1","additional_data":{"account_biography":"true","account_cover_photo":"true","account_profile_photo":"true"}}', 1472984756),
(1753, 1, 1, 2, '{"subscribed_account_ID":"1"}', 1472984772),
(1754, 1, 9, 2, '{"ID":"1","additional_data":{"account_biography":"true","account_cover_photo":"true","account_profile_photo":"true"}}', 1472984772),
(1755, 1, 1, 2, '{"subscribed_account_ID":"1"}', 1472984787),
(1756, 1, 9, 2, '{"ID":"1","additional_data":{"account_biography":"true","account_cover_photo":"true","account_profile_photo":"true"}}', 1472984787),
(1757, 1, 1, 2, '{"subscribed_account_ID":"1"}', 1472984798),
(1758, 1, 9, 2, '{"ID":"1","additional_data":{"account_biography":"true","account_cover_photo":"true","account_profile_photo":"true"}}', 1472984798),
(1759, 1, 1, 2, '{"subscribed_account_ID":"1"}', 1472984825),
(1760, 1, 9, 2, '{"ID":"1","additional_data":{"account_biography":"true","account_cover_photo":"true","account_profile_photo":"true"}}', 1472984825),
(1761, 1, 1, 2, '{"subscribed_account_ID":"1"}', 1472984854),
(1762, 1, 9, 2, '{"ID":"1","additional_data":{"account_biography":"true","account_cover_photo":"true","account_profile_photo":"true"}}', 1472984854),
(1763, 1, 1, 2, '{"subscribed_account_ID":"1"}', 1472984862),
(1764, 1, 9, 2, '{"ID":"1","additional_data":{"account_biography":"true","account_cover_photo":"true","account_profile_photo":"true"}}', 1472984862),
(1765, 1, 1, 2, '{"subscribed_account_ID":"1"}', 1472984874),
(1766, 1, 9, 2, '{"ID":"1","additional_data":{"account_biography":"true","account_cover_photo":"true","account_profile_photo":"true"}}', 1472984874),
(1767, 1, 1, 2, '{"subscribed_account_ID":"1"}', 1472985114),
(1768, 1, 9, 2, '{"ID":"1","additional_data":{"account_biography":"true","account_cover_photo":"true","account_profile_photo":"true"}}', 1472985114),
(1769, 1, 1, 2, '{"subscribed_account_ID":"1"}', 1472985182),
(1770, 1, 9, 2, '{"ID":"1","additional_data":{"account_biography":"true","account_cover_photo":"true","account_profile_photo":"true"}}', 1472985182),
(1771, 1, 1, 2, '{"subscribed_account_ID":"1"}', 1472985195),
(1772, 1, 9, 2, '{"ID":"1","additional_data":{"account_biography":"true","account_cover_photo":"true","account_profile_photo":"true"}}', 1472985195),
(1773, 1, 1, 2, '{"subscribed_account_ID":"1"}', 1472985214),
(1774, 1, 9, 2, '{"ID":"1","additional_data":{"account_biography":"true","account_cover_photo":"true","account_profile_photo":"true"}}', 1472985214),
(1775, 1, 1, 2, '{"subscribed_account_ID":"1"}', 1472985279),
(1776, 1, 9, 2, '{"ID":"1","additional_data":{"account_biography":"true","account_cover_photo":"true","account_profile_photo":"true"}}', 1472985279),
(1777, 1, 1, 2, '{"subscribed_account_ID":"1"}', 1472985374),
(1778, 1, 9, 2, '{"ID":"1","additional_data":{"account_biography":"true","account_cover_photo":"true","account_profile_photo":"true"}}', 1472985375),
(1779, 1, 1, 2, '{"subscribed_account_ID":"1"}', 1472985384),
(1780, 1, 9, 2, '{"ID":"1","additional_data":{"account_biography":"true","account_cover_photo":"true","account_profile_photo":"true"}}', 1472985384),
(1781, 1, 1, 2, '{"subscribed_account_ID":"1"}', 1472985460),
(1782, 1, 9, 2, '{"ID":"1","additional_data":{"account_biography":"true","account_cover_photo":"true","account_profile_photo":"true"}}', 1472985461),
(1783, 1, 1, 2, '{"subscribed_account_ID":"1"}', 1472985497),
(1784, 1, 9, 2, '{"ID":"1","additional_data":{"account_biography":"true","account_cover_photo":"true","account_profile_photo":"true"}}', 1472985497),
(1785, 1, 1, 2, '{"subscribed_account_ID":"1"}', 1472985581),
(1786, 1, 9, 2, '{"ID":"1","additional_data":{"account_biography":"true","account_cover_photo":"true","account_profile_photo":"true"}}', 1472985581),
(1787, 1, 9, 2, '{"ID":"1","additional_data":{"account_biography":"true","account_cover_photo":"true","account_profile_photo":"true"}}', 1472985609),
(1788, 1, 1, 2, '{"subscribed_account_ID":"1"}', 1472985609),
(1789, 1, 1, 2, '{"subscribed_account_ID":"1"}', 1472986045),
(1790, 1, 9, 2, '{"ID":"1","additional_data":{"account_biography":"true","account_cover_photo":"true","account_profile_photo":"true"}}', 1472986045),
(1791, 1, 9, 2, '{"ID":"1","additional_data":{"account_biography":"true","account_cover_photo":"true","account_profile_photo":"true"}}', 1472986078),
(1792, 1, 1, 2, '{"subscribed_account_ID":"1"}', 1472986078),
(1793, 1, 1, 2, '{"subscribed_account_ID":"1"}', 1472986104),
(1794, 1, 9, 2, '{"ID":"1","additional_data":{"account_biography":"true","account_cover_photo":"true","account_profile_photo":"true"}}', 1472986104),
(1795, 1, 1, 2, '{"subscribed_account_ID":"1"}', 1472986371),
(1796, 1, 9, 2, '{"ID":"1","additional_data":{"account_biography":"true","account_cover_photo":"true","account_profile_photo":"true"}}', 1472986371),
(1797, 1, 1, 2, '{"subscribed_account_ID":"1"}', 1472986491),
(1798, 1, 9, 2, '{"ID":"1","additional_data":{"account_biography":"true","account_cover_photo":"true","account_profile_photo":"true"}}', 1472986491),
(1799, 1, 1, 2, '{"subscribed_account_ID":"1"}', 1472986513),
(1800, 1, 9, 2, '{"ID":"1","additional_data":{"account_biography":"true","account_cover_photo":"true","account_profile_photo":"true"}}', 1472986513),
(1801, 1, 1, 2, '{"subscribed_account_ID":"1"}', 1472986539),
(1802, 1, 9, 2, '{"ID":"1","additional_data":{"account_biography":"true","account_cover_photo":"true","account_profile_photo":"true"}}', 1472986539),
(1803, 1, 1, 2, '{"subscribed_account_ID":"1"}', 1472986638),
(1804, 1, 9, 2, '{"ID":"1","additional_data":{"account_biography":"true","account_cover_photo":"true","account_profile_photo":"true"}}', 1472986639),
(1805, 1, 1, 2, '{"subscribed_account_ID":"1"}', 1472986683),
(1806, 1, 9, 2, '{"ID":"1","additional_data":{"account_biography":"true","account_cover_photo":"true","account_profile_photo":"true"}}', 1472986683),
(1807, 1, 1, 2, '{"subscribed_account_ID":"1"}', 1472986722),
(1808, 1, 9, 2, '{"ID":"1","additional_data":{"account_biography":"true","account_cover_photo":"true","account_profile_photo":"true"}}', 1472986722),
(1809, 1, 1, 2, '{"subscribed_account_ID":"1"}', 1472986744),
(1810, 1, 9, 2, '{"ID":"1","additional_data":{"account_biography":"true","account_cover_photo":"true","account_profile_photo":"true"}}', 1472986744),
(1811, 1, 1, 2, '{"subscribed_account_ID":"1"}', 1472988075),
(1812, 1, 9, 2, '{"ID":"1","additional_data":{"account_biography":"true","account_cover_photo":"true","account_profile_photo":"true"}}', 1472988075),
(1813, 1, 1, 2, '{"subscribed_account_ID":"1"}', 1472988254),
(1814, 1, 9, 2, '{"ID":"1","additional_data":{"account_biography":"true","account_cover_photo":"true","account_profile_photo":"true"}}', 1472988254),
(1815, 1, 1, 2, '{"subscribed_account_ID":"1"}', 1472988288),
(1816, 1, 9, 2, '{"ID":"1","additional_data":{"account_biography":"true","account_cover_photo":"true","account_profile_photo":"true"}}', 1472988288),
(1817, 1, 1, 2, '{"subscribed_account_ID":"1"}', 1472988318),
(1818, 1, 9, 2, '{"ID":"1","additional_data":{"account_biography":"true","account_cover_photo":"true","account_profile_photo":"true"}}', 1472988318),
(1819, 1, 1, 2, '{"subscribed_account_ID":"1"}', 1472988346),
(1820, 1, 9, 2, '{"ID":"1","additional_data":{"account_biography":"true","account_cover_photo":"true","account_profile_photo":"true"}}', 1472988346),
(1821, 1, 1, 2, '{"subscribed_account_ID":"1"}', 1472988404),
(1822, 1, 9, 2, '{"ID":"1","additional_data":{"account_biography":"true","account_cover_photo":"true","account_profile_photo":"true"}}', 1472988404),
(1823, 1, 9, 4, '{"ID":"1","updated_data":{"first_name":"Juanaaa","middle_name":"Delaaaa","last_name":"Cruzaaa","country":"Philippinesaa","account_biography__detail":"asdsda asd"},"condition":{"account_biography__ID":"1"}}', 1472988407),
(1824, 1, 9, 2, '{"ID":"1","additional_data":{"account_biography":"true","account_cover_photo":"true","account_profile_photo":"true"}}', 1472988408),
(1825, 1, 1, 2, '{"subscribed_account_ID":"1"}', 1472988789),
(1826, 1, 9, 2, '{"ID":"1","additional_data":{"account_biography":"true","account_cover_photo":"true","account_profile_photo":"true"}}', 1472988789),
(1827, 1, 1, 2, '{"subscribed_account_ID":"1"}', 1472989144),
(1828, 1, 9, 2, '{"ID":"1","additional_data":{"account_biography":"true","account_cover_photo":"true","account_profile_photo":"true"}}', 1472989144),
(1829, 1, 1, 2, '{"subscribed_account_ID":"1"}', 1472989232),
(1830, 1, 9, 2, '{"ID":"1","additional_data":{"account_biography":"true","account_cover_photo":"true","account_profile_photo":"true"}}', 1472989232),
(1831, 1, 1, 2, '{"subscribed_account_ID":"1"}', 1472989324),
(1832, 1, 9, 2, '{"ID":"1","additional_data":{"account_biography":"true","account_cover_photo":"true","account_profile_photo":"true"}}', 1472989324),
(1833, 1, 9, 4, '{"updated_data":{"account__password":"123123","account__verify_password":"123123"},"ID":"1"}', 1472989331),
(1834, 1, 9, 4, '{"updated_data":{"account__password":"123456","account__verify_password":"123456"},"ID":"1"}', 1472993463),
(1835, 1, 9, 4, '{"updated_data":{"account__password":"1234567","account__verify_password":"1234567"},"ID":"1"}', 1472993469),
(1836, 0, 1, 2, '{"subscribed_account_ID":""}', 1473139333),
(1837, 0, 9, 2, '{"ID":"","additional_data":{"account_biography":"true","account_cover_photo":"true","account_profile_photo":"true"}}', 1473139333),
(1838, 0, 1, 2, '{"subscribed_account_ID":""}', 1473139377),
(1839, 0, 9, 2, '{"ID":"","additional_data":{"account_biography":"true","account_cover_photo":"true","account_profile_photo":"true"}}', 1473139377);

-- --------------------------------------------------------

--
-- Table structure for table `api_controller`
--

CREATE TABLE IF NOT EXISTS `api_controller` (
`ID` int(11) NOT NULL,
  `description` varchar(100) NOT NULL
) ENGINE=InnoDB  DEFAULT CHARSET=latin1 AUTO_INCREMENT=2 ;

--
-- Dumping data for table `api_controller`
--

INSERT INTO `api_controller` (`ID`, `description`) VALUES
(1, 'C_account');

-- --------------------------------------------------------

--
-- Table structure for table `file_uploaded`
--

CREATE TABLE IF NOT EXISTS `file_uploaded` (
`ID` int(11) NOT NULL,
  `description` text NOT NULL,
  `file_type` varchar(20) NOT NULL,
  `path` text NOT NULL,
  `size` double NOT NULL,
  `datetime` double NOT NULL
) ENGINE=InnoDB  DEFAULT CHARSET=latin1 AUTO_INCREMENT=121 ;

--
-- Dumping data for table `file_uploaded`
--

INSERT INTO `file_uploaded` (`ID`, `description`, `file_type`, `path`, `size`, `datetime`) VALUES
(1, '9488c7e6aa9af1cb1c73c4f7b384444e.png', 'png', 'C:/xampp/htdocs/musico/assets/user_upload/4/', 8.59, 1467472151),
(2, 'ddc7a2763ee16d220c414bc8ff80a5f0.png', 'png', 'C:/xampp/htdocs/musico/assets/user_upload/5/', 8.59, 1467472179),
(3, '42b42e017ed1aa10946c68974df63f0f.mp4', '', 'C:/xampp/htdocs/musico/assets/user_upload/1/', 22024.24, 1467792687),
(4, '1abe6c189644cdb49380c0168a0f2981.mp4', '', 'C:/xampp/htdocs/musico/assets/user_upload/1/', 22024.24, 1467792758),
(5, '9c3641be792c59615302e55a00b4ba55.mp4', '', 'C:/xampp/htdocs/musico/assets/user_upload/1/', 22024.24, 1467792774),
(6, '34088b5be2a93e1d19b09c10780bd7a8.mp4', '', 'C:/xampp/htdocs/musico/assets/user_upload/1/', 22024.24, 1467792916),
(21, 'ae60c2e1624c206d7295d5c77aa54b76.png', 'png', 'C:/xampp/htdocs/musico/assets/user_upload/1/', 274.51, 1471089043),
(22, '5ff78567b580459fd48b38ea20c9aa87.png', 'png', 'C:/xampp/htdocs/musico/assets/user_upload/1/', 274.51, 1471092529),
(23, '686609e20d46c215f0d5b20e73fe21c6.png', 'png', 'C:/xampp/htdocs/musico/assets/user_upload/1/', 274.51, 1471092600),
(24, 'eb32c62b468a59f5f643e2f731d7a09b.png', 'png', 'C:/xampp/htdocs/musico/assets/user_upload/1/', 274.51, 1471092648),
(25, '2027ba0192f148672994615c6c197267.png', 'png', 'C:/xampp/htdocs/musico/assets/user_upload/1/', 274.51, 1471092845),
(26, '361eb0a6a8630fcd25d6e22daf57ebd9.png', 'png', 'C:/xampp/htdocs/musico/assets/user_upload/1/', 274.51, 1471092859),
(27, '90c00dfb08feaa0623abb8e87cfaf709.png', 'png', 'C:/xampp/htdocs/musico/assets/user_upload/1/', 274.51, 1471092864),
(28, '9c54e73914252042ad0c5b0100f554bf.png', 'png', 'C:/xampp/htdocs/musico/assets/user_upload/1/', 274.51, 1471092900),
(29, 'bfa53685cf85f98f29f7e859628ca76d.png', 'png', 'C:/xampp/htdocs/musico/assets/user_upload/1/', 274.51, 1471093101),
(30, '769b3a914c330d090b47e86cdb8de157.png', 'png', 'C:/xampp/htdocs/musico/assets/user_upload/1/', 274.51, 1471093152),
(37, '1dd896a9712a29dd7151995bbda90256.png', 'png', 'C:/xampp/htdocs/musico/assets/user_upload/1/', 274.51, 1471096007),
(38, '93ff2cd92d2ac70a358d96c7b1fafc1f.mp4', '', 'C:/xampp/htdocs/musico/assets/user_upload/1/', 22024.24, 1471140869),
(39, 'db09d391f17dd8f021622dcec5ded0d3.mp4', '', 'C:/xampp/htdocs/musico/assets/user_upload/1/', 22024.24, 1471140914),
(40, '2b106754ccc5d41c5b8a889280dbb401.mp4', '', 'C:/xampp/htdocs/musico/assets/user_upload/1/', 22024.24, 1471140935),
(41, '5a6adbb300a1f928f1b22dee692919c0.mp4', '', 'C:/xampp/htdocs/musico/assets/user_upload/1/', 22024.24, 1471140960),
(43, '2eba5dd6ac302f7994b6759aa7db5545.jpg', 'jpeg', 'C:/xampp/htdocs/musico/assets/user_upload/1/', 34.47, 1471140988),
(44, '8b52bd22a91f23a32accc0278a8ebf8c.mp4', '', 'C:/xampp/htdocs/musico/assets/user_upload/1/', 22024.24, 1471141035),
(45, 'be17cca3207497def067b54b71df9d5d.png', 'png', 'C:/xampp/htdocs/musico/assets/user_upload/1/', 274.51, 1471141035),
(46, '34f8c27ddcec96a47536e5a111dd0222.mp4', '', 'C:/xampp/htdocs/musico/assets/user_upload/1/', 22024.24, 1471598343),
(47, '4e0a2fdfbc285c485cbf685b0e99d54f.mp4', '', 'C:/xampp/htdocs/musico/assets/user_upload/1/', 22024.24, 1471598431),
(48, '75561399f4a2ba2130e67d6fd3bd0a7f.mp4', '', 'C:/xampp/htdocs/musico/assets/user_upload/1/', 22024.24, 1471598446),
(49, '769f21674a99aabfe77d80e4274ae02b.png', 'png', 'C:/xampp/htdocs/musico/assets/user_upload/1/', 274.51, 1471598446),
(50, '3994bb228feae4311217a607987dd829', 'jpeg', 'C:/xampp/htdocs/musico/assets/user_upload/1/', 1145.01, 1472225594),
(51, 'e0c30572c8576a720d70178cb117ec7a', 'jpeg', 'C:/xampp/htdocs/musico/assets/user_upload/1/', 1145.01, 1472225617),
(52, '88084062c85f79e946b5d3ecf11b3750', 'jpeg', 'C:/xampp/htdocs/musico/assets/user_upload/1/', 1182.62, 1472225679),
(53, '954de81bec6ed16505b908f8de7f805e.jpg', 'jpeg', 'C:/xampp/htdocs/musico/assets/user_upload/1/', 1182.62, 1472225879),
(54, 'd10152ae37e2a2da57849fa87ee4e1bc.jpg', 'jpeg', 'C:/xampp/htdocs/musico/assets/user_upload/1/', 1182.62, 1472225892),
(55, '098a09321dbe70504065df6da438f7f6.jpg', 'jpeg', 'C:/xampp/htdocs/musico/assets/user_upload/1/', 1182.62, 1472226012),
(56, '4bdb93da55bdd97cbbba5865eb951468.jpg', 'jpeg', 'C:/xampp/htdocs/musico/assets/user_upload/1/', 1182.62, 1472226304),
(57, 'cae6383a8c3e47f763c2dd0017143473.jpg', 'jpeg', 'C:/xampp/htdocs/musico/assets/user_upload/1/', 1182.62, 1472226326),
(58, 'c4850087825d26de11dd9ece488b0311.jpg', 'jpeg', 'C:/xampp/htdocs/musico/assets/user_upload/1/', 1182.62, 1472226335),
(59, '2dd1ca579aba7929145628a22c8c30bf.jpg', 'jpeg', 'C:/xampp/htdocs/musico/assets/user_upload/1/', 1182.62, 1472226435),
(60, 'ac539698212663f7936bc06927df8cdf.jpg', 'jpeg', 'C:/xampp/htdocs/musico/assets/user_upload/1/', 1182.62, 1472226468),
(61, 'e7d1d203aefadaeb482e209dcc2bc089.jpg', 'jpeg', 'C:/xampp/htdocs/musico/assets/user_upload/1/', 1182.62, 1472226538),
(62, 'ceae1514bf58fdc80242dc43883e732c.jpg', 'jpeg', 'C:/xampp/htdocs/musico/assets/user_upload/1/', 1182.62, 1472226615),
(63, 'c8a3ab60604f964201ed9ae7a719f484.jpg', 'jpeg', 'C:/xampp/htdocs/musico/assets/user_upload/1/', 1182.62, 1472226623),
(64, '29918ecbfc650671aad3d5e9358ba710.jpg', 'jpeg', 'C:/xampp/htdocs/musico/assets/user_upload/1/', 1182.62, 1472226958),
(65, '0c700dbcfe76dd98444eac81844a4b7c.jpg', 'jpeg', 'C:/xampp/htdocs/musico/assets/user_upload/1/', 1182.62, 1472226968),
(66, '31b3419f8930ea1a60256de3896f947b.jpg', 'jpeg', 'C:/xampp/htdocs/musico/assets/user_upload/1/', 1182.62, 1472226975),
(67, '3af85fc944339562d42421311f425a7c.jpg', 'jpeg', 'C:/xampp/htdocs/musico/assets/user_upload/1/', 1182.62, 1472226992),
(68, '231f7dbb9685ff20a1126ad0f6b38920.jpg', 'jpeg', 'C:/xampp/htdocs/musico/assets/user_upload/1/', 1182.62, 1472226995),
(69, '184706d4f8d2a0f40974de7f08a28604.jpg', 'jpeg', 'C:/xampp/htdocs/musico/assets/user_upload/1/', 893.4, 1472229622),
(70, '7f87acb53571eea5a9f31d8266f23519.jpg', 'jpeg', 'C:/xampp/htdocs/musico/assets/user_upload/1/', 1182.62, 1472232566),
(71, 'e2dad921c6adef195b0880ab3aa41c8a.jpg', 'jpeg', 'C:/xampp/htdocs/musico/assets/user_upload/1/', 852.26, 1472233488),
(72, '86959f4bfcb0a906a07d3ff6129744b7.jpg', 'jpeg', 'C:/xampp/htdocs/musico/assets/user_upload/1/', 889.95, 1472233928),
(73, 'af79634e19c3665879fb813976c032bb.jpg', 'jpeg', 'C:/xampp/htdocs/musico/assets/user_upload/1/', 396.37, 1472271316),
(74, 'e644d7c964744faf7427af64e121a295.jpg', 'jpeg', 'C:/xampp/htdocs/musico/assets/user_upload/1/', 396.37, 1472271321),
(75, '6df55c3572334008f534bf678a920b2f.jpg', 'jpeg', 'C:/xampp/htdocs/musico/assets/user_upload/1/', 213.49, 1472272944),
(76, 'af2916f302ecd36d5e2bcbc3cc286e42.jpg', 'jpeg', 'C:/xampp/htdocs/musico/assets/user_upload/1/', 50.78, 1472273142),
(77, '7ff5849600faf14d80c6481de241560d.jpg', 'jpeg', 'C:/xampp/htdocs/musico/assets/user_upload/1/', 966.97, 1472273617),
(78, '4a6773332d92109a23f4b2e4618ec2b7.jpg', 'jpeg', 'C:/xampp/htdocs/musico/assets/user_upload/1/', 477.71, 1472275030),
(79, 'b6fca9e5c83863cfb1cf19e2bcae9ee4.jpg', 'jpeg', 'C:/xampp/htdocs/musico/assets/user_upload/1/', 730.52, 1472275052),
(80, '134fc42499cc34ddb40ee172c7ac71e9.jpg', 'jpeg', 'C:/xampp/htdocs/musico/assets/user_upload/1/', 257.29, 1472275516),
(81, '4e0434e51acd97ead91222387f7c4cd6.jpg', 'jpeg', 'C:/xampp/htdocs/musico/assets/user_upload/1/', 25.05, 1472275771),
(82, '04cbe4d760afda776392dfc30893b0a1.jpg', 'jpeg', 'C:/xampp/htdocs/musico/assets/user_upload/1/', 895.59, 1472275854),
(83, '5673100e918ac63efe9cc73df9bd9202.jpg', 'jpeg', 'C:/xampp/htdocs/musico/assets/user_upload/1/', 109.7, 1472275939),
(84, '3dca108990d2a620397c63ae4ad5c7a6.jpg', 'jpeg', 'C:/xampp/htdocs/musico/assets/user_upload/1/', 80.62, 1472275943),
(85, '1da15a716ec3292e4e4349549c469d96.jpg', 'jpeg', 'C:/xampp/htdocs/musico/assets/user_upload/1/', 62.21, 1472275946),
(86, '5e40d5c45bd2310d8371f784295a227b.jpg', 'jpeg', 'C:/xampp/htdocs/musico/assets/user_upload/1/', 48.39, 1472276069),
(87, '6fc6eb0649d0152480b2e8496d47fe9a.jpg', 'jpeg', 'C:/xampp/htdocs/musico/assets/user_upload/1/', 80.16, 1472276134),
(88, '79fc30bd09530b70a9b3c02e8471a7c1.jpg', 'jpeg', 'C:/xampp/htdocs/musico/assets/user_upload/1/', 55.62, 1472276153),
(89, '5cb43a4def8a153d5dcb69034f0c8a0f.jpg', 'jpeg', 'C:/xampp/htdocs/musico/assets/user_upload/1/', 45.93, 1472276161),
(90, '7146f115cc836a2f2ae42638cc14922c.jpg', 'jpeg', 'C:/xampp/htdocs/musico/assets/user_upload/1/', 184.52, 1472276224),
(91, '33e7a7029bca0d94aabb07504cb85c78.jpg', 'jpeg', 'C:/xampp/htdocs/musico/assets/user_upload/1/', 173.91, 1472276255),
(92, 'f165c9a5db35ff14ccf68c921c4eb374.jpg', 'jpeg', 'C:/xampp/htdocs/musico/assets/user_upload/1/', 173.55, 1472276771),
(93, 'd053564e8a33ebf40bc6fe3bcd1a5691.jpg', 'jpeg', 'C:/xampp/htdocs/musico/assets/user_upload/1/', 129.13, 1472276952),
(94, '64c32e81ff213158622f1e7e4c7f73b7.jpg', 'jpeg', 'C:/xampp/htdocs/musico/assets/user_upload/1/', 122.93, 1472277202),
(95, 'a3bc0c2b2e8ca8b6d03b5b65cfef61b7.jpg', 'jpeg', 'C:/xampp/htdocs/musico/assets/user_upload/1/', 86.39, 1472277217),
(96, '3bbe839629cb90e838b52779696dccaf.jpg', 'jpeg', 'C:/xampp/htdocs/musico/assets/user_upload/1/', 84.93, 1472277995),
(97, 'bedad538badf8655bbb9803b9df1c2f2.jpg', 'jpeg', 'C:/xampp/htdocs/musico/assets/user_upload/1/', 130.03, 1472278026),
(98, '41c1df96ee5ec7f71bc6242364af5f1f.jpg', 'jpeg', 'C:/xampp/htdocs/musico/assets/user_upload/1/', 7019.02, 1472280555),
(99, 'c9c4a1559496fa378ba5e58141c0405c.jpg', 'jpeg', 'C:/xampp/htdocs/musico/assets/user_upload/1/', 153.11, 1472280859),
(100, 'caca743c5f2b0aaad092e83a99615d6e.jpg', 'jpeg', 'C:/xampp/htdocs/musico/assets/user_upload/1/', 7019.02, 1472280881),
(101, 'b935825b3a3efe6d6f600c133fd886b9.jpg', 'jpeg', 'C:/xampp/htdocs/musico/assets/user_upload/1/', 186.71, 1472281007),
(102, 'd575aa9ae4c65528ef16a39454c54f98.jpg', 'jpeg', 'C:/xampp/htdocs/musico/assets/user_upload/1/', 7918.99, 1472281477),
(103, '611201a924fb2882ca6ed93680e2efe9.jpg', 'jpeg', 'C:/xampp/htdocs/musico/assets/user_upload/1/', 131.29, 1472295311),
(104, 'd31c9e3b02ac2232f222d95af05a99dc.jpg', 'jpeg', 'C:/xampp/htdocs/musico/assets/user_upload/1/', 137.06, 1472295355),
(105, '1f23fe3969028b2e9a60e038151a0627.jpg', 'jpeg', 'C:/xampp/htdocs/musico/assets/user_upload/1/', 6342.09, 1472295369),
(106, '8bdd653cad6a679c4672fe062097661e.jpg', 'jpeg', 'C:/xampp/htdocs/musico/assets/user_upload/1/', 6277.7, 1472295549),
(107, '21e9dab1f18f43190edd217adbbe65e0.jpg', 'jpeg', 'C:/xampp/htdocs/musico/assets/user_upload/1/', 112.74, 1472295598),
(108, '533fcd14d2317cd4c68dc879e7a73d9a.jpg', 'jpeg', 'C:/xampp/htdocs/musico/assets/user_upload/1/', 27.23, 1472707467),
(109, '8b063e2462e516cc940543cb64a68096.jpg', 'jpeg', 'C:/xampp/htdocs/musico/assets/user_upload/1/', 9.01, 1472707494),
(110, '375d4bc6f44ece53709d6fb05025eb6a.jpg', 'jpeg', 'C:/xampp/htdocs/musico/assets/user_upload/1/', 12.78, 1472707532),
(111, '6b0c0b80a1ce617c1974c2d999ef2c91.jpg', 'jpeg', 'C:/xampp/htdocs/musico/assets/user_upload/1/', 46.63, 1472710890),
(112, '9c929fcc6bd3313f84359f59eea89d92.jpg', 'jpeg', 'C:/xampp/htdocs/musico/assets/user_upload/4/', 20.64, 1472791226),
(113, '5b3091acc150bf41c36aba585f0dc163.jpg', 'jpeg', 'C:/xampp/htdocs/musico/assets/user_upload/4/', 98, 1472791271),
(114, '56d87edf782933b4427f77880521f6e2.jpg', 'jpeg', 'C:/xampp/htdocs/musico/assets/user_upload/4/', 98.23, 1472791302),
(115, '56c22f29c1efb2da88d8d59f87c45347.jpg', 'jpeg', 'C:/xampp/htdocs/musico/assets/user_upload/4/', 27.21, 1472791691),
(116, '8b6ae83a1a9bbad5059d65876e147eaf.jpg', 'jpeg', 'C:/xampp/htdocs/musico/assets/user_upload/4/', 137.06, 1472791990),
(117, '2c830d53f6d4cfc0676652069098ce6d.jpg', 'jpeg', 'C:/xampp/htdocs/musico/assets/user_upload/4/', 18, 1472791994),
(118, '3ce90aeceae438cd3f5dfc96dc8acf9f.jpg', 'jpeg', 'C:/xampp/htdocs/musico/assets/user_upload/4/', 16.4, 1472792001),
(119, '715498576c618581f7a1b729e4a96757.jpg', 'jpeg', 'C:/xampp/htdocs/musico/assets/user_upload/4/', 13.69, 1472792013),
(120, '2157fcb76e1f2311d4cdac645e0419f9.jpg', 'jpeg', 'C:/xampp/htdocs/musico/assets/user_upload/4/', 89.55, 1472792031);

-- --------------------------------------------------------

--
-- Table structure for table `group_access_control_list`
--

CREATE TABLE IF NOT EXISTS `group_access_control_list` (
`ID` int(11) NOT NULL,
  `module_ID` int(11) NOT NULL,
  `group_ID` int(11) NOT NULL
) ENGINE=InnoDB  DEFAULT CHARSET=latin1 AUTO_INCREMENT=3 ;

--
-- Dumping data for table `group_access_control_list`
--

INSERT INTO `group_access_control_list` (`ID`, `module_ID`, `group_ID`) VALUES
(1, 1, 1),
(2, 2, 1);

-- --------------------------------------------------------

--
-- Table structure for table `module`
--

CREATE TABLE IF NOT EXISTS `module` (
`ID` int(11) NOT NULL,
  `description` varchar(50) NOT NULL,
  `parent_ID` int(11) NOT NULL,
  `link` text NOT NULL
) ENGINE=InnoDB  DEFAULT CHARSET=latin1 AUTO_INCREMENT=6 ;

--
-- Dumping data for table `module`
--

INSERT INTO `module` (`ID`, `description`, `parent_ID`, `link`) VALUES
(1, 'Home Page', 0, ''),
(2, 'Browsing Page', 0, ''),
(3, 'Profile', 0, ''),
(4, 'Admin', 0, ''),
(5, 'Registration', 1, '');

-- --------------------------------------------------------

--
-- Table structure for table `module_api_controller`
--

CREATE TABLE IF NOT EXISTS `module_api_controller` (
`ID` int(11) NOT NULL,
  `module_ID` int(11) NOT NULL,
  `api_controller_ID` int(11) NOT NULL,
  `privilege_code` int(11) NOT NULL
) ENGINE=InnoDB DEFAULT CHARSET=latin1 COMMENT='foreign for module' AUTO_INCREMENT=1 ;

-- --------------------------------------------------------

--
-- Table structure for table `subscription`
--

CREATE TABLE IF NOT EXISTS `subscription` (
`ID` int(11) NOT NULL,
  `subscribed_account_ID` int(11) NOT NULL,
  `subscriber_account_ID` int(11) NOT NULL,
  `datetime` int(11) NOT NULL
) ENGINE=InnoDB  DEFAULT CHARSET=latin1 AUTO_INCREMENT=28 ;

--
-- Dumping data for table `subscription`
--

INSERT INTO `subscription` (`ID`, `subscribed_account_ID`, `subscriber_account_ID`, `datetime`) VALUES
(1, 1, 2, 0),
(21, 1, 4, 1472792441),
(27, 4, 1, 1472977548);

-- --------------------------------------------------------

--
-- Table structure for table `user_video`
--

CREATE TABLE IF NOT EXISTS `user_video` (
`ID` int(11) NOT NULL,
  `account_ID` int(11) NOT NULL,
  `file_uploaded_ID` int(11) NOT NULL,
  `video_category_ID` int(11) NOT NULL,
  `thumbnail_file_uploaded_ID` int(11) NOT NULL,
  `title` varchar(100) NOT NULL,
  `details` text NOT NULL,
  `status` int(11) NOT NULL COMMENT '1 - active, 2 - inactive',
  `datetime` double NOT NULL
) ENGINE=InnoDB  DEFAULT CHARSET=latin1 AUTO_INCREMENT=46 ;

--
-- Dumping data for table `user_video`
--

INSERT INTO `user_video` (`ID`, `account_ID`, `file_uploaded_ID`, `video_category_ID`, `thumbnail_file_uploaded_ID`, `title`, `details`, `status`, `datetime`) VALUES
(16, 1, 0, 2, 0, 'TTest', 'geee', 2, 1467791707),
(17, 1, 0, 2, 0, 'TTest', 'geee', 2, 1467791783),
(18, 1, 0, 2, 0, 'TTest', 'geee', 2, 1467792662),
(19, 1, 0, 2, 0, 'TTest', 'geee', 2, 1467792673),
(20, 1, 0, 2, 0, 'TTest', 'geee', 2, 1467792679),
(21, 1, 0, 2, 0, 'TTest', 'geee', 2, 1467792687),
(22, 1, 4, 2, 0, 'TTest', 'geee', 1, 1467792758),
(23, 1, 5, 2, 0, 'TTest', 'geee', 1, 1467792774),
(24, 1, 6, 2, 0, 'TTest', 'geee', 1, 1467792916),
(25, 1, 0, 2, 0, 'TTest', 'geee', 2, 1467792923),
(26, 1, 7, 2, 0, 'TTest', 'geee', 1, 1467792940),
(27, 1, 8, 2, 0, 'TTest', 'geee', 1, 1467792951),
(28, 1, 9, 2, 0, 'TTest', 'geee', 1, 1469094302),
(29, 1, 0, 2, 0, 'TTest', 'geee', 2, 1469704046),
(30, 1, 0, 1, 37, 'taeasdsd', 'asdasd', 1, 1469704957),
(31, 1, 0, 1, 0, 'testing', 'te', 2, 1471140783),
(32, 1, 0, 1, 0, 'testing', 'te', 2, 1471140796),
(33, 1, 0, 1, 0, 'testing', 'te', 2, 1471140815),
(34, 1, 0, 1, 0, 'testing', 'te', 2, 1471140821),
(35, 1, 0, 1, 0, 'testing', 'te', 2, 1471140854),
(36, 1, 38, 1, 0, 'testing', 'te', 1, 1471140869),
(37, 1, 39, 1, 0, 'testing', 'te', 1, 1471140914),
(38, 1, 40, 1, 0, 'testing', 'te', 1, 1471140935),
(39, 1, 41, 1, 0, 'testing', 'te', 1, 1471140960),
(40, 1, 42, 1, 0, 'testing', 'te', 1, 1471140988),
(41, 1, 44, 1, 0, 'testing', 'te', 1, 1471141035),
(42, 1, 0, 1, 0, '123ert123', '2', 2, 1471598303),
(43, 1, 46, 1, 0, '123ert123', '2', 1, 1471598343),
(44, 1, 47, 1, 0, '123ert123', '2', 1, 1471598431),
(45, 1, 48, 1, 0, '123ert123', '2', 1, 1471598446);

-- --------------------------------------------------------

--
-- Table structure for table `user_video_like`
--

CREATE TABLE IF NOT EXISTS `user_video_like` (
`ID` int(11) NOT NULL,
  `account_ID` int(11) NOT NULL,
  `user_video_ID` int(11) NOT NULL,
  `datetime` int(11) NOT NULL
) ENGINE=InnoDB DEFAULT CHARSET=latin1 AUTO_INCREMENT=1 ;

-- --------------------------------------------------------

--
-- Table structure for table `user_video_view`
--

CREATE TABLE IF NOT EXISTS `user_video_view` (
`ID` int(11) NOT NULL,
  `account_ID` int(11) NOT NULL,
  `user_video_ID` int(11) NOT NULL,
  `datetime` int(11) NOT NULL
) ENGINE=InnoDB DEFAULT CHARSET=latin1 AUTO_INCREMENT=1 ;

-- --------------------------------------------------------

--
-- Table structure for table `video_category`
--

CREATE TABLE IF NOT EXISTS `video_category` (
`ID` int(11) NOT NULL,
  `description` text NOT NULL,
  `parent_ID` int(11) NOT NULL
) ENGINE=InnoDB  DEFAULT CHARSET=latin1 AUTO_INCREMENT=3 ;

--
-- Dumping data for table `video_category`
--

INSERT INTO `video_category` (`ID`, `description`, `parent_ID`) VALUES
(1, 'Classic', 0),
(2, 'Rock', 0);

--
-- Indexes for dumped tables
--

--
-- Indexes for table `access_control_list`
--
ALTER TABLE `access_control_list`
 ADD PRIMARY KEY (`ID`), ADD KEY `access_control_list_account_ID` (`account_ID`), ADD KEY `access_control_list_module_ID` (`module_ID`);

--
-- Indexes for table `account`
--
ALTER TABLE `account`
 ADD PRIMARY KEY (`ID`), ADD UNIQUE KEY `username` (`username`), ADD KEY `account_account_type_ID_idx` (`account_type_ID`);

--
-- Indexes for table `account_biography`
--
ALTER TABLE `account_biography`
 ADD PRIMARY KEY (`ID`), ADD KEY `account_ID` (`account_ID`);

--
-- Indexes for table `account_information`
--
ALTER TABLE `account_information`
 ADD PRIMARY KEY (`ID`,`account_ID`), ADD KEY `abiai` (`account_ID`);

--
-- Indexes for table `account_photo`
--
ALTER TABLE `account_photo`
 ADD PRIMARY KEY (`ID`), ADD KEY `account_photo_account_ID` (`account_ID`), ADD KEY `file_uploaded_ID` (`file_uploaded_ID`);

--
-- Indexes for table `account_type`
--
ALTER TABLE `account_type`
 ADD PRIMARY KEY (`ID`);

--
-- Indexes for table `action_log`
--
ALTER TABLE `action_log`
 ADD PRIMARY KEY (`ID`), ADD KEY `api_controller_ID` (`api_controller_ID`,`access_number_ID`), ADD KEY `account_ID` (`account_ID`);

--
-- Indexes for table `api_controller`
--
ALTER TABLE `api_controller`
 ADD PRIMARY KEY (`ID`);

--
-- Indexes for table `file_uploaded`
--
ALTER TABLE `file_uploaded`
 ADD PRIMARY KEY (`ID`);

--
-- Indexes for table `group_access_control_list`
--
ALTER TABLE `group_access_control_list`
 ADD PRIMARY KEY (`ID`), ADD KEY `group_access_control_list_module_ID_idx` (`module_ID`), ADD KEY `group_access_control_list_group_ID_idx` (`group_ID`);

--
-- Indexes for table `module`
--
ALTER TABLE `module`
 ADD PRIMARY KEY (`ID`);

--
-- Indexes for table `module_api_controller`
--
ALTER TABLE `module_api_controller`
 ADD PRIMARY KEY (`ID`), ADD KEY `module_api_controller_module_ID` (`module_ID`), ADD KEY `module_api_controller_api_controller_ID` (`api_controller_ID`);

--
-- Indexes for table `subscription`
--
ALTER TABLE `subscription`
 ADD PRIMARY KEY (`ID`), ADD KEY `subscribed_account_ID` (`subscribed_account_ID`), ADD KEY `subscriber_account_ID` (`subscriber_account_ID`);

--
-- Indexes for table `user_video`
--
ALTER TABLE `user_video`
 ADD PRIMARY KEY (`ID`), ADD KEY `account_ID` (`account_ID`,`file_uploaded_ID`,`video_category_ID`), ADD KEY `file_uploaded_ID` (`file_uploaded_ID`), ADD KEY `video_category_ID` (`video_category_ID`);

--
-- Indexes for table `user_video_like`
--
ALTER TABLE `user_video_like`
 ADD PRIMARY KEY (`ID`);

--
-- Indexes for table `user_video_view`
--
ALTER TABLE `user_video_view`
 ADD PRIMARY KEY (`ID`), ADD KEY `account_ID` (`account_ID`), ADD KEY `user_video_ID` (`user_video_ID`);

--
-- Indexes for table `video_category`
--
ALTER TABLE `video_category`
 ADD PRIMARY KEY (`ID`), ADD KEY `parent_ID` (`parent_ID`);

--
-- AUTO_INCREMENT for dumped tables
--

--
-- AUTO_INCREMENT for table `access_control_list`
--
ALTER TABLE `access_control_list`
MODIFY `ID` int(11) NOT NULL AUTO_INCREMENT;
--
-- AUTO_INCREMENT for table `account`
--
ALTER TABLE `account`
MODIFY `ID` int(10) NOT NULL AUTO_INCREMENT,AUTO_INCREMENT=5;
--
-- AUTO_INCREMENT for table `account_biography`
--
ALTER TABLE `account_biography`
MODIFY `ID` int(11) NOT NULL AUTO_INCREMENT,AUTO_INCREMENT=20;
--
-- AUTO_INCREMENT for table `account_information`
--
ALTER TABLE `account_information`
MODIFY `ID` int(11) NOT NULL AUTO_INCREMENT,AUTO_INCREMENT=5;
--
-- AUTO_INCREMENT for table `account_photo`
--
ALTER TABLE `account_photo`
MODIFY `ID` int(11) NOT NULL AUTO_INCREMENT,AUTO_INCREMENT=95;
--
-- AUTO_INCREMENT for table `account_type`
--
ALTER TABLE `account_type`
MODIFY `ID` int(10) NOT NULL AUTO_INCREMENT,AUTO_INCREMENT=5;
--
-- AUTO_INCREMENT for table `action_log`
--
ALTER TABLE `action_log`
MODIFY `ID` int(11) NOT NULL AUTO_INCREMENT,AUTO_INCREMENT=1840;
--
-- AUTO_INCREMENT for table `api_controller`
--
ALTER TABLE `api_controller`
MODIFY `ID` int(11) NOT NULL AUTO_INCREMENT,AUTO_INCREMENT=2;
--
-- AUTO_INCREMENT for table `file_uploaded`
--
ALTER TABLE `file_uploaded`
MODIFY `ID` int(11) NOT NULL AUTO_INCREMENT,AUTO_INCREMENT=121;
--
-- AUTO_INCREMENT for table `group_access_control_list`
--
ALTER TABLE `group_access_control_list`
MODIFY `ID` int(11) NOT NULL AUTO_INCREMENT,AUTO_INCREMENT=3;
--
-- AUTO_INCREMENT for table `module`
--
ALTER TABLE `module`
MODIFY `ID` int(11) NOT NULL AUTO_INCREMENT,AUTO_INCREMENT=6;
--
-- AUTO_INCREMENT for table `module_api_controller`
--
ALTER TABLE `module_api_controller`
MODIFY `ID` int(11) NOT NULL AUTO_INCREMENT;
--
-- AUTO_INCREMENT for table `subscription`
--
ALTER TABLE `subscription`
MODIFY `ID` int(11) NOT NULL AUTO_INCREMENT,AUTO_INCREMENT=28;
--
-- AUTO_INCREMENT for table `user_video`
--
ALTER TABLE `user_video`
MODIFY `ID` int(11) NOT NULL AUTO_INCREMENT,AUTO_INCREMENT=46;
--
-- AUTO_INCREMENT for table `user_video_like`
--
ALTER TABLE `user_video_like`
MODIFY `ID` int(11) NOT NULL AUTO_INCREMENT;
--
-- AUTO_INCREMENT for table `user_video_view`
--
ALTER TABLE `user_video_view`
MODIFY `ID` int(11) NOT NULL AUTO_INCREMENT;
--
-- AUTO_INCREMENT for table `video_category`
--
ALTER TABLE `video_category`
MODIFY `ID` int(11) NOT NULL AUTO_INCREMENT,AUTO_INCREMENT=3;
--
-- Constraints for dumped tables
--

--
-- Constraints for table `access_control_list`
--
ALTER TABLE `access_control_list`
ADD CONSTRAINT `access_control_list_account_ID` FOREIGN KEY (`account_ID`) REFERENCES `account` (`ID`) ON DELETE NO ACTION ON UPDATE NO ACTION,
ADD CONSTRAINT `access_control_list_module_ID` FOREIGN KEY (`module_ID`) REFERENCES `module` (`ID`) ON DELETE NO ACTION ON UPDATE NO ACTION;

--
-- Constraints for table `account`
--
ALTER TABLE `account`
ADD CONSTRAINT `account_at_type_ID` FOREIGN KEY (`account_type_ID`) REFERENCES `account_type` (`ID`) ON DELETE CASCADE ON UPDATE CASCADE;

--
-- Constraints for table `account_biography`
--
ALTER TABLE `account_biography`
ADD CONSTRAINT `account_biography_ibfk_1` FOREIGN KEY (`account_ID`) REFERENCES `account` (`ID`) ON DELETE CASCADE ON UPDATE CASCADE;

--
-- Constraints for table `account_information`
--
ALTER TABLE `account_information`
ADD CONSTRAINT `acco_basi_info` FOREIGN KEY (`account_ID`) REFERENCES `account` (`ID`) ON DELETE CASCADE ON UPDATE CASCADE;

--
-- Constraints for table `account_photo`
--
ALTER TABLE `account_photo`
ADD CONSTRAINT `account_photo_ibfk_1` FOREIGN KEY (`account_ID`) REFERENCES `account` (`ID`) ON DELETE CASCADE ON UPDATE CASCADE,
ADD CONSTRAINT `account_photo_ibfk_2` FOREIGN KEY (`file_uploaded_ID`) REFERENCES `file_uploaded` (`ID`) ON DELETE CASCADE ON UPDATE CASCADE;

--
-- Constraints for table `group_access_control_list`
--
ALTER TABLE `group_access_control_list`
ADD CONSTRAINT `group_access_control_list_group_ID` FOREIGN KEY (`group_ID`) REFERENCES `account_type` (`ID`) ON DELETE CASCADE ON UPDATE CASCADE,
ADD CONSTRAINT `group_access_control_list_module_ID` FOREIGN KEY (`module_ID`) REFERENCES `module` (`ID`) ON DELETE NO ACTION ON UPDATE CASCADE;

--
-- Constraints for table `module_api_controller`
--
ALTER TABLE `module_api_controller`
ADD CONSTRAINT `module_api_controler_api_controller_ID` FOREIGN KEY (`api_controller_ID`) REFERENCES `api_controller` (`ID`) ON DELETE CASCADE ON UPDATE CASCADE,
ADD CONSTRAINT `module_api_controller_module_ID` FOREIGN KEY (`module_ID`) REFERENCES `module` (`ID`) ON DELETE CASCADE ON UPDATE CASCADE;

--
-- Constraints for table `subscription`
--
ALTER TABLE `subscription`
ADD CONSTRAINT `subscription_ibfk_1` FOREIGN KEY (`subscribed_account_ID`) REFERENCES `account` (`ID`) ON DELETE CASCADE ON UPDATE CASCADE,
ADD CONSTRAINT `subscription_ibfk_2` FOREIGN KEY (`subscriber_account_ID`) REFERENCES `account` (`ID`) ON DELETE CASCADE ON UPDATE CASCADE;

--
-- Constraints for table `user_video`
--
ALTER TABLE `user_video`
ADD CONSTRAINT `user_video_ibfk_1` FOREIGN KEY (`account_ID`) REFERENCES `account` (`ID`) ON DELETE NO ACTION ON UPDATE CASCADE,
ADD CONSTRAINT `user_video_ibfk_3` FOREIGN KEY (`video_category_ID`) REFERENCES `video_category` (`ID`) ON UPDATE CASCADE;

/*!40101 SET CHARACTER_SET_CLIENT=@OLD_CHARACTER_SET_CLIENT */;
/*!40101 SET CHARACTER_SET_RESULTS=@OLD_CHARACTER_SET_RESULTS */;
/*!40101 SET COLLATION_CONNECTION=@OLD_COLLATION_CONNECTION */;
