-- phpMyAdmin SQL Dump
-- version 4.2.7.1
-- http://www.phpmyadmin.net
--
-- Host: 127.0.0.1
-- Generation Time: Jun 08, 2016 at 12:50 PM
-- Server version: 5.6.20
-- PHP Version: 5.5.15

SET SQL_MODE = "NO_AUTO_VALUE_ON_ZERO";
SET time_zone = "+00:00";


/*!40101 SET @OLD_CHARACTER_SET_CLIENT=@@CHARACTER_SET_CLIENT */;
/*!40101 SET @OLD_CHARACTER_SET_RESULTS=@@CHARACTER_SET_RESULTS */;
/*!40101 SET @OLD_COLLATION_CONNECTION=@@COLLATION_CONNECTION */;
/*!40101 SET NAMES utf8 */;

--
-- Database: `musico`
--

-- --------------------------------------------------------

--
-- Table structure for table `access_control_list`
--

CREATE TABLE IF NOT EXISTS `access_control_list` (
`ID` int(11) NOT NULL,
  `module_ID` int(11) NOT NULL,
  `account_ID` int(11) NOT NULL
) ENGINE=InnoDB DEFAULT CHARSET=latin1 AUTO_INCREMENT=1 ;

-- --------------------------------------------------------

--
-- Table structure for table `account`
--

CREATE TABLE IF NOT EXISTS `account` (
`ID` int(10) unsigned NOT NULL,
  `username` varchar(45) DEFAULT NULL,
  `password` varchar(70) DEFAULT NULL,
  `account_type_ID` int(10) unsigned NOT NULL,
  `status` int(11) NOT NULL COMMENT '1 - active, 2 - draft, 3 - deactivated, 4 -delete'
) ENGINE=InnoDB  DEFAULT CHARSET=utf8 AUTO_INCREMENT=303 ;

--
-- Dumping data for table `account`
--

INSERT INTO `account` (`ID`, `username`, `password`, `account_type_ID`, `status`) VALUES
(1, '12103575', '9da66b1ad408eba2b8f8fc889cedee1ee96ad516', 2, 1),
(33, '1461602723', '2a0396e254d66d37edb87bb3c628ed5ad225fe19', 9, 1),
(34, '1461620583', '853a716b145602c610fc9f2385d6c321be7b25d5', 9, 1),
(35, '1461669916', 'c9b87d45734e401c722b1456d73fdb68ebcd8d91', 9, 1),
(36, '1461671540', 'a903a18e2e7ea19083edee3cea06db8991bc436f', 9, 1),
(37, '1461671700', '1d9cf0060ae4d8d2bb9fe75d2fca0e2c1d62c61f', 9, 1),
(38, '1461674296', '9a1ab20c0d2e42c2284a2915c2560c9fc6fe5e3d', 9, 1),
(39, '1461674231', 'effe2ad6bb6544968fabd5e1e77458baccebd2b0', 9, 1),
(40, '1461673821', 'eec519cddda4b11e6e485680364d6b385bae625a', 9, 1),
(41, '1461726352', '543befe31a4c36a039908f1daeac4e0ecae4ddea', 9, 1),
(42, '1461730111', '1818368ba8c79eae995fbe7f32433d9e51e5ea4a', 9, 1),
(43, '1461730404', '22e0a5e75fe147f767cf15b79a69b310f1f74bdc', 9, 1),
(44, '1461730071', '406eb938187bdd6050628bd68f1b50a00e6fa77e', 9, 1),
(45, '1461730074', 'dfa4573e78241a235c250108ace6ee75ea90e010', 9, 1),
(46, '1461730124', '0d75e36ea1ac4aabcfee22413a5c5a95c9899037', 9, 1),
(47, '1461730072', 'd827d30b23dd8fd67b8ca3d4f8b1123cb4db02b1', 9, 1),
(48, '1461729680', '13fbb1c203ae9959b96414316042a24e33be44b8', 9, 1),
(49, '1461730114', '10a8426566bad9568803c42c7c5c6be003cb45e0', 9, 1),
(50, '1461729664', 'b3f0da8ef1fd58af2df7204ef00f56af233dbce4', 9, 1),
(51, '1461755714', 'cbbef0dd4859adfdf7cbfb1194a7cc6960596480', 9, 1),
(52, '1461755642', 'e078c654d1831459f45711f787c3728e90bb1f8f', 9, 1),
(53, '1461816420', 'dff1f0df30693490df364071228696ad4369aca6', 9, 1),
(54, '1461816200', 'f65f15ff1df18f0b206ced713780c90296193efc', 9, 1),
(55, '1461815689', '9248b6db1e396556f3bc7980e194c8f09dcf05f5', 9, 1),
(56, '1461834000', 'f4740ceafe33975e9bdd9ac702b4183b735f80c2', 9, 1),
(63, '1461848119', '6292875c85299a28459b15b12d45571517f348d7', 9, 1),
(64, '1461848123', '5de01394c8f96249fe719891a1df16fd467f4f97', 9, 1),
(65, '1461848209', '6ff768569e800712bbd5a80d867ac14185ba15f5', 9, 1),
(66, '1461847808', 'aeb9b9485b25597a58b7852c7149c30baf30585e', 9, 1),
(67, '1461848206', '63f9708eba66874bd1d191048e17978fa891d953', 9, 1),
(68, '1461848329', 'b1bbd5b085c4ae5b15337f336b7499e1ad18ad0f', 9, 1),
(69, '1461848893', '4c52129757d7154e98f8daaeecde270ea4ecb2f4', 9, 1),
(70, '1461848627', '81553fe4bd0586e648a3af798dd9282d5854094c', 9, 1),
(71, '1461848626', '1f47d37d0c57457e0a75c2c070f0c30a77046422', 9, 1),
(72, '1461848899', '911c0bb6817b7534c90db0d464b3b09d0ffa2ba0', 9, 1),
(73, '1461848140', '25f6421d409eabc9af326c7e4893d18d5c5ef011', 9, 1),
(74, '1461848553', 'db14c132235bab9e2eb6eba4ef287247836dfe3c', 9, 1),
(75, '1461848992', '12b7f2bc8c19bcaa0b8789ac0a0197eb7d240e2a', 9, 1),
(76, '1461868796', '7c939f039260da91da1e735ec3550e12bc954074', 9, 1),
(77, '1461869099', '5c325ea14423684ab6196cbda77703b052ff4b82', 9, 1),
(78, '1461868900', '8da9765411a1f9950fdc97bebbfae4cb0e5c4580', 9, 1),
(79, '1461869160', '0211b6e325de66aa8f1a3ca39d9805edf5d5dede', 9, 1),
(80, '1461869614', '73e253515bcdf88db06c96897fa0d5ccf4df1a1e', 9, 1),
(81, '1461869236', '56c8efa8795b675aecb74380e3ff72f7a1dbab5c', 9, 1),
(82, '1461868681', 'a4b6f35c38db949852cda48dce5e62c1706bded5', 9, 1),
(83, '1461868909', 'd65ec7ddf7a613432fdd3bf4d19be0de7a87217b', 9, 1),
(84, '1461868812', 'cb0c518d337330c839cce9d4b08c23c3aaf6f5ea', 9, 1),
(85, '1461869320', '68ee57d115136f6585847c27df85dae49718bed9', 9, 1),
(86, '1461869059', '148d3441b4bd999a49b9d6053c37a33ac377c9f4', 9, 1),
(87, '1461868703', '3f327c32bccbf1e45b268f05b9d40415c3360316', 9, 1),
(88, '1461869574', '2ed3cee6f857dfd1ab87b70c5ee892ef1f5bad35', 9, 1),
(89, '1461869451', 'd5f4e7dff2239919e4dd039d2d2a94b8ad4ce1b3', 9, 1),
(90, '1461869306', '863fe80bbe16a129634e94c9379546f0f932f942', 9, 1),
(91, '1461869041', '29ec63b78a99aa4d2ef03b4145f7d67d918c1da1', 9, 1),
(92, '1461869478', '6e7b20450d057f92a550e84e2ab28e160053fe66', 9, 1),
(93, '1461869183', '53d64c5435a877a2b3d7c042a7b94cda2011d415', 9, 1),
(94, '1461868931', '4a38080c838e0c2a5a3bd2527fa90dae61834ada', 9, 1),
(95, '1461869387', 'c327de1b05bfc4e207bd07d4d6d1ae8c782b0b65', 9, 1),
(96, '1461899192', 'b2f74ff2149951f502acb3eeb4432e50a6e34aff', 9, 1),
(97, 'tempo', '65e336e20c504396e91d42f55f668560c0176c1d', 2, 1),
(98, '1461905333', '8902ddfbb0c349e7fce185b6c39b58d76afc37f1', 9, 1),
(99, '1461907469', '7a369118d20528e94c8bab32c71117354174d616', 9, 1),
(100, '1461907317', '2c1f66704025c2cfcc0c208b5215cbfbc255a7f3', 9, 1),
(101, '1461907856', '237afafa6a91f1a27cd1eb4d67b6588d5f188c4f', 9, 1),
(102, '1461913911', 'efd53f9754fff2258dfff95371a0792536dade45', 9, 1),
(103, '1461917707', '239d45a2aaceff05ee9a7535bf01229d9abe8e47', 9, 1),
(104, '1461930498', '5b65275338092dfc061f71a4bdba430134ef713f', 9, 1),
(105, '1461930821', 'dbbcdb8a193f268e1ea6591ca076f7003fa53295', 9, 1),
(106, '1461930266', 'dda2fa41244e3a459e6b5bd884e254e8c0e0f362', 9, 1),
(107, '1461930938', '2faa7c943e17bc59b39e404d37c635e6bf9e18ee', 9, 1),
(108, '1461930756', '63e6b5fd7b82729ec016504ee983bf16c9f4863f', 9, 1),
(109, '1461930671', '7b92936cab130296b058dd507e27235a0666de7d', 9, 1),
(110, '1461930816', '65eab35e2f3672d4b8ae9218f104f379514e751a', 9, 1),
(111, '1461931064', 'a038b87e606dbbd51eb31fc8029dd543f1b67316', 9, 1),
(112, '1461930883', 'ccb698e9ba581e2803f377d9b0311b05f5b4144f', 9, 1),
(113, '1461930729', '7f8a4b8552402459f7b536c8db45a71a48563c8d', 9, 1),
(114, '1461930518', '8f5d613415b67823b8645e416fcace288d2dfe19', 9, 1),
(115, '1461935008', '1bd8bfb7b566169b9fc7c64512ff6b54cb4997bd', 9, 1),
(117, '1461938075', '076a193fa8a1bd8c975d8b41ca51bfe50b9b9204', 9, 1),
(118, '1461939796', '98dfe8645de8543b50626796706af2db520bb4fa', 9, 1),
(119, '1461939762', 'e5c0ed1f83e4c285c30e1ed28768e68285e18bc8', 9, 1),
(120, '1461939659', '7ddb6b49b24de651eb80fa3acb76b33c92cc7780', 9, 1),
(131, '1461943139', 'd45b381e52923b1c602b24300b07c3ce4acf7e47', 9, 1),
(132, '1461943080', 'd66d4ef1c9f817f5360e6e9d2d0fad90f7128210', 9, 1),
(151, '1461942521', '4bbabee04e2e296a26e0800bf3a535ff6dd5e097', 9, 1),
(152, '1461943013', '20fa1af3cef1c0524fdf575ca95b525aada8eff8', 9, 1),
(153, '1461943440', '13847091e2314e42962ee7a5d06c3a5fa2d977f7', 9, 1),
(154, '1461943338', 'a4fa506f18314001fd51101c418871d3e3d83d9a', 9, 1),
(155, '1461943031', '03159c20f4560a42b413a1ea25a2303414a22489', 9, 1),
(156, '1461943165', '8eefbae3dd4266f0e3c92a1c4ec380905e4c3a97', 9, 1),
(157, '1461943523', 'e38784a9ad1849d7023cdd5e4631104eeb46efcf', 9, 1),
(158, '1461943298', 'beb953d2b820774c9317013dfa48ef9a58055ee8', 9, 1),
(159, '1461943169', '8df2d0a01f41ec5d4c9bc220874057add16b9ff9', 9, 1),
(160, '1461943603', '928eef90e229dc40ffb4551d61f4fb1172091c40', 9, 1),
(161, '1461943903', '99135f81fcaac229c679d9aab175e9c9da4e4241', 9, 1),
(162, '1461943547', '4ee7c134c727d38a0188265e9274927de8c332d5', 9, 1),
(163, '1461944122', '1163285f40901f434f8a78ab46ac5f89c4f6a5fd', 9, 1),
(164, '1461944073', '7ee117628d5c16d1a91a7bf372871581c771cf86', 9, 1),
(165, '1461943485', 'f16bd2c954f563ebdb718a24db1c77363e9370f3', 9, 1),
(166, '1461944150', 'ac991295e6a0ca07fc5a80833750251275bc0d2f', 9, 1),
(167, '1461944397', '62ca445a5265debdc9a0067722edf25e3ceb8e15', 9, 1),
(168, '1461943950', '5a327e5342ebc0f1d81d3477450e0484d38d67b9', 9, 1),
(169, '1461944552', '61dd1f252034b6abc21feb29d1119863f9845f6a', 9, 1),
(170, '1461950740', '4228cb56479e0d7e0431e7b2ba4328b4d83e70c6', 9, 1),
(171, '1461950206', 'c6be64041b734ac60ff439f02496339845687b4c', 9, 1),
(172, '1461950835', 'db127535ece17fcdacee50b915c1c868e8e56277', 9, 1),
(173, '1461950021', '986499b1af19330dfff0a83ee14eec27fcddddf7', 9, 1),
(174, '1461950528', 'e74cfaae32844acb1ed10dca677fa181fc2d032a', 9, 1),
(175, '1461953100', '01382fbb9c3a4017f1cdf34bf3c1249bf0adb125', 9, 1),
(176, 'shepherdsofsuccess', '0737222934834d12ba13276233b81813347689b6', 2, 1),
(177, 'secgen', 'a52ed5032214d68d4876d0cba7da311283466a52', 3, 1),
(178, '1461982468', '1dcc8dbc0b28fd8a5c17a956b877eb66d424523a', 9, 1),
(179, '1461987186', '0bee9156d478f29f7629a55d94b2fbd29275b29f', 9, 1),
(180, '1462012221', '53a7bccb14e8fd920bc50ce0b8be9a6bc7c86558', 9, 1),
(181, 'mariennerenes', '0bbbba31500a6d8a7df8c228c4082ec94c9d154f', 3, 1),
(182, 'deniel', 'd753c8a2cb6a923663f8cfbf9b9da1af1d307ecd', 3, 1),
(183, '1462017972', '1e1a881de5853b3825de3ce7eb190a4786f1be59', 9, 1),
(185, '1462062496', 'acd9bd06364b16ade0fdbc737bfbcc3bcd6ed504', 9, 1),
(186, '1462063642', '9fe27e229c042578f1ce364c9a3c515f27670646', 9, 1),
(187, '1462063606', '3ea0dd7338485664adc77c0f8932dbed6368430e', 9, 1),
(188, '1462063634', '66e6a681c855515913a79b64aa78aa9405581820', 9, 1),
(189, '1462063672', 'fb16746b99e87caff98ae3b8326998d2fdde4b80', 9, 1),
(190, '1462064063', '6aab4885b3e7ad8cad901422403d04726eb52a4e', 9, 1),
(191, '1462064146', 'f6bd074c7ded89261da59ccd88da816b12297105', 9, 1),
(192, '1462063538', 'fbeb4b9ed4ac1ae1af41a0ee4d97d9d2a32c3e3b', 9, 1),
(193, '1462064153', 'db8546f0392ad8050fc279001b6c086488a72f14', 9, 1),
(194, '1462064591', '5e7780b5e3315904204ee23910295dfc5790ada9', 9, 1),
(195, '1462063832', '105bddd0e614795d8cb4dd5fe34a50a8791a54c1', 9, 1),
(196, '1462064585', 'ada2e10ed477d3c3fcab7ef79d37411a4dcffef0', 9, 1),
(197, '1462064027', 'f71a24b1e70f03ec4ae74c7d23ebd4e163ac26c2', 9, 1),
(198, '1462064069', '3083dd4c1ca9e5ba9369584a2ff57e2a5e31db4a', 9, 1),
(199, '1462064228', '3dc4f8f5c65a2323bd8e399f86a6c2030408674f', 9, 1),
(200, '1462065219', 'a785ee8b9e75aca635c98c4cb21b5b9f42dd6886', 9, 1),
(201, '1462064704', 'c4238e53f83c6a2db046f2f89c2e9c7f0dbcb2ee', 9, 1),
(202, '1462064905', '542af6cee9a3caf5ee4321d742d701ecb0a0d7f0', 9, 1),
(203, '1462064867', '190befc3c63aa0ee63bd19850961b4e9f8f5da61', 9, 1),
(204, '1462064998', '856b67e1d087bdad6d11270083a996ac83372c66', 9, 1),
(205, '1462066641', '63d0ecf8caa9c40beba90950b6b1f5f517ee90dc', 9, 1),
(206, '1462066409', 'c7355e36cb9c0fea2f403f3ff612560683b3fe8f', 9, 1),
(207, '1462066179', '13afffb635fffaf2ced6fcb28d55887b2c466753', 9, 1),
(208, '1462066965', 'e8fbb9a7fdcf45ece52587beaaa6294dce7b9be1', 9, 1),
(209, '1462066296', 'ba12266b6d19625fef713fc230ac989505a2505f', 9, 1),
(210, '1462066543', 'd70c96a71058d46abe6a67b2165d0b2e0402d738', 9, 1),
(211, '1462066671', 'd63169d1bc2846b599d3de60b41cbb78ca317015', 9, 1),
(212, '1462066987', '149d13c945db4dd63d7aa2d7dd0695757c3bcc8d', 9, 1),
(213, '1462066978', '20b47f600157fd6c01db671018bb09a5a98a7746', 9, 1),
(214, '1462066340', 'aee68019a45122c98c7f0196521fac9b425a58af', 9, 1),
(215, '1462066684', 'cb56169906a70909d1474a9904fdc4dfe2c06eb6', 9, 1),
(216, '1462067256', '225970edea247d267221986feadc1506a86c8510', 9, 1),
(217, '1462067158', '36aab515fd8251f129adadc36a96b1c965295180', 9, 1),
(218, '1462067360', 'fba0b4083b826511094b8c1b424c6fed0168f1cc', 9, 1),
(219, '1462066902', '76a2a2f0109fa44a9608819f2ea02bf2eb21f47f', 9, 1),
(220, '1462067043', '980a88bed1ac0b6bad4c27e5c5368f5f4a7bcb3e', 9, 1),
(221, '1462067638', '794236d74f6ea2dd65225a662cf86490b54e6053', 9, 1),
(222, '1462067064', 'd3907923f0b643ce45dddc680706230df84fc188', 9, 1),
(223, '1462067597', '0d3f9a76686d7739d7482f344b90f43af54674ab', 9, 1),
(224, '1462067218', '5f40c27397205a07643487fd5d4bddbb10d16a07', 9, 1),
(225, '1462067358', '9615325dd5d2694ab5a7edfad3daa8cd99244917', 9, 1),
(226, '1462067580', '840ce88cfb976bee752b5989d1b947b4663052c1', 9, 1),
(227, '1462068938', '0608538131fc6f0327e05299d983513f74f48356', 9, 1),
(228, '1462068970', '545f771276ff5a34cd651c125849b281a0a1a5df', 9, 1),
(229, '1462068944', '9532fb1f0c3042b171e1f6a61639fe3bb424529b', 9, 1),
(230, '1462068961', 'adc394751e1474d5e3a73c42f8e06ee25e1e07d5', 9, 1),
(231, '1462068396', '528051ba9c233130a12d7c07c6ab35542188d035', 9, 1),
(232, '1462069211', '35c18fc74998843b929d3f2be89f326fe90d35eb', 9, 1),
(233, '1462068714', '980b9bfef7cb71a58aba634bb05353f4e1e52fe3', 9, 1),
(234, '1462069310', 'c408812ae2ce56f5002951bc2f162c351feff18b', 9, 1),
(235, '1462069242', 'cc256c449f10489b4206c40d80e9a35c1d38cf22', 9, 1),
(236, '1462069351', 'a3845bbafeca8f5c00f96ac5ad9e9b044fd3e714', 9, 1),
(237, '1462068823', '99cf45e73db9eed5306d24e421f2d59956fbb778', 9, 1),
(238, '1462068931', '86612eb696c4bcd0f666493481c2eff0d0aa8a0d', 9, 1),
(239, '1462068799', 'e7f6281ed03fc4733ac4911865cd55a7413e9a64', 9, 1),
(240, '1462069142', '1e0db81384970279416ff653a8f6e9bd107b0ce5', 9, 1),
(241, '1462069322', '94f2aaced34fe87cde80f779771e2d3ed8e54e62', 9, 1),
(242, '1462070079', 'b4e3fb1952e3e95e7ce17707173abb50d2d4fbe3', 9, 1),
(243, '1462070297', '5aee04784403024aba4b20bd79bc5d6abd4c4c4c', 9, 1),
(244, '1462070188', 'e55284f23e533aed0e04fb27d7a74d775170e37e', 9, 1),
(245, '1462070522', '568e7aa7b2b8796a8f5d8e456d6db8143988a27c', 9, 1),
(246, '1462070752', 'c519a4e5cfa1d02c03ac9b4b9a9d7382f46cd584', 9, 1),
(247, '1462070959', 'de6872a2b734be7b329ac1da168bb072a7207843', 9, 1),
(248, '1462070975', 'f923d647791255a410ee1abb4e5778e46ce89f09', 9, 1),
(249, '1462070753', '1cbada0dcfbc09272186f37d96ca0d71a2a1c81c', 9, 1),
(250, '1462073559', '540debc7920f7266b76868b97a3a7de4acc1e14f', 9, 1),
(251, '1462073303', '0e3082b58fe01bc1582b9ebfbdd02caef71da285', 9, 1),
(252, '1462073727', '7af8dcaceced70098f35199f55e9ba6b01626227', 9, 1),
(253, '1462073846', '6f288101855b7f0a35773f36ca35ec87c1024fbc', 9, 1),
(254, '1462075482', '343c8ab9cb9dba2821bd0c01378b50f6c614c5ed', 9, 1),
(255, '1462075345', '6c4e5a04edb9e137ad91d44169eb8612759213ef', 9, 1),
(256, '1462075680', '971a18888175983ecf7b821eeee63af25248b472', 9, 1),
(257, '1462075338', 'ceeca127839f360461c5a5d1126dc51678316e2d', 9, 1),
(258, '1462075837', 'ad97417637ee4a90943f57b2529328a524d883fb', 9, 1),
(259, '1462076055', '3a4acaec036c328a82d7e8af1d63b9e8ee271556', 9, 1),
(260, '1462076407', 'd4f406a70c3feba0dc5ec7336fd0564b2f608090', 9, 1),
(261, '1462075608', '83973154a0bf85cb04785b50b1a0509853160764', 9, 1),
(262, '1462075718', '82994ff050c792b6161c9527ca21c89438df390b', 9, 1),
(263, '1462075887', '83d2fe62685eaf955c0c670c37c4f88c3450a693', 9, 1),
(264, '1462077566', 'f434e0a797e940443984e087d8f0b6991bf2d8bb', 9, 1),
(265, '1462077558', 'b8c521ec8e94f577ed60e63e4bfe134df9961447', 9, 1),
(266, '1462078055', '2102c2183c1e214d7e71b8c81f66618b9ec6300b', 9, 1),
(267, '1462077822', '9d8fac4cf84a51ce99e6b93c9562206a05bb59c4', 9, 1),
(268, '1462077403', '238092be7bad3bda0eb5305eb1476927c907b059', 9, 1),
(269, '1462077201', 'b0bc6d56960cf78c8d4cf385b9baeeeb3a69ae23', 9, 1),
(270, '1462077461', '189f8fe393851be9416917155b9e143eae32e1f6', 9, 1),
(271, '1462078024', '4b8bb9cb6acc4e9f7ae89a4dbecb475f940baeb7', 9, 1),
(272, '1462078706', '6f577e9291bd1bfa870ba5eb12e8debda992f3dd', 9, 1),
(273, '1462078941', '1c27dc92b7bb0a0809fc4a8c25d3151b2cfe28f7', 9, 1),
(274, '1462078393', 'a7367c5af0852a0603d68538d46d341e74077692', 9, 1),
(275, '1462078101', 'e9f0d76827f56c35df054494420f77509b11b484', 9, 1),
(276, '1462078579', '947fbaa026f4ba701026aa73e38d1d355220f39f', 9, 1),
(277, '1462078555', '870bf53d2c536c52d918a1af82e3b8f70ec97144', 9, 1),
(278, '1462078733', 'd2f86a444978ea9474c0c45f45414742b5bb9b44', 9, 1),
(279, '1462078846', '1ad4465a76accc32a98508de691fa2d753d24bd3', 9, 1),
(280, 'VPAUDIT', '9da66b1ad408eba2b8f8fc889cedee1ee96ad516', 4, 1),
(281, '1462088571', '18917466f517f595533bc6311108aa5e413bf1af', 9, 1),
(282, '1462088615', 'f733f350366b47881de73f69ceeb89aa69cd6cd9', 9, 1),
(283, '1462089063', '6b04fa652079a8e463aa2e3e406c2dc8b5ba42a5', 9, 1),
(284, '1462088867', '1cdec1033e77425c45769915cc2ff5aafb520d01', 9, 1),
(285, '1462088695', 'bbbe475f7aaef585479146c2907ef9c4a1b550ea', 9, 1),
(286, '1462088681', 'a0772fee44d8b5d4ccac62ec9e68b0cb43b29d9d', 9, 1),
(287, '1462089183', '8da82bc476cfe07fbbf645622bf94af9d55d7a04', 9, 1),
(288, '1462088524', 'ae669b63c7c878fd6fc21a78a89562970f8445a7', 9, 1),
(289, '1462088748', '3f53b3a9e765e43524484476bde780b8204453b4', 9, 1),
(290, '1462089365', 'a1a61de530020ce407ed5b8732c17f6b7c8344c6', 9, 1),
(291, '1462089108', '15f58a070afc3c4083a2ae4f27e433153a5aa79f', 9, 1),
(292, '1462094502', 'd9408b6f8c6ffbed2f7636791d6668e1892b51b0', 9, 1),
(293, '1462094623', 'dcd6a796e56e88471e586a7a9e593b07c49ab121', 9, 1),
(294, '1462094672', 'd5416dcd33b9bb25314eb88cab50ca874d578f8c', 9, 1),
(295, '1462094637', '522f18de33e1ffb5ce9790e9fc6feb1b3f5ce6ab', 9, 1),
(296, '1462095946', '879f0499cd847bd339f353bd63b9df6df3d5db69', 9, 1),
(297, '1462096363', '3f75618cf720418574fcab7b367b12fbb0ee4ed4', 9, 1),
(298, '1462096543', '49fc35fd9a24b1f3b7914b1e365368fbf7693895', 9, 1),
(299, '1462096600', 'efa486619a36ff43ad7f6497cd5ff4a4b377d1a6', 9, 1),
(300, '1462096403', '400594e8b4a096a23ce4394a4524fcdabf843fd3', 9, 1),
(301, '1462252540', 'c84af93e9968fcf9f756d40464f384781c46285f', 9, 1),
(302, '1462253090', 'cbf42ebf053046fb40cf681034fed9a587125e62', 9, 1);

-- --------------------------------------------------------

--
-- Table structure for table `account_information`
--

CREATE TABLE IF NOT EXISTS `account_information` (
`ID` int(11) NOT NULL,
  `account_ID` int(11) NOT NULL,
  `first_name` varchar(50) NOT NULL,
  `middle_name` varchar(50) NOT NULL,
  `last_name` varchar(50) NOT NULL,
  `local_chapter_position_ID` int(11) NOT NULL,
  `contact_number` varchar(25) NOT NULL,
  `email_address` varchar(50) NOT NULL,
  `complete_address` text NOT NULL,
  `identification_file_uploaded_ID` int(11) NOT NULL,
  `tshirt_size` varchar(50) NOT NULL,
  `local_chapter_name` varchar(100) NOT NULL,
  `confirmation` int(11) NOT NULL COMMENT '2 - confirmed'
) ENGINE=InnoDB  DEFAULT CHARSET=latin1 AUTO_INCREMENT=302 ;

--
-- Dumping data for table `account_information`
--

INSERT INTO `account_information` (`ID`, `account_ID`, `first_name`, `middle_name`, `last_name`, `local_chapter_position_ID`, `contact_number`, `email_address`, `complete_address`, `identification_file_uploaded_ID`, `tshirt_size`, `local_chapter_name`, `confirmation`) VALUES
(1, 1, 'Anthony Al', '', 'Duran', 1, '09234179069', 'durananthonyal@gmail.com', '', 9, '0', '0', 0),
(33, 33, 'Jaymark', '', 'Dimaano', 1, '09123475142', 'jaymarkdimaano09@yahoo.com', '181 F. Enriquez St. Panghulo Obando Bulacan', 11, 'M', '0', 0),
(34, 34, 'Lovely Jane', '', 'Zamora', 7, '9278636528', 'nfjpiar3.rvpfinance1516@gmail.com', '0839 Santiago St. O''Donnell, Capas, Tarlac', 12, 'XS', '0', 0),
(35, 35, 'Daryll', '', 'Esguerra', 5, '09265999930', 'esguerradaryll@yahoo.com', 'Brgy. San Roque, Jaen, Nueva Ecija', 13, 'S', '0', 2),
(36, 36, 'Lyneth Lou', '', 'Nocom', 6, '09778211330', 'lynethnocom@gmail.com', 'Blk 235 Lot 30 Phase II Metrogate Subd., Brgy. Capaya, Angeles City', 14, 'XS', '0', 2),
(37, 37, 'Ferrarey', '', 'Sosa', 6, '09494871822', 'ferrareysosa@rocketmail.com', 'Blk 10 Lot 7 University Homes, University of Eastern Philippines, Catarman Northern Samar', 15, 'L', '0', 2),
(38, 38, 'Renante', '', 'Balocating', 2, '09228305347', 'renantebalocating@gmail.com', 'Urbiztondo, Pangasinan', 16, 'M', '0', 2),
(39, 39, 'Ralfie', '', 'Rapilo', 6, '09464637951', 'ralfie_rapilo@yahoo.com', '#106 Dolaoan, Anda, Pangasinan', 17, 'M', '0', 2),
(40, 40, 'Joahkim', '', 'Reyes', 6, '09076303016', 'joahkim.hbo@gmail.com', '#355 Cobol, San Carlos City, Pangasinan', 18, 'S', '0', 2),
(41, 41, 'Jhessa Mae', '', 'Aquino', 5, '09355441508', 'jhessamae.aquino@gmail.com', '25 Mayuro, Rosario, Batangas 4225', 19, 'S', '0', 2),
(42, 42, 'Jerwin', '', 'Embudo', 6, '09268282342', 'jerwinembudo@yahoo.com.ph', 'Pedro Mansilla St. Poblacion, Sta. Maria, Bulacan', 20, 'XS', '0', 0),
(43, 43, 'Jhomelyn Vanessa ', '', 'Fernandez', 6, '09261632338', 'jvanessafernandez@gmail.com', 'Willowbend Subdivision, Pinagkuartelan, Pandi, Bulacan', 21, 'XS', '0', 0),
(44, 44, 'Katrina', '', 'Lopez', 6, '09106219161', 'katrina_1255@yahoo.com.ph', 'Bldg. 8 GSIS Metrohomes, Anonas Street, Sta. Mesa, Manila', 22, 'XS', '0', 0),
(45, 45, 'Feve Joy', '', 'Navarrete', 6, '09184676257', 'n.fevejoy@yahoo.com', '353 Altura Extension, Sta. Mesa, Manila', 23, 'XS', '0', 0),
(46, 46, 'Danica', '', 'Tumala', 6, '09364784675', 'danicatumala.dt.dt@gmail.com', '105 2nd St. 3rd Ave. Grace Park Caloocan City', 24, 'S', '0', 0),
(47, 47, 'Albert John', '', 'Ranoco', 6, '09158551138', 'albie010896@yahoo.com.ph', '507 B Kaunlaran St. Brgy. Commonwealth, Quezon City', 25, 'M', '0', 0),
(48, 48, 'Carl John Paul', '', 'Almoradie', 6, '9356930116', 'carl_john_paul@yahoo.com', '19 Blk. 14 Lt Greenlane St. Evergreen South Executive Village Pulo, Cabuyao, Laguna', 26, 'S', '0', 0),
(49, 49, 'Jamel', '', 'Yadao', 6, '09216677092', 'Yadz_Jamel@yahoo.com', '114 West Bank Rd. Maybunga, Pasig City', 27, 'M', '0', 0),
(50, 50, 'Ronald', '', 'Bolanos', 6, '09364138871', 'jerwinembudo@yahoo.com.ph', '408 A 1st St. Honradez Ext, Sampaloc, Manila ', 28, 'S', '0', 0),
(51, 51, 'Karen Daniele', '', 'Besmonte', 7, '09480233403', 'karendaniele270@gmail.com', '#870, P-3, Barriada St., Gogon, Legazpi City, Albay', 29, 'XXS', '0', 2),
(52, 52, 'Archie', '', 'Ner', 7, '09107478817', 'archiener07@gmail.com', 'PNR Site, Legazpi City, Albay', 30, 'M', '0', 2),
(53, 53, 'Cesar', '', 'Rentino', 5, '09097264899', 'rentinocesarb1896@gmail.com', 'Palale, Banga, Aklan', 31, 'S', '0', 2),
(54, 54, 'Rachel', '', 'Macawili', 5, '09460239955', 'jekgams@yahoo.com', 'Taba-ao, Banga, Aklan', 32, 'XXS', '0', 2),
(55, 55, 'Clarita', '', 'Tambong', 3, '09077777011', 'clairetambong@yahoo.com', 'Poblacion, Banga, Aklan', 33, 'XXS', '0', 2),
(56, 56, 'Michael Renz', '', 'Ramos', 6, '09279066670', 'mike_l.ramos@ymail.com', 'Lot 7, Block 23, Sarangani Homes Phase 1, GSC', 35, 'L', '0', 0),
(57, 57, 'Julious', '', 'Caalim', 5, '09176768975', 'juliousriverocaalim@gmail.com', 'Valenzuela City, Metro Manila', 36, 'XS', '0', 2),
(58, 58, 'Clarens', '', 'Navor', 1, '09178925473', 'clarens.navor@gmail.com', 'Caloocan City, Metro Manila', 37, 'S', '0', 2),
(59, 59, 'Zara', '', 'See', 6, '09264043456', 'ustjpia1516@gmail.com', 'Retiro, Manila', 38, 'S', '0', 2),
(60, 60, 'Liezel', '', 'Matutino', 4, '09273227466', 'liezelmatutino@gmail.com', 'Sampaloc, Manila', 39, 'XL', '0', 2),
(61, 61, 'King Ervin', '', 'Dela Cruz', 6, '09269152151', 'kingervindelacruz@gmail.com', 'Sampaloc, Manila', 40, 'L', '0', 2),
(62, 62, 'Sofiya', '', 'Salim', 6, '09267863198', 'sofiyasalim28@yahoo.com', 'Sampaloc, Manila', 41, 'S', '0', 2),
(63, 63, 'Erika Joy', '', 'Legaspi', 4, '09985630942', 'ejmlegaspi@hotmail.com', '041 Sabang, Dasmariñas, Cavite', 42, 'XXS', '0', 2),
(64, 64, 'Jose Kenneth', '', 'Cambalisa', 6, '09068278373', 'josekenneth.cambalisa@gmail.com', '185 Munting Tubig, Balayan, Batangas', 43, 'XS', '0', 2),
(65, 65, 'Patrick', '', 'Berona', 6, '09164136326', 'patrick.berona@gmail.com', '333 Banaba Cerca, Indang, Cavite', 44, 'XS', '0', 2),
(66, 66, 'Lourene', '', 'Bautista', 5, '9357811022', 'bautista.lourene@gmail.com', 'Block 38, Lots 5&7, Phase 2, Windward Hills Subd., City of Dasmariñas, Cavite', 45, 'XS', '0', 2),
(67, 67, 'Aprille Gale', '', 'Young', 6, '9177863139', 'aprillegaledyoung@gmail.com', 'Blk H9 Lot 13, San Roque, Dasmariñas, Cavite', 46, 'XXS', '0', 2),
(68, 68, 'Jueann', '', 'Magsino', 4, '09485981304', 'jue.magsino@gmail.com', 'Bolivia St. Betterliving Subd., Brgy. Isabang, Lucena City', 49, 'XXS', '0', 2),
(69, 69, 'Sweet Baby Jamie', '', 'Tan', 6, '09288967843', 'sweetbabyjamietan@gmail.com', 'Purok Ilusong, Barangay Mayao Parada, Lucena City, Quezon', 50, 'XS', '0', 2),
(70, 70, 'Joana Marie', '', 'Soriano', 5, '09461605801', 'jmariesoriano26@gmail.com', 'Akap Village, Little Baguio II Red-V, Barangay Iba. Dupay, Lucena City', 51, 'M', '0', 2),
(71, 71, 'Lyxhel', '', 'Regencia', 5, '09216145544', 'lyxhelregencia@gmail.com', '9051 Enverga Blvd., Manuel S. Enverga University Cpd., Brgy. Ibabang Dupay, Lucena City, Quezon Province', 52, 'S', '0', 2),
(72, 72, 'Melljonh', '', 'Pesigan', 6, '09123208325', 'pesiganmelljonhm@gmail.com', 'Sitio Roxas, Barangay Bulihan, San Antonio, Quezon', 53, 'S', '0', 2),
(73, 73, 'Angelo', '', 'Manzano', 6, '09993608874', 'angelomanzano845@gmail.com', '#1 Geneva Road Corner Madrid Stree, University Village, Lucena City', 54, 'M', '0', 2),
(74, 74, 'Gilbert', '', 'Jogno Jr.', 5, '09484934767', 'gilbertjogno25@gmail.com', 'II Street, Bestland Homes, Brgy. Mayao Crossing, Lucena City', 55, 'L', '0', 2),
(75, 75, 'Lloyd Vince', '', 'Arceo', 5, '09489131087', 'vincentlloyd09@gmail.com', 'Zaire Street, Leveriza Heights, Tayabas City', 56, 'S', '0', 2),
(76, 76, 'Ernie John', '', 'Cajes', 4, '09433468272', 'ejtcajes@gmail.com', '2157 Duterte Ext., Purok 2, Salvacion, Panabo City', 60, 'M', '0', 2),
(77, 77, 'Anthony Louis', '', 'Royo', 6, '09323046426', 'oniroyo@gmail.com', 'Davao City', 61, 'XXS', '0', 2),
(78, 78, 'Chrisitine Maela Joy', '', 'Taladua', 6, '09425562685', 'christinemaelajoy@gmail.com', 'Davao City', 62, 'XXS', '0', 2),
(79, 79, 'Carmelo', '', 'Panlaque', 5, '09237763500', 'cjpanlaque@gmail.com', 'Davao City', 63, 'M', '0', 2),
(80, 80, 'Erika Marie', '', 'Dandoy', 5, '09157232360', 'angerikamarie@yahoo.com', 'Davao City', 64, 'S', '0', 2),
(81, 81, 'Eunice Angelica', '', 'Suelto', 6, '09209592809', 'eagsuelto@gmail.com', 'Davao City', 65, 'XS', '0', 2),
(82, 82, 'Gabriella Mia', '', 'Castillo', 6, '09437338967', 'gimicastillo@yahoo.com', 'Davao City', 66, 'XS', '0', 2),
(83, 83, 'Jana Selena', '', 'Lib-atin', 6, '09399071579', 'janaselena@gmail.com', 'Davao City', 67, 'S', '0', 2),
(84, 84, 'Jennifer', '', 'Fementira', 6, '09778478825', 'jfementira@gmail.com', 'Davao City', 68, 'XS', '0', 2),
(85, 85, 'Joyceelynn', '', 'Portacion', 6, '09062078658', 'portacionj@gmail.com', 'Davao City', 69, 'XS', '0', 2),
(86, 86, 'Karla Dominique', '', 'Tiu', 6, '09324308570', 'kdptiu@gmail.com', 'Davao City', 70, 'XS', '0', 2),
(87, 87, 'Kuehne Kili', '', 'Bolo', 6, '09439272261', 'kuehne20@gmail.com', 'Davao City', 71, 'XXS', '0', 2),
(88, 88, 'Mary Pauline', '', 'Blasquez', 6, '09302944242', 'paublastt@gmail.com', 'Davao City', 72, 'XS', '0', 2),
(89, 89, 'Miguel Gabriel', '', 'Castillo', 6, '09234565502', 'migipcastillo@yahoo.com', 'Davao City', 73, '3XL', '0', 2),
(90, 90, 'Nikko-Jay', '', 'Cabiles', 6, '09192377309', 'nikkocabiles@gmail.com', 'Davao City', 74, 'M', '0', 2),
(91, 91, 'Rica', '', 'Abrenica', 6, '09184091555', 'ricx9715@gmail.com', 'Davao City', 75, 'XS', '0', 2),
(92, 92, 'Rikk', '', 'Nalzaro', 1, '09422535983', 'rikk_saber09@yahoo.com', 'Davao City', 76, 'M', '0', 2),
(93, 93, 'Vivian Eloisa', '', 'Cortes', 6, '09424730134', 'cortes_vian@yahoo.com', 'Davao City', 77, 'XS', '0', 2),
(94, 94, 'Winona Valerie', '', 'Te', 6, '09227668989', 'tewinona@yahoo.com', 'Davao City', 78, 'XS', '0', 2),
(95, 95, 'Rosemarie', '', 'Quirante', 7, '09228496241', 'rmquirante@addu.edu.ph', 'Davao City', 79, 'XS', '0', 2),
(96, 96, 'Gerald', '', 'Miclat', 6, '09268434605', 'geraldmiclat@rocketmail.com', '#1031 Mabini Street, Brgy. Sapang Bato, Angeles City, Pampanga 2009', 83, 'XS', '0', 2),
(97, 97, 'Account', '', 'Temporary', 0, '', 'plenosjohn@yahoo.com', '', 0, '0', '0', 0),
(98, 98, 'Kimberly Rose', '', 'Mallari', 7, '09369468686', 'nfjpiar3.rscms1516@gmail.com', 'Blk. 9, Lot 13 & 15, Bristol St., Grand Victoria Estates, Bitas, Cabanatuan City, Nueva Ecija', 84, 'L', '', 2),
(99, 99, 'Gellie Nina', '', 'Sumalinog', 4, '09335303630', 'gellienina@gmail.com', 'Blk 11 Lot 56 St. Dominics Place Subd, Sudtunggan Rd, Brgy Basak, Lapu-Lapu City', 85, 'XS', '', 2),
(100, 100, 'Christopher John', '', 'Fuentes', 5, '09434311405', 'cjgian.abigail@gmail.com', 'Tabay, Tayud, Lilo-an, Cebu', 86, 'XXS', '', 2),
(101, 101, 'Glory Gelle', '', 'Regalado', 6, '09323611051', 'regaladogelle@gmail.com', 'Sanjercasville Private Road, Lahug, Cebu City ', 87, 'M', '', 2),
(102, 102, 'Mark Angelo', '', 'Arceo', 5, '09267778197', 'markarceo913@gmail.com', 'B29 L16 Rafaela Homes, Makinabang, Baliuag, Bulacan', 89, 'L', '', 2),
(103, 103, 'Arielle Anne ', '', 'Alipio', 7, '09169134651', 'ncrmembership1516@gmail.com', '643 Gerona St., Tondo, Manila', 90, 'S', '', 0),
(104, 104, 'Emman Bryll', '', 'Nepacena', 6, '09328788252', 'emmannepacena@gmail.com', 'Buenlag, Calasiao, Pangasinan', 91, 'L', '', 2),
(105, 105, 'Hazel', '', 'Sison', 6, '09169171183', 'hazeldgsison@yahoo.com', 'Lasip, Calasiao, Pangasinan', 92, 'S', '', 2),
(106, 106, 'Von Mark', '', 'Manuel', 6, '09309475956', 'kramnov06@gmail.com', 'New Street East, Lingayen, Pangasinan', 93, 'M', '', 2),
(107, 107, 'Jeraldine Mauve ', '', 'Cardozo', 6, '09051562935', 'jeraldine.cardozo@gmail.com', 'Lasip, Calasiao, Pangasinan', 94, 'M', '', 2),
(108, 108, 'Ma. Gladys', '', 'Jose', 6, '09487913391', 'gladyscjose@gmail.com', 'Calbeg, Malasiqui,Pangasinan', 95, 'XXS', '', 2),
(109, 109, 'Roldan Jhay', '', 'Muñoz', 6, '09487070635', 'roldanjhay.munoz@gmail.com', 'Aurora Street, Poblacion, Aguilar, Pangasinan', 96, 'M', '', 2),
(110, 110, 'Jethro Nadine', '', 'Ybasco', 6, '09777280943', 'nadineybasco@gmail.com', '7814-A J.B. Rozas St., Brgy. Olympia, Makati City.', 97, 'XS', '', 2),
(111, 111, 'Keith ', '', 'Valle', 6, '09178391483', 'kitvalle@gmail.com', '#45 Monte Piedad St. El Monteverde Subdivision Taytay, Rizal', 98, 'L', '', 2),
(112, 112, 'Irish Paul', '', 'Reyes', 6, '09261098673', 'jalineirish@gmail.com', 'Blk4 Lot15 Road2, PAVAHAI, Comembo, Makati City, NCR', 99, 'L', '', 2),
(113, 113, 'Nathan Cristopher', '', 'Dominguez', 6, '09159796718', 'ncdomingez23@gmail.com', '473 New York Street Brookside Hills Subdivision Cainta, Rizal', 100, 'M', '', 2),
(114, 114, 'Czalea', '', 'Pano', 6, '09988535762', 'czaleapano@gmail.com', 'Blk6 Lot52 Albacete St. Cerrito Heights, Molino, Bacoor Cavite', 101, 'M', '', 2),
(115, 115, 'Mark Daniel', '', 'Bernales', 7, '09354565013', 'ncrcommwest1516@gmail.com', 'B3 L7 Carnation St., Camella Homes, San Nicolas II, Bacoor City, Cavite', 103, 'M', '', 0),
(116, 116, 'test', '', 'test', 1, '1245', 'l@y.m', 'jij', 104, 'XXS', '', 2),
(117, 117, 'Marissa ', '', 'Dela Cruz', 7, '09262442090', 'ncrsecretary1516@gmail.com', '24A Isarog St., Sta. Mesa Heights, Quezon City', 105, 'XXS', '', 0),
(118, 118, 'Rohi', '', 'Yocariza', 6, '09465541738', 'rayocariza@gmail.com', 'Bgry. Bakhaw, Iloilo City, Iloilo', 107, 'XS', '', 2),
(119, 119, 'Ma. Joanna ', '', 'Acedillo', 6, '09463387743', 'joanna.acedillo0906@gmail.com', 'Jazmin Street, Dolmax Subdivision, Iloilo City, Iloilo', 108, 'XS', '', 2),
(120, 120, 'Beverly', '', 'Jamora', 6, '09307903885', 'bjjamora@up.edu.ph', '284-H Rizal St., La Paz, Iloilo City, Iloilo', 109, 'XS', '', 2),
(121, 121, 'Mary Jubelle', '', 'Manatad', 6, '09226942821', 'manatadmaryjubelle@gmail.com', 'Blk.1 Lot 29 Deca Homes Cubacub, Mandaue City', 111, 'S', '', 0),
(122, 122, 'Vianca Pearl', '', 'Amores', 6, '9228554113', 'vianca_amores@yahoo.com', 'Bangkal, Lapu-lapu,Cebu', 112, 'XXS', '', 0),
(123, 123, 'Bret Alfonso', '', 'Balbuena', 4, '9228833710', 'balbuenabret@gmail.com', '396 - L Jones Avenue, Cebu City 6000', 113, 'M', '', 0),
(124, 124, 'Jessa', '', 'Bermudo', 6, '9331380618', 'bermudojessa@gmail.com', 'Door 8 Upper Lipata St. Almaville Subdivision Lipata, Minglanilla, Cebu', 114, 'S', '', 0),
(125, 125, 'Rhea Mae', '', 'Branzuela', 6, '9393682619', 'branzuelarheamae@gmail.com', '4302 Forest Hills Banawa Cebu City', 115, 'S', '', 0),
(126, 126, 'Alyanna Kate', '', 'Buenavista', 6, '9435050657', 'alyanna.kate@yahoo.com', 'TUNGKOP MINGLANILLA, CEBU', 116, 'XS', '', 0),
(127, 127, 'Marcia', '', 'Butastas', 6, '9484569273', 'butastasmarcia@gmail.com', '179 Sabellano St., Brgy. Quiot, Cebu City', 117, 'S', '', 0),
(128, 128, 'Charles Joshua', '', 'Chiu', 6, '9228310322', 'joshuauy3@yahoo.com', 'Unit 2225, One Oasis Condominium,  Pres. Magsaysay St., Brgy. Kasambagan, Mabolo, Cebu City', 118, 'M', '', 0),
(129, 129, 'Marianito Jesus', '', 'Del Rio', 6, '9228249024', 'marianitojesusdelrio@yahoo.com', 'SUDTUNGAN, BASAK, LAPU-LAPU CITY, CEBU', 119, '3XL', '', 0),
(130, 131, 'Shilleilee', '', 'Facundo', 4, '09069734566', 'leifacundo@gmail.com', 'Lot 18&20, Blk 3 HFACH Dahlia St., Brgy. Senora,Porac, Pampanga', 120, 'S', '', 2),
(131, 132, 'Jamil', '', 'Lumbang', 7, '09353511266', 'nfjpiar3.rvpnonacademics1516@gmail.com', 'Mesulo, Arayat, Pampanga', 121, 'M', '', 2),
(132, 133, 'Mary Jubelle', '', 'Manatad', 6, '09226942821', 'manatadmaryjubelle@gmail.com', 'Blk.1 Lot 29 Deca Homes Cubacub, Mandaue City', 122, 'S', '', 0),
(133, 134, 'Vianca Pearl', '', 'Amores', 6, '9228554113', 'vianca_amores@yahoo.com', 'Bangkal, Lapu-lapu,Cebu', 123, 'XXS', '', 0),
(134, 135, 'Bret Alfonso', '', 'Balbuena', 4, '9228833710', 'balbuenabret@gmail.com', '396 - L Jones Avenue, Cebu City 6000', 124, 'M', '', 0),
(135, 136, 'Jessa', '', 'Bermudo', 6, '9331380618', 'bermudojessa@gmail.com', 'Door 8 Upper Lipata St. Almaville Subdivision Lipata, Minglanilla, Cebu', 125, 'S', '', 0),
(136, 137, 'Rhea Mae', '', 'Branzuela', 6, '9393682619', 'branzuelarheamae@gmail.com', '4302 Forest Hills Banawa Cebu City', 126, 'S', '', 0),
(137, 138, 'Alyanna Kate', '', 'Buenavista', 6, '9435050657', 'alyanna.kate@yahoo.com', 'TUNGKOP MINGLANILLA, CEBU', 127, 'XS', '', 0),
(138, 139, 'Marcia', '', 'Butastas', 6, '9484569273', 'butastasmarcia@gmail.com', '179 Sabellano St., Brgy. Quiot, Cebu City', 128, 'S', '', 0),
(139, 140, 'Charles Joshua', '', 'Chiu', 6, '9228310322', 'joshuauy3@yahoo.com', 'Unit 2225, One Oasis Condominium,  Pres. Magsaysay St., Brgy. Kasambagan, Mabolo, Cebu City', 129, 'M', '', 0),
(140, 141, 'Marianito Jesus', '', 'Del Rio', 6, '9228249024', 'marianitojesusdelrio@yahoo.com', 'SUDTUNGAN, BASAK, LAPU-LAPU CITY, CEBU', 130, '3XL', '', 0),
(141, 142, 'Mel Domini', '', 'Ebo', 6, '9339857199', 'ebomelman@gmail.com', '324E Purok Gemelina St., Tayud, Liloan, Cebu', 131, 'M', '', 0),
(142, 143, ' Aliko Jasmine', '', 'Garganera', 6, '9988550886', 'ajdg.12@gmail.com', '519 MJ Cuenco Ave. Brgy. Tinago, Cebu City 6000', 132, 'XXS', '', 0),
(143, 144, 'Irish', '', 'Kabingue ', 6, '9428120810', 'kabingue.ia@gmail.com', 'L. Bacayo Extension, Andres Abellana Street, Guadalupe, Cebu City, Cebu, Philippines 6000', 133, 'XS', '', 0),
(144, 145, 'Mario III', '', 'Osmeña', 6, '9228488934', 'marsosmena@yahoo.com', '863-B G. Ouano Street, Mandaue City 6014', 134, 'S', '', 0),
(145, 146, 'Maaku', '', 'Saito ', 6, '9434948116', 'saito.maaku@gmail.com', 'Inayagan, Tuyom, Carcar City, Cebu', 135, 'XXS', '', 0),
(146, 147, 'Shannen Keisha', '', 'Tan ', 5, '9228232581', 'shannenkeisha@gmail.com', 'F. Cabahug cor. Pres. Quirino St., Mabolo, Cebu City 6000', 136, 'S', '', 0),
(147, 148, 'Miguel Albert', '', 'Taveros ', 6, '9434499988', 'taveros.miguelalbert@gmail.com', 'Honeybee Royal Inn, Junquera St., Brgy. Kamagayan, Cebu City, Cebu 6000', 137, 'M', '', 0),
(148, 149, 'Emma Rose', '', 'Tomaneng ', 6, '9228344379', 'emmatomaneng@yahoo.com', 'Garden Ridge Village, Cabancalan, Mandaue City', 138, 'XS', '', 0),
(149, 150, 'Marvic John', '', 'Leyson ', 1, '9224303430', 'marvicjohnleyson@gmail.com', 'Pardo, Cebu City', 139, 'XXS', '', 0),
(150, 151, 'Mary Jubelle', '', 'Manatad', 6, '9226942821', 'manatadmaryjubelle@gmail.com', 'Blk.1 Lot 29 Deca Homes Cubacub, Mandaue City', 140, 'S', '', 2),
(151, 152, 'Vianca Pearl', '', 'Amores', 6, '9228554113', 'vianca_amores@yahoo.com', 'Bangkal, Lapu-lapu,Cebu', 141, 'S', '', 2),
(152, 153, 'Bret Alfonso', '', 'Balbuena', 4, '9228833710', 'balbuenabret@gmail.com', '396 - L Jones Avenue, Cebu City 6000', 142, 'M', '', 2),
(153, 154, 'Jessa', '', 'Bermudo', 6, '9331380618', 'bermudojessa@gmail.com', 'Door 8 Upper Lipata St. Almaville Subdivision Lipata, Minglanilla, Cebu', 143, 'S', '', 2),
(154, 155, 'Alyanna Kate', '', 'Buenavista', 6, '9435050657', 'alyanna.kate@yahoo.com', 'TUNGKOP MINGLANILLA, CEBU', 144, 'XXS', '', 2),
(155, 156, 'Rhea Mae', '', 'Branzuela', 6, '9393682619', 'branzuelarheamae@gmail.com', '4302 Forest Hills Banawa Cebu City', 145, 'S', '', 2),
(156, 157, 'Marcia', '', 'Butastas', 6, '9484569273', 'butastasmarcia@gmail.com', '179 Sabellano St., Brgy. Quiot, Cebu City', 146, 'S', '', 2),
(157, 158, 'Charles Joshua', '', 'Chiu', 6, '9228310322', 'joshuauy3@yahoo.com', 'Unit 2225, One Oasis Condominium,  Pres. Magsaysay St., Brgy. Kasambagan, Mabolo, Cebu City', 147, 'M', '', 2),
(158, 159, 'Marianito Jesus', '', 'Del Rio', 6, '9228249024', 'marianitojesusdelrio@yahoo.com', 'SUDTUNGAN, BASAK, LAPU-LAPU CITY, CEBU', 148, '3XL', '', 2),
(159, 160, 'Mel Domini', '', 'Ebo', 6, '9339857199', 'ebomelman@gmail.com', '324E Purok Gemelina St., Tayud, Liloan, Cebu', 149, 'M', '', 2),
(160, 161, 'Aliko Jasmine', '', 'Garganera', 6, '9988550886', 'ajdg.12@gmail.com', '519 MJ Cuenco Ave. Brgy. Tinago, Cebu City 6000', 150, 'S', '', 2),
(161, 162, 'Irish', '', 'Kabingue', 6, '9428120810', 'kabingue.ia@gmail.com', 'L. Bacayo Extension, Andres Abellana Street, Guadalupe, Cebu City, Cebu, Philippines 6000', 151, 'XS', '', 2),
(162, 163, 'Mario III', '', 'Osmeña', 6, '9228488934', 'marsosmena@yahoo.com', '863-B G. Ouano Street, Mandaue City 6014', 152, 'S', '', 2),
(163, 164, 'Maaku', '', 'Saito ', 6, '9434948116', 'saito.maaku@gmail.com', 'Inayagan, Tuyom, Carcar City, Cebu', 153, 'M', '', 2),
(164, 165, 'Shannen Keisha', '', 'Tan ', 5, '9228232581', 'shannenkeisha@gmail.com', 'F. Cabahug cor. Pres. Quirino St., Mabolo, Cebu City 6000', 154, 'S', '', 2),
(165, 166, 'Miguel Albert', '', 'Taveros ', 6, '9434499988', 'taveros.miguelalbert@gmail.com', 'Honeybee Royal Inn, Junquera St., Brgy. Kamagayan, Cebu City, Cebu 6000', 155, 'M', '', 2),
(166, 167, 'Emma Rose', '', 'Tomaneng ', 6, '9228344379', 'emmatomaneng@yahoo.com', 'Garden Ridge Village, Cabancalan, Mandaue City', 156, 'XS', '', 2),
(167, 168, 'Marvic John', '', 'Leyson ', 1, '9224303430', 'marvicjohnleyson@gmail.com', 'Pardo, Cebu City', 157, 'M', '', 2),
(168, 169, 'Almer Iñigo', '', 'Bonzon', 6, '9179125522', 'mer.bonzon@gmail.com', 'Blk. 17 Lot A-6-C Northbreeze Subd., Brgy. Lara, CSFP', 174, 'S', '', 2),
(169, 170, 'DAYANARA', '', 'VILLANUEVA', 6, '09175990747', 'dynra.vllnv@gmail.com', 'C37 NORTH HILLS DORMITORY, GENERAL LUNA, BAGUIO CITY, BENGUET', 175, 'XS', '', 2),
(170, 171, 'KEVIN ADRIAN', '', 'FABROS', 6, '09271661967', 'kevinemailmehere@gmail.com', 'E13 NORTH HILLS DORMITORY, GENERAL LUNA, BAGUIO CITY, BENGUET', 176, 'XXS', '', 2),
(171, 172, 'JOEL', '', 'LOCQUIAO', 6, '09175990747', 'dynra.vllnv@gmail.com', 'Anacleto St, Baguio, Benguet', 177, 'M', '', 2),
(172, 173, 'CLAUDINE NICOLE', '', 'VALENZUELA', 7, '09089820014', 'nicolevbrm@gmail.com', 'Anacleto St, Baguio, Benguet', 178, 'XS', '', 2),
(173, 174, 'LOUISE MELODY GLYDELLE', '', 'SANCHEZ', 6, '09175990747', 'dynra.vllnv@gmail.com', 'Anacleto St, Baguio, Benguet', 179, 'XS', '', 2),
(174, 175, 'Reuben Ace', '', 'Abayabay', 6, '09062508712', 'abayabayace@gmail.com', '2510 Eloriaga St., Sta. Ana, Manila', 180, 'S', '', 0),
(175, 176, 'Cecilia', '', 'Garcia', 0, '09178446908', 'shepherdsofsuccess@gmail.com', '', 0, '0', '', 0),
(176, 177, 'Ellen', '', 'Cajes', 0, '09434156452', 'secretarygeneral.nfjpia1516@gmail.com', 'Davao City', 0, '0', '', 0),
(177, 178, 'Florence Louise', '', 'Dolleno', 6, '09263657456', 'florencedolleno@ymail.com', '142 R.E. Chico St. Concepcion Baliuag, Bulacan', 181, 'XS', '', 2),
(178, 179, 'Blesslie Anne', '', 'QUIAMBAO', 6, '09152080387', 'baquiambao@gmail.com', 'Sto. Cristo Concepcion,Tarlac', 182, 'XS', '', 2),
(179, 180, 'Anna Rizza', '', 'Aborde', 5, '09353233915', 'anariza.aborde@gmail.com', '#740 St. Martin Subd., Ibayo Marilao Bulacan', 183, 'XXS', '', 0),
(180, 181, 'Christine', '', 'Bontuyan', 5, '09178998623', 'nfjpiar7.vpacademics1516@gmail.com', 'Cebu City', 0, 'S', '', 0),
(181, 182, 'Daryll', '', 'Esguerra', 5, '09265999930', 'esguerradaryll@yahoo.com', 'Brgy. San Roque, Jaen, Nueva Ecija', 0, 'S', '0', 0),
(182, 183, 'HENRI', '', 'CASTILLO', 6, '09054275970', 'samgonzales1107@gmail.com', '100-A BONIFACIO STREET CAMILING TARLAC', 185, 'M', '', 2),
(183, 184, 'Gene Albert', '', 'Alvaro', 7, '09167200856', 'ncrfinance1516@gmail.com', 'Signal Village, Taguig', 186, 'M', '', 0),
(184, 185, 'Lea Mae', '', 'Aloo', 6, '09152329788', 'leaaloo@rocketmail.com', 'Guisad, Baguio City', 187, 'M', '', 0),
(185, 186, 'Lea Mae', '', 'Aloo', 6, '09152329788', 'leaaloo@rocketmail.com', 'Guisad, Baguio City', 188, 'M', '', 2),
(186, 187, 'Jarby Vann', '', 'Capito', 6, '09358590525', 'jarbycapito@yahoo.com', 'Bakakeng, Baguio City', 189, 'M', '', 2),
(187, 188, 'Xander ', '', 'Aquino', 6, '09277921740', 'Aquino.Xander1215@gmail.com', 'Bakakeng, Baguio City', 190, 'M', '', 2),
(188, 189, 'Mary Jane ', '', 'Aquino', 6, '09975166161', 'maryjanebumanglag11@yahoo.com', 'Bakakeng, Baguio City', 191, 'XS', '', 2),
(189, 190, 'France', '', 'Moreno', 6, '09975167133', 'francemoreno22@yahoo.com', 'Balacbac, Baguio City', 192, 'S', '', 2),
(190, 191, 'Celica', '', 'Galicia', 6, '09159230694', 'galiciacelica@gmail.com', 'Bakakeng, Baguio City', 193, 'XXS', '', 2),
(191, 192, 'Elimar ', '', 'Carreon', 6, '09279214039', 'milerrac@gmail.com', 'Rimando Rd., Baguio City', 194, 'M', '', 0),
(192, 193, 'Eduard', '', 'Isaguire', 6, '09972563073', 'eduardisaguirre@yahoo.com', 'Trancoville, Baguio City', 195, 'XL', '', 2),
(193, 194, 'Alyssa Nicole ', '', 'Herezo', 6, '09973867732', 'herezo12@yahoo.com', 'Bakakeng, Baguio City', 196, 'XS', '', 2),
(194, 195, 'Noemi Ruth', '', 'Guzman', 6, '09102335234', 'guzman.nomi16@gmail.com', 'Bakakeng, Baguio City', 197, 'S', '', 0),
(195, 196, 'Danney ', '', 'Fetalco', 6, '09265682986', 'dannilynbf@gmail.com', 'Bakakeng, Baguio City', 198, 'M', '', 2),
(196, 197, 'Charles ', '', 'Mendoza', 6, '09152550945', 'cnmendoza80@gmail.com', 'Bakakeng, Baguio City', 199, 'L', '', 2),
(197, 198, 'Jellie', '', 'Fabricante', 6, '09075306054', 'fabricantejellie@yahoo.com', 'Bakakeng, Baguio City', 200, 'M', '', 2),
(198, 199, 'Jansar', '', 'Apolonio', 6, '09396082345', 'jansarapolonio@yahoo.com', 'La Trinidad, Benguet', 201, 'L', '', 2),
(199, 200, 'Rochelle', '', 'Cipriano', 6, '09069831640', 'rochellecipriano@yahoo.com', 'Bakakeng, Baguio City', 202, 'XS', '', 2),
(200, 201, 'Jedalyn', '', 'Macwes', 6, '09217337474', 'jedalynmacwes@yahoo.com', 'La Trinidad, Benguet', 203, 'S', '', 2),
(201, 202, 'Mary Grace', '', 'Lachica', 6, '09751322085', 'lachicamarygrace@yahoo.com', 'Bakakeng, Baguio City', 204, 'S', '', 2),
(202, 203, 'Laurice', '', 'Calantas', 6, '09079644043', 'Calantas.Laurice@gmail.com', 'Bakakeng, Baguio City', 205, 'S', '', 2),
(203, 204, 'Marc Oliver', '', 'Castañeda', 1, '09175063561', 'ohlyc@yahoo.com', 'Camp 7, Baguio City', 206, 'S', '', 2),
(204, 205, 'Raymark', '', 'Pena', 4, '9058616248', 'raymarkperocillopena@gmail.com', 'Lipa City, Batangas', 207, 'M', '', 2),
(205, 206, 'Conrad Allan ', '', 'Alviz', 7, '09175929491', 'conrad.allan.m.alviz@ph.ey.com', '6760 Makati City', 208, '2XL', '', 2),
(206, 207, 'Jimboy', '', 'Baydo', 7, '09058571928', 'jimboybaydo@gmail.com', 'Rocka Village, Plaridel, BUlacan', 209, 'M', '', 2),
(207, 208, 'Abigail Dorcas', '', 'Yalong', 7, '09159058997', 'abbyyalong@gmail.com', 'Cabanatuan CIty', 210, 'XS', '', 2),
(208, 209, 'Paul Ryan ', '', 'Policarpio', 6, '09155945344', 'paulryanpolicarpio@gmail.com', 'Sta. Maria, Bulacan', 211, 'M', '', 2),
(209, 210, 'Christian', '', 'Manalac', 6, '09056706237', 'christianmanalc@gmail.com', 'San Fernanco, Pampanga', 212, 'XL', '', 2),
(210, 211, 'Esteffany', '', 'Sanchez', 6, '09279497249', 'esteffaysanchez@gmail.com', 'Tarlac City', 213, 'XS', '', 2),
(211, 212, 'Charlote  Gail', '', 'Ventosa', 7, '09179836401', 'nfjpiar3.rvpacademics1516@gmail.com', 'Cabanatuan City', 214, 'M', '', 2),
(212, 213, 'Monsor Adrian', '', 'Monfero', 7, '9175047420', 'monsormonfero@rocketmail.com', 'Batangas', 215, 'M', '', 2),
(213, 214, 'Jenieva ', '', 'Recio', 7, '9264427976', 'jenievarecio@gmail.com', 'Batangas', 217, 'XXS', '', 2),
(214, 215, 'Airalene', '', 'Atienza', 7, '9056865525', 'airaleneatienza@gmail.com', 'Batangas', 218, 'XS', '', 2),
(215, 216, 'Jan Heraldace', '', 'Tubigan', 5, '9263620121', 'janheraldacetubigan@gmail.com', 'Batangas', 219, 'S', '', 2),
(216, 217, 'Chelsea Dianne', '', 'Pineda', 7, '09158548593', 'nfjpia1516.r1carsecgen@gmail.com', 'Bantaoay, San Vicente, Ilocos Sur', 220, 'XXS', '', 2),
(217, 218, 'Mikhee Loreanne', '', 'Maramot', 6, '9277519466', 'mikheemaramot@gmail.com', 'Batangas', 221, 'XS', '', 2),
(218, 219, 'Kenneth Andrew', '', 'Reyes', 6, '9771874320', 'kennethreyes@gmail.com', 'Batangas', 222, 'M', '', 2),
(219, 220, 'Diane Patricia', '', 'Reyes', 6, '9952319363', 'dianereyes@gmail.com', 'Batangas', 223, 'XS', '', 2),
(220, 221, 'Melissa Mei', '', 'Sumilong', 5, '9361831914', 'melissasumilong@gmail.com', 'Batangas', 224, 'S', '', 2),
(221, 222, 'Jaidee Marielle', '', 'Macalalad', 6, '9276890362', 'jaideemacalalad@gmail.com', 'Batangas', 225, 'S', '', 2),
(222, 223, 'Jesi Kiel', '', 'Antonio', 6, '9364150809', 'jesikiel@gmail.com', 'Batangas', 226, 'XS', '', 2),
(223, 224, 'Mattheus Lurenz', '', 'Gomez', 6, '9174204315', 'mattheusgomez@gmail.com', 'Batangas', 227, 'M', '', 2),
(224, 225, 'Elyssah Janne', '', 'Venegas', 6, '9168644296', 'elyssahvenegas@gmail.com', 'Batangas', 228, 'S', '', 2),
(225, 226, 'Ivan Karlo', '', 'Umali', 1, '9154213363', 'ivankarlo@gmail.com', 'Batangas', 229, 'M', '', 2),
(226, 227, 'Ma. Louieza Anne', '', 'Besona', 6, '09185307324', 'louieza.anne@gmail.com', 'Block 2 Lot 6 Bethlehem Villa Carpio, Parian Calamba Laguna', 230, 'XS', '', 2),
(227, 228, 'CEDRIC VAL', '', 'NARANJO', 1, '09331216628', 'cedric.naranjo@gmail.com', 'MAMBALING, CEBU CITY', 231, 'L', '', 2),
(228, 229, 'JOHN KEITH', '', 'MARZO', 4, '09229198437', 'johnkeith.marzo@gmail.com', 'LAPULAPU CITY, CEBU', 232, 'M', '', 2),
(229, 230, 'RICHELLE ZENY', '', 'SINANGOTE', 5, '09325263946', 'richelle_zeny@yahoo.com', 'BASAK PARDO, CEBU CITY', 233, 'XS', '', 2),
(230, 231, 'PIERTA LINDA', '', 'ALBERTO', 5, '09227059644', 'pretti.alberto@gmail.com', 'NAGA CITY, CEBU', 234, 'S', '', 2),
(231, 232, 'JESSELE ANN', '', 'ECHAVEZ', 6, '09225002139', 'jessecha30@gmail.com', 'BARRIO LUZ, CEBU CITY', 235, 'S', '', 2),
(232, 233, 'JOEY RAINE', '', 'JAMERO', 6, '09228630848', 'joeyrainejamero@gmail.com', 'CEBU CITY', 236, '2XL', '', 2),
(233, 234, 'ALYSSES MAE', '', 'MONTON', 6, '09335148749', 'jesaly28@gmail.com', 'ARGAO, CEBU', 237, 'S', '', 2),
(234, 235, 'SAMANTHA DANE', '', 'TORRES', 6, '09224981980', 'samdat_20@yahoo.com', 'TABUNOK, TALISAY CITY, CEBU', 238, 'S', '', 2),
(235, 236, 'THERESA', '', 'UNABIA', 6, '09227738198', 'theresaunabia@usjr.edu.ph', 'MINGLANILLA, CEBU', 239, 'S', '', 2),
(236, 237, 'HAROLD', '', 'PACANA', 6, '09438725676', 'harold_genius96@yahoo.com', 'TISA, CEBU CITY', 240, 'S', '', 2),
(237, 238, 'MARIE CLAIRE', '', 'CORTES', 6, '09258915513', 'clairecortes@gmail.com', 'TALISAY CITY, CEBU', 241, 'S', '', 2),
(238, 239, 'KERWIN', '', 'TABILIRAN', 6, '09333896617', 'tabiliran.kerwin@gmail.com', 'MAMBALING, CEBU CITY', 242, 'S', '', 2),
(239, 240, 'CHARLES ERIC', '', 'REYES', 6, '09233457368', 'maravillasreyes@gmail.com', 'DULJO FATIMA, CEBU CITY', 243, 'XL', '', 2),
(240, 241, 'Mark Napoleon', '', 'David', 6, '09368853954', 'nfjpiar3.academics1516@gmail.com', 'Cabanatuan City', 244, 'M', '', 2),
(241, 242, ' Vhinson Jay', '', 'Garcia', 6, '09759774585', 'nfjpiar3.rvpacademics1516@gmail.com', 'Cabanatuan City', 245, 'L', '', 2),
(242, 243, 'Julienne Blezzy', '', 'Robles', 7, '09278636528', 'nfjpiar3.rvpmembership1516@gmail.com', 'Baliuag, Bulacan', 246, 'S', '', 2),
(243, 244, 'Sherwin John ', '', 'Gragasin', 6, '09353935070', 'nfjpiar3.rvpmembership1516@gmail.com', 'Sta. Ignacia, Tarlac', 247, 'M', '', 2),
(244, 245, 'Hannah Shalom', '', 'Tadena', 6, '0915118045', 'nfjpiar3.rsccc1516@gmail.com', 'Pura, Tarlac', 248, 'L', '', 2),
(245, 246, 'Marijae Darvise', '', 'Catacutan', 6, '09264086752', 'nfjpiar3.rscg@gmail.com', 'Angeles City', 249, 'S', '', 2),
(246, 247, 'Kimberly Rose', '', 'Mallari', 6, '09369468686', 'nfjpiar3.rvpmembership1516@gmail.com', 'Cabanatuan City', 250, 'L', '', 0),
(247, 248, 'Ezra', '', 'Yumul', 6, '09195301961', 'nfjpiar3.rvpmembership1516@gmail.com', 'Angeles City', 251, 'M', '', 2),
(248, 249, 'Christian Kim', '', 'Bondoc', 6, '09278636528', 'nfjpiar3.rvpmembership1516@gmail.com', 'Tarlac City', 252, 'M', '', 2),
(249, 250, 'Jimbo', '', 'Ostan', 6, '09197923862', 'tan.jim23@gmail.com', 'Catarman Northern Samar', 253, 'M', '', 2),
(250, 251, 'Beverlyn', '', 'Yruma', 6, '09174642207', 'bhyblog@gmail.com', 'Catatman Northern Samar', 254, 'M', '', 2),
(251, 252, 'Precious Lindsay', '', 'Yruma', 6, '09757012080', 'ypreciouslindsay@yahoo.com', 'Catarman Northern Samar', 255, 'M', '', 2),
(252, 253, 'REINDEL', '', 'FLORESCA', 6, '09494920177', 'florescareindel@yahoo.com', 'ARIES ST., ARTIAGA DAVAO CITY', 256, 'M', '', 2),
(253, 254, 'Kristel Rose ', '', 'Palma ', 7, '09178998623', 'nfjpiar7.vpacademics1516@gmail.com', 'Mandaue city', 258, 'M', '', 2),
(254, 255, 'Grace', '', 'Dumrigue', 1, '09059655148', 'laymarianne@yahoo.com', 'block 1 lot 11 peerless village tacloban city', 259, 'L', '', 2),
(255, 256, 'Mychaila Grace', '', 'Cacerez', 6, '09265315014', 'myxieh_chaylha@yahoo.com', 'Limbuhan Guti, Tanauan, Leyte', 260, 'XXS', '', 2),
(256, 257, 'Maresol', '', 'Yakit', 6, '09108960590', 'solbaluetayakit002@gmail.com', 'Daclizon St., Guinarona, Dagami Leyte', 261, 'XXS', '', 2),
(257, 258, 'Jessie', '', 'Jimenez', 6, '09178998623', 'nfjpiar7.vpacademics1516@gmail.com', 'Cebu City', 262, 'S', '', 2),
(258, 259, 'Jude Eric ', '', 'Pantinople', 6, '09178998623', 'nfjpiar7.vpacademics1516@gmail.com', 'Cebu City', 263, 'L', '', 2),
(259, 260, 'Ariel', '', 'Desamparado', 6, '09178998623', 'nfjpiar7.vpacademics1516@gmail.com', 'Cebu City', 264, 'S', '', 2),
(260, 261, 'Rebecca', '', 'Alsola', 6, '09178998623', 'nfjpiar7.vpacademics1516@gmail.com', 'Cebu City', 265, 'XXS', '', 2),
(261, 262, 'Vincent', '', 'Hermosilla', 6, '09178998623', 'nfjpiar7.vpacademics1516@gmail.com', 'Cebu City', 266, 'S', '', 2),
(262, 263, 'Ma. Rosalina', '', 'Besario', 1, '09178998623', 'nfjpiar7.vpacademics1516@gmail.com', 'Cebu City', 267, 'XL', '', 2),
(263, 264, 'Christine ', '', 'Bontuyan', 5, '09178998623', 'nfjpiar7.vpacademics1516@gmail.com', 'Cebu City', 268, 'S', '', 2),
(264, 265, 'Ejay ', '', 'Co', 6, '09178998623', 'nfjpiar7.vpacademics1516@gmail.com', 'Cebu City', 269, 'M', '', 2),
(265, 266, 'Susan', '', 'Salomon', 7, '09752478469', 'nrcacademics1516@gmail.com', 'Metro Manila', 270, 'XS', '', 0),
(266, 267, 'Jaymark', '', 'Dimaano', 6, '09752478469', 'name@gmail.com', 'manila', 271, 'M', '', 0),
(267, 268, 'Jason', '', 'Bugatan', 6, '09752478469', 'name@gmail.com', 'Manila', 272, 'M', '', 0),
(268, 269, 'Daniel', '', 'Antonio', 7, '09752478469', 'name@gmail.com', 'Manil', 273, 'S', '', 0),
(269, 270, 'Arjay', '', 'Macatangay', 7, '09752578469', 'name@gmail.com', 'Manil', 274, 'S', '', 0),
(270, 271, 'Rezza Marie', '', 'Muralla', 7, '09752478469', 'name@gmail.com', 'Manila', 275, 'XS', '', 0),
(271, 272, 'Jamaica', '', 'Duron', 6, '09752478469', 'name@gmail.com', 'Manila', 276, 'S', '', 0),
(272, 273, 'Elison Brax', '', 'Ferreras', 6, '09752478469', 'name@gmail.com', 'Manila', 277, 'XS', '', 0),
(273, 274, 'Ralph Lester', '', 'Fermente', 6, '09752478469', 'name@gmail.com', 'manila', 278, 'XS', '', 0),
(274, 275, 'Juniel', '', 'Go', 7, '09752478469', 'name@gmail.com', 'Manila', 279, 'L', '', 0),
(275, 276, 'Jerome Lester', '', 'Tan', 7, '09752478469', 'name@gmail.com', 'manila', 280, 'S', '', 0),
(276, 277, 'Carlo', '', 'Ayo', 7, '09752478469', 'name@gmail.com', 'manila', 281, 'M', '', 0),
(277, 278, 'Maria Flordilisa Inday Flor', '', 'Callueng', 7, '09752478469', 'name@gmail.com', 'Manila', 282, 'L', '', 0),
(278, 279, 'Julius', '', 'Llanera', 7, '09752478469', 'name@gmail.com', 'Manila', 283, 'M', '', 0),
(279, 280, 'JAMES', '', 'mANAGUELOD', 6, '09757191542', 'DANIEL@GMAIL.COM', 'MANILA', 0, 'M', '', 0),
(280, 281, 'JAMES', '', 'mANAGUELOD', 6, '09757191542', 'DANIEL@GMAIL.COM', 'MANILA', 284, 'M', '', 0),
(281, 282, 'RON', '', 'TAMANG', 6, '09757191542', 'DAMNIEL@GMAIL.COM', 'MANILA', 285, 'S', '', 0),
(282, 283, 'LUIGI', '', 'CANANEO', 6, '09757151542', 'DANIEL@GMAIL.COM', 'MANILA', 286, 'XXS', '', 0),
(283, 284, 'KEN JOSHUA', '', 'VALINO', 6, '09757191542', 'DANIEL@GMAIL.COM', 'FAFAF', 287, 'M', '', 0),
(284, 285, 'PHILIP', '', 'FALCON', 6, '09757191542', 'DANI@gMAIL.COM', 'MANILA', 288, 'M', '', 0),
(285, 286, 'WILFRED ', '', 'CAPILI', 6, '09757191542', 'DANIEL@GMAIL.COM', 'MANILA', 289, 'S', '', 0),
(286, 287, 'SELINA', '', 'CASTRO', 6, '09757191542', 'NA@GMAIL.COM', 'MANILA', 290, 'M', '', 0),
(287, 288, 'ELJOE', '', 'VINLUAN', 6, '09757191542', 'MANIEL@GMAIL.COM', 'MANILA', 291, 'M', '', 0),
(288, 289, 'UST', '', 'MARFIL', 6, '09757191542', 'MANILA@GMAIL.COM', 'MANILA', 292, 'S', '', 0),
(289, 290, 'UST', '', 'DIZON', 6, '09757191542', 'MANILA@GMAIL.COM', 'MANILA', 293, 'XXS', '', 0),
(290, 291, 'UST', '', 'M....', 6, '09757191542', 'MNAILA@GMAIL.COM', 'MANILA', 294, 'S', '', 0),
(291, 292, 'MYRA ', '', 'BONTUYAN', 6, '09322944655', 'myra_bontuyan@yahoo.com', 'CEBU CITY', 295, 'XXS', '', 0),
(292, 293, 'April Kate', '', 'Casaclang ', 6, '09322944655', 'nics487@gmail.com', 'cebu city ', 296, 'XXS', '', 0),
(293, 294, 'Hanael', '', 'Colina', 6, '09322944655', 'kathlene.hanael@yahoo.com', 'mandaue', 297, 'XXS', '', 0),
(294, 295, 'Ralph Lester ', '', 'Fermante', 6, '09167200856', 'ncrfinance1516@gmail.com', 'Manila', 298, 'M', '', 0),
(295, 296, 'Ace', '', 'Vargas', 6, '0917200856', 'genealvaro@Gmail.com', 'Manila', 299, 'M', '', 0),
(296, 297, 'Eloizza', '', 'Doma', 6, '09167200856', 'genealvaro@gmail.com', 'Manila', 300, 'M', '', 0),
(297, 298, 'Alodiamyr', '', 'Garcia', 6, '09167200856', 'genealvaro@gmail.com', 'Manila', 301, 'M', '', 0),
(298, 299, 'Joanne', '', 'Paguia', 6, '09167200856', 'genealvaro@gmail.com', 'Manil', 302, 'XS', '', 0),
(299, 300, 'Emily ', '', 'Gatus', 6, '0917200856', 'Genealvaro@gmail.com', 'Manila', 303, 'M', '', 0),
(300, 301, 'King Ervin', '', 'Dela Cruz', 6, '09269152151', 'kingervindelacruz@gmail.com', 'Sampaloc,Manila', 304, 'XXS', '', 0),
(301, 302, 'Sofiya', '', 'Salim', 6, '09273227466', 'sofiyasalim28@yahoo.com', 'MANILA', 305, 'XXS', '', 0);

-- --------------------------------------------------------

--
-- Table structure for table `account_type`
--

CREATE TABLE IF NOT EXISTS `account_type` (
`ID` int(10) unsigned NOT NULL,
  `description` varchar(45) DEFAULT NULL
) ENGINE=InnoDB  DEFAULT CHARSET=utf8 AUTO_INCREMENT=10 ;

--
-- Dumping data for table `account_type`
--

INSERT INTO `account_type` (`ID`, `description`) VALUES
(2, 'Vice President of Finance'),
(3, 'Registration Committee'),
(4, 'Audit Committee'),
(8, 'Hotel Accomodation'),
(9, 'Normal User');

-- --------------------------------------------------------

--
-- Table structure for table `action_log`
--

CREATE TABLE IF NOT EXISTS `action_log` (
`ID` int(11) NOT NULL,
  `account_ID` int(11) NOT NULL,
  `api_controller_ID` int(11) NOT NULL,
  `access_number_ID` int(11) NOT NULL,
  `detail` text NOT NULL,
  `datetime` double NOT NULL
) ENGINE=InnoDB  DEFAULT CHARSET=latin1 AUTO_INCREMENT=186547 ;

--
-- Dumping data for table `action_log`
--

INSERT INTO `action_log` (`ID`, `account_ID`, `api_controller_ID`, `access_number_ID`, `detail`, `datetime`) VALUES
(186354, 280, 1, 2, '[]', 1464880842),
(186355, 280, 1, 2, '[]', 1464880842),
(186356, 280, 1, 2, '[]', 1464880842),
(186357, 280, 9, 2, '{"condition":{"account_type_ID":"9","local_chapter__ID":"","local_chapter_group__ID":"","account_event_participation__event_ID":""},"payment_status":"null","has_payment":"null"}', 1464880843),
(186358, 280, 9, 2, '{"condition":{"account__account_type_ID":"9"},"has_payment":"true"}', 1464880843),
(186359, 280, 9, 2, '{"has_payment_accumulation":"true","condition":{"not__account__account_type_ID":"9"}}', 1464880849),
(186360, 280, 9, 2, '{"condition":{"account__account_type_ID":"9"},"has_payment":"true"}', 1464881043),
(186361, 280, 9, 2, '{"has_payment_accumulation":"true","condition":{"not__account__account_type_ID":"9"}}', 1464881113),
(186362, 280, 9, 2, '{"has_payment_accumulation":"true","condition":{"not__account__account_type_ID":"9"}}', 1464881229),
(186363, 280, 9, 2, '{"condition":{"account__account_type_ID":"9"},"has_payment":"true"}', 1464881243),
(186364, 280, 9, 2, '{"condition":{"account__account_type_ID":"9"},"has_payment":"true"}', 1464881443),
(186365, 280, 9, 2, '{"condition":{"account__account_type_ID":"9"},"has_payment":"true"}', 1464881643),
(186366, 280, 9, 2, '{"ID":"35","with_event_participation":"true"}', 1464881781),
(186367, 280, 1, 1, '317', 1464881788),
(186368, 280, 9, 2, '{"condition":{"account__account_type_ID":"9"},"has_payment":"true"}', 1464881843),
(186369, 280, 9, 2, '{"condition":{"account__account_type_ID":"9"},"has_payment":"true"}', 1464882043),
(186370, 280, 9, 2, '{"condition":{"account__account_type_ID":"9"},"has_payment":"true"}', 1464882243),
(186371, 280, 9, 2, '{"condition":{"account__account_type_ID":"9"},"has_payment":"true"}', 1464882443),
(186372, 280, 1, 1, '318', 1464882461),
(186373, 280, 9, 2, '{"condition":{"account__account_type_ID":"9"},"has_payment":"true"}', 1464882643),
(186374, 280, 1, 2, '[]', 1464882756),
(186375, 280, 1, 2, '[]', 1464882757),
(186376, 280, 1, 2, '[]', 1464882757),
(186377, 280, 9, 2, '{"condition":{"account__account_type_ID":"9"},"has_payment":"true"}', 1464882757),
(186378, 280, 9, 2, '{"condition":{"account_type_ID":"9","local_chapter__ID":"","local_chapter_group__ID":"","account_event_participation__event_ID":""},"payment_status":"null","has_payment":"null"}', 1464882758),
(186379, 280, 9, 2, '{"condition":{"account__account_type_ID":"9"},"has_payment":"true"}', 1464882957),
(186380, 280, 1, 2, '[]', 1464882991),
(186381, 280, 1, 2, '[]', 1464882991),
(186382, 280, 1, 2, '[]', 1464882991),
(186383, 280, 9, 2, '{"condition":{"account_type_ID":"9","local_chapter__ID":"","local_chapter_group__ID":"","account_event_participation__event_ID":""},"payment_status":"null","has_payment":"null"}', 1464882992),
(186384, 280, 9, 2, '{"condition":{"account__account_type_ID":"9"},"has_payment":"true"}', 1464882993),
(186385, 280, 1, 2, '[]', 1464883155),
(186386, 280, 1, 2, '[]', 1464883155),
(186387, 280, 1, 2, '[]', 1464883155),
(186388, 280, 9, 2, '{"condition":{"account_type_ID":"9","local_chapter__ID":"","local_chapter_group__ID":"","account_event_participation__event_ID":""},"payment_status":"null","has_payment":"null"}', 1464883155),
(186389, 280, 9, 2, '{"condition":{"account__account_type_ID":"9"},"has_payment":"true"}', 1464883156),
(186390, 280, 9, 2, '{"has_payment_accumulation":"true","condition":{"not__account__account_type_ID":"9"}}', 1464883161),
(186391, 280, 9, 2, '{"has_payment_accumulation":"true","condition":{"not__account__account_type_ID":"9"}}', 1464883326),
(186392, 280, 9, 2, '{"has_payment_accumulation":"true","condition":{"not__account__account_type_ID":"9"}}', 1464883336),
(186393, 280, 9, 2, '{"condition":{"account__account_type_ID":"9"},"has_payment":"true"}', 1464883356),
(186394, 280, 9, 2, '{"has_payment_accumulation":"true","condition":{"not__account__account_type_ID":"9"}}', 1464883442),
(186395, 280, 9, 2, '{"ID":"1","with_event_participation":"true"}', 1464883447),
(186396, 280, 9, 2, '{"ID":"181","with_event_participation":"true"}', 1464883454),
(186397, 280, 9, 2, '{"ID":"182","with_event_participation":"true"}', 1464883460),
(186398, 280, 9, 2, '{"ID":"280","with_event_participation":"true"}', 1464883465),
(186399, 280, 9, 2, '{"condition":{"account__account_type_ID":"9"},"has_payment":"true"}', 1464883556),
(186400, 280, 9, 2, '{"condition":{"account__account_type_ID":"9"},"has_payment":"true"}', 1464883756),
(186401, 280, 9, 2, '{"has_payment_accumulation":"true","condition":{"not__account__account_type_ID":"9"}}', 1464883810),
(186402, 280, 9, 2, '{"ID":"181","with_event_participation":"true"}', 1464883826),
(186403, 280, 9, 2, '{"ID":"182","with_event_participation":"true"}', 1464883831),
(186404, 280, 9, 2, '{"ID":"280","with_event_participation":"true"}', 1464883840),
(186405, 280, 9, 2, '{"ID":"280","with_event_participation":"true"}', 1464883920),
(186406, 280, 9, 2, '{"ID":"280","with_event_participation":"true"}', 1464883923),
(186407, 280, 9, 2, '{"condition":{"account__account_type_ID":"9"},"has_payment":"true"}', 1464883956),
(186408, 280, 9, 2, '{"condition":{"account__account_type_ID":"9"},"has_payment":"true"}', 1464884156),
(186409, 280, 9, 2, '{"condition":{"account__account_type_ID":"9"},"has_payment":"true"}', 1464884356),
(186410, 280, 9, 2, '{"condition":{"account__account_type_ID":"9"},"has_payment":"true"}', 1464884555),
(186411, 280, 9, 2, '{"condition":{"account__account_type_ID":"9"},"has_payment":"true"}', 1464884755),
(186412, 280, 1, 2, '[]', 1464884828),
(186413, 280, 1, 2, '[]', 1464884828),
(186414, 280, 1, 2, '[]', 1464884828),
(186415, 280, 9, 2, '{"condition":{"account_type_ID":"9","local_chapter__ID":"","local_chapter_group__ID":"","account_event_participation__event_ID":""},"payment_status":"null","has_payment":"null"}', 1464884829),
(186416, 280, 9, 2, '{"condition":{"account__account_type_ID":"9"},"has_payment":"true"}', 1464884830),
(186417, 280, 9, 2, '{"condition":{"account_type_ID":"9","local_chapter__ID":"","local_chapter_group__ID":"","account_event_participation__event_ID":"1"},"payment_status":"null","has_payment":"null"}', 1464884833),
(186418, 280, 9, 2, '{"condition":{"account_type_ID":"9","local_chapter__ID":"","local_chapter_group__ID":"","account_event_participation__event_ID":""},"payment_status":"null","has_payment":"null"}', 1464884841),
(186419, 280, 1, 2, '[]', 1464884979),
(186420, 280, 1, 2, '[]', 1464884979),
(186421, 280, 1, 2, '[]', 1464884979),
(186422, 280, 9, 2, '{"condition":{"account_type_ID":"9","local_chapter__ID":"","local_chapter_group__ID":"","account_event_participation__event_ID":""},"payment_status":"null","has_payment":"null"}', 1464884980),
(186423, 280, 9, 2, '{"condition":{"account__account_type_ID":"9"},"has_payment":"true"}', 1464884981),
(186424, 280, 9, 2, '{"condition":{"account_type_ID":"9","local_chapter__ID":"","local_chapter_group__ID":"","account_event_participation__event_ID":"1"},"payment_status":"null","has_payment":"null"}', 1464884984),
(186425, 280, 9, 2, '{"condition":{"account__account_type_ID":"9"},"has_payment":"true"}', 1464885180),
(186426, 280, 1, 2, '[]', 1464885369),
(186427, 280, 1, 2, '[]', 1464885369),
(186428, 280, 1, 2, '[]', 1464885369),
(186429, 280, 9, 2, '{"condition":{"account_type_ID":"9","local_chapter__ID":"","local_chapter_group__ID":"","account_event_participation__event_ID":""},"payment_status":"null","has_payment":"null"}', 1464885370),
(186430, 280, 9, 2, '{"condition":{"account__account_type_ID":"9"},"has_payment":"true"}', 1464885371),
(186431, 280, 1, 2, '[]', 1464885383),
(186432, 280, 1, 2, '[]', 1464885383),
(186433, 280, 1, 2, '[]', 1464885383),
(186434, 280, 9, 2, '{"condition":{"account_type_ID":"9","local_chapter__ID":"","local_chapter_group__ID":"","account_event_participation__event_ID":""},"payment_status":"null","has_payment":"null"}', 1464885384),
(186435, 280, 9, 2, '{"condition":{"account__account_type_ID":"9"},"has_payment":"true"}', 1464885385),
(186436, 280, 1, 2, '[]', 1464885501),
(186437, 280, 1, 2, '[]', 1464885501),
(186438, 280, 1, 2, '[]', 1464885501),
(186439, 280, 9, 2, '{"condition":{"account_type_ID":"9","local_chapter__ID":"","local_chapter_group__ID":"","account_event_participation__event_ID":""},"payment_status":"null","has_payment":"null"}', 1464885502),
(186440, 280, 9, 2, '{"condition":{"account__account_type_ID":"9"},"has_payment":"true"}', 1464885502),
(186441, 280, 1, 2, '[]', 1464885522),
(186442, 280, 1, 2, '[]', 1464885522),
(186443, 280, 1, 2, '[]', 1464885522),
(186444, 280, 9, 2, '{"condition":{"account_type_ID":"9","local_chapter__ID":"","local_chapter_group__ID":"","account_event_participation__event_ID":""},"payment_status":"null","has_payment":"null"}', 1464885522),
(186445, 280, 9, 2, '{"condition":{"account__account_type_ID":"9"},"has_payment":"true"}', 1464885523),
(186446, 280, 9, 2, '{"ID":"54","with_event_participation":"true"}', 1464885527),
(186447, 280, 1, 2, '[]', 1464885616),
(186448, 280, 1, 2, '[]', 1464885616),
(186449, 280, 1, 2, '[]', 1464885616),
(186450, 280, 9, 2, '{"condition":{"account_type_ID":"9","local_chapter__ID":"","local_chapter_group__ID":"","account_event_participation__event_ID":""},"payment_status":"null","has_payment":"null"}', 1464885617),
(186451, 280, 9, 2, '{"condition":{"account__account_type_ID":"9"},"has_payment":"true"}', 1464885617),
(186452, 280, 1, 2, '[]', 1464885642),
(186453, 280, 1, 2, '[]', 1464885642),
(186454, 280, 1, 2, '[]', 1464885642),
(186455, 280, 9, 2, '{"condition":{"account__account_type_ID":"9"},"has_payment":"true"}', 1464885642),
(186456, 280, 9, 2, '{"condition":{"account_type_ID":"9","local_chapter__ID":"","local_chapter_group__ID":"","account_event_participation__event_ID":""},"payment_status":"null","has_payment":"null"}', 1464885643),
(186457, 280, 1, 2, '[]', 1464885790),
(186458, 280, 1, 2, '[]', 1464885790),
(186459, 280, 1, 2, '[]', 1464885790),
(186460, 280, 9, 2, '{"condition":{"account_type_ID":"9","local_chapter__ID":"","local_chapter_group__ID":"","account_event_participation__event_ID":""},"payment_status":"null","has_payment":"null"}', 1464885791),
(186461, 280, 9, 2, '{"condition":{"account__account_type_ID":"9"},"has_payment":"true"}', 1464885792),
(186462, 280, 1, 2, '[]', 1464885809),
(186463, 280, 1, 2, '[]', 1464885809),
(186464, 280, 1, 2, '[]', 1464885809),
(186465, 280, 9, 2, '{"condition":{"account_type_ID":"9","local_chapter__ID":"","local_chapter_group__ID":"","account_event_participation__event_ID":""},"payment_status":"null","has_payment":"null"}', 1464885810),
(186466, 280, 9, 2, '{"condition":{"account__account_type_ID":"9"},"has_payment":"true"}', 1464885812),
(186467, 280, 1, 2, '[]', 1464885916),
(186468, 280, 1, 2, '[]', 1464885916),
(186469, 280, 1, 2, '[]', 1464885916),
(186470, 280, 9, 2, '{"condition":{"account_type_ID":"9","local_chapter__ID":"","local_chapter_group__ID":"","account_event_participation__event_ID":""},"payment_status":"null","has_payment":"null"}', 1464885917),
(186471, 280, 9, 2, '{"condition":{"account__account_type_ID":"9"},"has_payment":"true"}', 1464885917),
(186472, 280, 1, 2, '[]', 1464885956),
(186473, 280, 1, 2, '[]', 1464885956),
(186474, 280, 1, 2, '[]', 1464885956),
(186475, 280, 9, 2, '{"condition":{"account_type_ID":"9","local_chapter__ID":"","local_chapter_group__ID":"","account_event_participation__event_ID":""},"payment_status":"null","has_payment":"null"}', 1464885957),
(186476, 280, 9, 2, '{"condition":{"account__account_type_ID":"9"},"has_payment":"true"}', 1464885958),
(186477, 280, 1, 2, '[]', 1464886057),
(186478, 280, 1, 2, '[]', 1464886057),
(186479, 280, 1, 2, '[]', 1464886057),
(186480, 280, 9, 2, '{"condition":{"account__account_type_ID":"9"},"has_payment":"true"}', 1464886058),
(186481, 280, 9, 2, '{"condition":{"account_type_ID":"9","local_chapter__ID":"","local_chapter_group__ID":"","account_event_participation__event_ID":""},"payment_status":"null","has_payment":"null"}', 1464886058),
(186482, 280, 1, 2, '[]', 1464886125),
(186483, 280, 1, 2, '[]', 1464886125),
(186484, 280, 1, 2, '[]', 1464886125),
(186485, 280, 9, 2, '{"condition":{"account_type_ID":"9","local_chapter__ID":"","local_chapter_group__ID":"","account_event_participation__event_ID":""},"payment_status":"null","has_payment":"null"}', 1464886126),
(186486, 280, 9, 2, '{"condition":{"account__account_type_ID":"9"},"has_payment":"true"}', 1464886127),
(186487, 280, 1, 2, '[]', 1464886177),
(186488, 280, 1, 2, '[]', 1464886178),
(186489, 280, 1, 2, '[]', 1464886178),
(186490, 280, 9, 2, '{"condition":{"account_type_ID":"9","local_chapter__ID":"","local_chapter_group__ID":"","account_event_participation__event_ID":""},"payment_status":"null","has_payment":"null"}', 1464886178),
(186491, 280, 9, 2, '{"condition":{"account__account_type_ID":"9"},"has_payment":"true"}', 1464886179),
(186492, 280, 9, 2, '{"condition":{"account_type_ID":"9","local_chapter__ID":"","local_chapter_group__ID":"","account_event_participation__event_ID":"1"},"payment_status":"null","has_payment":"null"}', 1464886181),
(186493, 280, 1, 2, '[]', 1464886196),
(186494, 280, 1, 2, '[]', 1464886196),
(186495, 280, 1, 2, '[]', 1464886196),
(186496, 280, 9, 2, '{"condition":{"account_type_ID":"9","local_chapter__ID":"","local_chapter_group__ID":"","account_event_participation__event_ID":""},"payment_status":"null","has_payment":"null"}', 1464886196),
(186497, 280, 9, 2, '{"condition":{"account__account_type_ID":"9"},"has_payment":"true"}', 1464886197),
(186498, 280, 9, 2, '{"condition":{"account_type_ID":"9","local_chapter__ID":"","local_chapter_group__ID":"","account_event_participation__event_ID":"1"},"payment_status":"null","has_payment":"null"}', 1464886199),
(186499, 280, 1, 2, '[]', 1464886249),
(186500, 280, 1, 2, '[]', 1464886249),
(186501, 280, 1, 2, '[]', 1464886249),
(186502, 280, 9, 2, '{"condition":{"account_type_ID":"9","local_chapter__ID":"","local_chapter_group__ID":"","account_event_participation__event_ID":""},"payment_status":"null","has_payment":"null"}', 1464886249),
(186503, 280, 9, 2, '{"condition":{"account__account_type_ID":"9"},"has_payment":"true"}', 1464886250),
(186504, 280, 9, 2, '{"condition":{"account_type_ID":"9","local_chapter__ID":"","local_chapter_group__ID":"","account_event_participation__event_ID":"1"},"payment_status":"null","has_payment":"null"}', 1464886259),
(186505, 280, 9, 2, '{"condition":{"account__account_type_ID":"9"},"has_payment":"true"}', 1464886449),
(186506, 0, 1, 2, '[]', 1464932541),
(186507, 0, 1, 2, '[]', 1464932542),
(186508, 97, 1, 2, '[]', 1464933796),
(186509, 97, 1, 2, '[]', 1464933796),
(186510, 97, 9, 2, '{"condition":{"account__account_type_ID":"9"},"has_payment":"true"}', 1464933797),
(186511, 97, 9, 2, '{"condition":{"account_type_ID":"9","local_chapter__ID":"","local_chapter_group__ID":"","account_event_participation__event_ID":""},"payment_status":"null","has_payment":"null"}', 1464933797),
(186512, 97, 1, 2, '[]', 1464933797),
(186513, 97, 1, 2, '[]', 1464933864),
(186514, 97, 1, 2, '[]', 1464933864),
(186515, 97, 1, 2, '[]', 1464933864),
(186516, 97, 9, 2, '{"condition":{"account_type_ID":"9","local_chapter__ID":"","local_chapter_group__ID":"","account_event_participation__event_ID":""},"payment_status":"null","has_payment":"null"}', 1464933865),
(186517, 97, 9, 2, '{"condition":{"account__account_type_ID":"9"},"has_payment":"true"}', 1464933865),
(186518, 97, 9, 2, '{"condition":{"account_type_ID":"9","local_chapter__ID":"","local_chapter_group__ID":"","account_event_participation__event_ID":"1"},"payment_status":"null","has_payment":"null"}', 1464933870),
(186519, 97, 9, 2, '{"condition":{"account_type_ID":"9","local_chapter__ID":"","local_chapter_group__ID":"","account_event_participation__event_ID":"2"},"payment_status":"null","has_payment":"null"}', 1464933878),
(186520, 97, 9, 2, '{"condition":{"account_type_ID":"9","local_chapter__ID":"","local_chapter_group__ID":"","account_event_participation__event_ID":"2"},"payment_status":"null","has_payment":"null"}', 1464933882),
(186521, 97, 9, 2, '{"condition":{"account_type_ID":"9","local_chapter__ID":"","local_chapter_group__ID":"","account_event_participation__event_ID":"3"},"payment_status":"null","has_payment":"null"}', 1464933885),
(186522, 97, 9, 2, '{"condition":{"account_type_ID":"9","local_chapter__ID":"","local_chapter_group__ID":"","account_event_participation__event_ID":"4"},"payment_status":"null","has_payment":"null"}', 1464933892),
(186523, 97, 9, 2, '{"condition":{"account_type_ID":"9","local_chapter__ID":"","local_chapter_group__ID":"","account_event_participation__event_ID":"5"},"payment_status":"null","has_payment":"null"}', 1464933897),
(186524, 97, 9, 2, '{"condition":{"account_type_ID":"9","local_chapter__ID":"","local_chapter_group__ID":"","account_event_participation__event_ID":"6"},"payment_status":"null","has_payment":"null"}', 1464933901),
(186525, 97, 9, 2, '{"condition":{"account_type_ID":"9","local_chapter__ID":"","local_chapter_group__ID":"","account_event_participation__event_ID":"7"},"payment_status":"null","has_payment":"null"}', 1464933907),
(186526, 97, 9, 2, '{"condition":{"account_type_ID":"9","local_chapter__ID":"","local_chapter_group__ID":"","account_event_participation__event_ID":"8"},"payment_status":"null","has_payment":"null"}', 1464933911),
(186527, 97, 9, 2, '{"condition":{"account_type_ID":"9","local_chapter__ID":"","local_chapter_group__ID":"","account_event_participation__event_ID":"9"},"payment_status":"null","has_payment":"null"}', 1464933916),
(186528, 97, 9, 2, '{"condition":{"account_type_ID":"9","local_chapter__ID":"","local_chapter_group__ID":"","account_event_participation__event_ID":"10"},"payment_status":"null","has_payment":"null"}', 1464933920),
(186529, 97, 9, 2, '{"condition":{"account_type_ID":"9","local_chapter__ID":"","local_chapter_group__ID":"","account_event_participation__event_ID":"11"},"payment_status":"null","has_payment":"null"}', 1464933925),
(186530, 97, 9, 2, '{"condition":{"account_type_ID":"9","local_chapter__ID":"","local_chapter_group__ID":"","account_event_participation__event_ID":"12"},"payment_status":"null","has_payment":"null"}', 1464933929),
(186531, 97, 9, 2, '{"condition":{"account_type_ID":"9","local_chapter__ID":"","local_chapter_group__ID":"","account_event_participation__event_ID":"13"},"payment_status":"null","has_payment":"null"}', 1464933934),
(186532, 97, 9, 2, '{"condition":{"account_type_ID":"9","local_chapter__ID":"","local_chapter_group__ID":"","account_event_participation__event_ID":"14"},"payment_status":"null","has_payment":"null"}', 1464933939),
(186533, 97, 9, 2, '{"condition":{"account_type_ID":"9","local_chapter__ID":"","local_chapter_group__ID":"","account_event_participation__event_ID":"15"},"payment_status":"null","has_payment":"null"}', 1464933944),
(186534, 97, 9, 2, '{"condition":{"account_type_ID":"9","local_chapter__ID":"","local_chapter_group__ID":"","account_event_participation__event_ID":""},"payment_status":"null","has_payment":"null"}', 1464933993),
(186535, 97, 9, 2, '{"condition":{"account__account_type_ID":"9"},"has_payment":"true"}', 1464934065),
(186536, 97, 9, 2, '{"condition":{"account__account_type_ID":"9"},"has_payment":"true"}', 1464934265),
(186537, 97, 9, 2, '{"condition":{"account__account_type_ID":"9"},"has_payment":"true"}', 1464934465),
(186538, 97, 9, 2, '{"condition":{"account__account_type_ID":"9"},"has_payment":"true"}', 1464934665),
(186539, 97, 9, 2, '{"condition":{"account__account_type_ID":"9"},"has_payment":"true"}', 1464934865),
(186540, 97, 9, 2, '{"condition":{"account__account_type_ID":"9"},"has_payment":"true"}', 1464935065),
(186541, 97, 9, 2, '{"condition":{"account__account_type_ID":"9"},"has_payment":"true"}', 1464935265),
(186542, 97, 9, 2, '{"condition":{"account__account_type_ID":"9"},"has_payment":"true"}', 1464935465),
(186543, 97, 9, 2, '{"condition":{"account__account_type_ID":"9"},"has_payment":"true"}', 1464935665),
(186544, 97, 9, 2, '{"condition":{"account__account_type_ID":"9"},"has_payment":"true"}', 1464935865),
(186545, 97, 9, 2, '{"condition":{"account__account_type_ID":"9"},"has_payment":"true"}', 1464936065),
(186546, 97, 9, 2, '{"condition":{"account__account_type_ID":"9"},"has_payment":"true"}', 1464936265);

-- --------------------------------------------------------

--
-- Table structure for table `api_controller`
--

CREATE TABLE IF NOT EXISTS `api_controller` (
`ID` int(11) NOT NULL,
  `description` varchar(100) NOT NULL
) ENGINE=InnoDB DEFAULT CHARSET=latin1 AUTO_INCREMENT=1 ;

-- --------------------------------------------------------

--
-- Table structure for table `file_uploaded`
--

CREATE TABLE IF NOT EXISTS `file_uploaded` (
`ID` int(11) NOT NULL,
  `type` varchar(20) NOT NULL,
  `name` varchar(100) NOT NULL,
  `path` text NOT NULL,
  `size` double NOT NULL,
  `datetime` double NOT NULL
) ENGINE=InnoDB  DEFAULT CHARSET=latin1 AUTO_INCREMENT=306 ;

--
-- Dumping data for table `file_uploaded`
--

INSERT INTO `file_uploaded` (`ID`, `type`, `name`, `path`, `size`, `datetime`) VALUES
(1, 'png', '58f5c6c57f73c8475bf0e072d8bb3cb5.png', '/home2/initiati/public_html/johnenrick/ncjpia/assets/images/identification_card/', 7.65, 1461597277),
(2, 'png', '579c667ce3a3c0030e0e0f1a797a117a.png', '/home2/initiati/public_html/johnenrick/ncjpia/assets/images/identification_card/', 7.65, 1461597279),
(3, 'png', 'df824861526f97ff5640c1a878cfb998.png', '/home2/initiati/public_html/johnenrick/ncjpia/assets/images/identification_card/', 7.65, 1461597281),
(4, 'png', '5ca424bf38a2cdde27c9d75189aa334b.png', '/home2/initiati/public_html/johnenrick/ncjpia/assets/images/identification_card/', 7.65, 1461597286),
(5, 'png', 'e86cf45ef86ef19fe47749240200d45c.png', '/home2/initiati/public_html/johnenrick/ncjpia/assets/images/identification_card/', 7.65, 1461597286),
(6, 'png', 'b1d145bd27c0b16b0acb9d333bb6f909.png', '/home2/initiati/public_html/johnenrick/ncjpia/assets/images/identification_card/', 7.65, 1461597288),
(7, 'png', 'e5303a788e7501d1997896de5d209210.png', '/home2/initiati/public_html/johnenrick/ncjpia/assets/images/identification_card/', 7.65, 1461597289),
(8, 'png', '7761b071c506aa951274505524d114fa.png', '/home2/initiati/public_html/johnenrick/ncjpia/assets/images/identification_card/', 7.65, 1461597290),
(9, 'png', 'c46bf08e086a4c313f88d1f6ffdabeec.png', '/home2/initiati/public_html/johnenrick/ncjpia/assets/images/identification_card/', 7.65, 1461597290),
(10, 'png', '8f032118ebac3d9cd69c35bd834dfabc.png', '/home2/initiati/public_html/johnenrick/ncjpia/assets/images/identification_card/', 7.65, 1461597292),
(11, 'jpeg', '213604ff00a3ac836a7c20be1bc68fc3.jpg', '/home2/initiati/public_html/johnenrick/ncjpia/assets/images/identification_card/', 1243.58, 1461601961),
(12, 'jpeg', '814d63451cf2858ca2c2dcf096ddc955.jpg', '/home2/initiati/public_html/johnenrick/ncjpia/assets/images/identification_card/', 118.38, 1461619987),
(13, 'jpeg', '6ae8ee674949bd1e18ac3821f093c477.jpg', '/home2/initiati/public_html/johnenrick/ncjpia/assets/images/identification_card/', 1877.94, 1461669710),
(14, 'jpeg', 'a1b4ff175050a7968c8c42cb5895307f.jpg', '/home2/initiati/public_html/johnenrick/ncjpia/assets/images/identification_card/', 46.28, 1461671184),
(15, 'jpeg', '633095fb9f4bd97432f8e9ccbaceae7f.jpg', '/home2/initiati/public_html/johnenrick/ncjpia/assets/images/identification_card/', 1886.5, 1461671469),
(16, 'png', '82b641e53059e415d744fe0d47e25606.png', '/home2/initiati/public_html/johnenrick/ncjpia/assets/images/identification_card/', 703.36, 1461673348),
(17, 'jpeg', 'f990d109745a823c45648b2da993780e.jpg', '/home2/initiati/public_html/johnenrick/ncjpia/assets/images/identification_card/', 146, 1461673348),
(18, 'jpeg', '9f3e325195477046e200910c7cfff28e.jpg', '/home2/initiati/public_html/johnenrick/ncjpia/assets/images/identification_card/', 71.56, 1461673348),
(19, 'jpeg', '7eaedb72f209dda7ae8975a64ab0bbbe.jpg', '/home2/initiati/public_html/johnenrick/ncjpia/assets/images/identification_card/', 125.05, 1461726297),
(20, 'jpeg', '6f0c9e7d3c220da352a7a4c1d230ebe7.jpg', '/home2/initiati/public_html/johnenrick/ncjpia/assets/images/identification_card/', 65.78, 1461729578),
(21, 'jpeg', '57601f415ff616d203a9c5946f63b166.jpg', '/home2/initiati/public_html/johnenrick/ncjpia/assets/images/identification_card/', 17.1, 1461729578),
(22, 'jpeg', '2819dd8d0d3e20fdb65d525b70f589e6.jpg', '/home2/initiati/public_html/johnenrick/ncjpia/assets/images/identification_card/', 70.76, 1461729578),
(23, 'jpeg', 'fbdba01b91c6ca0c1c50bef129455cd6.jpg', '/home2/initiati/public_html/johnenrick/ncjpia/assets/images/identification_card/', 315.05, 1461729578),
(24, 'png', '2086407e7b44726e14df1378e170087a.png', '/home2/initiati/public_html/johnenrick/ncjpia/assets/images/identification_card/', 336.78, 1461729578),
(25, 'jpeg', '7d6a473179089b4ca6813efe664880b3.jpg', '/home2/initiati/public_html/johnenrick/ncjpia/assets/images/identification_card/', 170.09, 1461729578),
(26, 'jpeg', 'c1e0c7981cca001376251d56c75a0219.jpg', '/home2/initiati/public_html/johnenrick/ncjpia/assets/images/identification_card/', 170.09, 1461729578),
(27, 'jpeg', '0a71e582ba006dd541eb721ffabda8bd.jpg', '/home2/initiati/public_html/johnenrick/ncjpia/assets/images/identification_card/', 170.09, 1461729578),
(28, 'jpeg', '85f6bf702c242d4dfdb4e9cf910ac80b.jpg', '/home2/initiati/public_html/johnenrick/ncjpia/assets/images/identification_card/', 170.09, 1461729578),
(29, 'jpeg', '03dd0354d78587effa0926154145b001.jpg', '/home2/initiati/public_html/johnenrick/ncjpia/assets/images/identification_card/', 82.49, 1461755271),
(30, 'jpeg', '9bc67ce1f4148dc1cda3d6386068c500.jpg', '/home2/initiati/public_html/johnenrick/ncjpia/assets/images/identification_card/', 28.63, 1461755271),
(31, 'jpeg', '6a8785af6144a87ba37aab4c05370a29.jpg', '/home2/initiati/public_html/johnenrick/ncjpia/assets/images/identification_card/', 138, 1461815491),
(32, 'jpeg', 'c5b97844f7c3185084c8230b23c4e8f7.jpg', '/home2/initiati/public_html/johnenrick/ncjpia/assets/images/identification_card/', 132.83, 1461815491),
(33, 'jpeg', 'efce98ee2744f762ab82e0dada83fba5.jpg', '/home2/initiati/public_html/johnenrick/ncjpia/assets/images/identification_card/', 101.11, 1461815491),
(34, 'jpeg', 'cf84d634b00f108579f89678726811cd.jpg', '/home2/initiati/public_html/johnenrick/ncjpia/assets/images/payment_receipt/', 1210.45, 1461815654),
(35, 'jpeg', 'a31738a9d2b17af320b09e2a338ca14a.jpg', '/home2/initiati/public_html/johnenrick/ncjpia/assets/images/identification_card/', 200.44, 1461833687),
(36, 'jpeg', '29633ef912ba89baa0fb6980133f65da.jpg', '/home2/initiati/public_html/johnenrick/ncjpia/assets/images/identification_card/', 154.59, 1461835799),
(37, 'jpeg', '78405a91482ee1a454c46e0f69a55af6.jpg', '/home2/initiati/public_html/johnenrick/ncjpia/assets/images/identification_card/', 154.59, 1461835799),
(38, 'jpeg', '2a97340efa8f2f55fe0bea5f95871447.jpg', '/home2/initiati/public_html/johnenrick/ncjpia/assets/images/identification_card/', 154.59, 1461835799),
(39, 'jpeg', '47b93477d2f56de0ff0c2e40f4cade25.jpg', '/home2/initiati/public_html/johnenrick/ncjpia/assets/images/identification_card/', 154.59, 1461835799),
(40, 'jpeg', '9326057bd5641de285235c92f3b470d4.jpg', '/home2/initiati/public_html/johnenrick/ncjpia/assets/images/identification_card/', 154.59, 1461835799),
(41, 'jpeg', 'f19429766282d434ed31758b7929419d.jpg', '/home2/initiati/public_html/johnenrick/ncjpia/assets/images/identification_card/', 154.59, 1461835799),
(42, 'jpeg', '58164a03f0d6cba91c77062c252b4493.jpg', '/home2/initiati/public_html/johnenrick/ncjpia/assets/images/identification_card/', 532.76, 1461847214),
(43, 'jpeg', '85088088c5241ffccf22c33137b59b39.jpg', '/home2/initiati/public_html/johnenrick/ncjpia/assets/images/identification_card/', 485.55, 1461847214),
(44, 'jpeg', '6369ae6987720397cca6dd97a5dc2180.jpg', '/home2/initiati/public_html/johnenrick/ncjpia/assets/images/identification_card/', 245.07, 1461847214),
(45, 'jpeg', '0c98b769e0b34f1c2b64aedc355b0292.jpg', '/home2/initiati/public_html/johnenrick/ncjpia/assets/images/identification_card/', 592.98, 1461847214),
(46, 'jpeg', '03062902b5022873d31a12337ded2757.jpg', '/home2/initiati/public_html/johnenrick/ncjpia/assets/images/identification_card/', 224.42, 1461847214),
(47, 'jpeg', 'fc932ac9bc299fe9ac6ab25d3d749fa6.jpg', '/home2/initiati/public_html/johnenrick/ncjpia/assets/images/payment_receipt/', 1210.45, 1461847559),
(48, 'jpeg', 'd7d04b8de85a7fd31ebb181648d96948.jpg', '/home2/initiati/public_html/johnenrick/ncjpia/assets/images/payment_receipt/', 503.71, 1461848077),
(49, 'jpeg', '22e247ff08d6b0fbc5bf79a1dd7d412c.jpg', '/home2/initiati/public_html/johnenrick/ncjpia/assets/images/identification_card/', 64.92, 1461848114),
(50, 'jpeg', '008ff07f5dbadf234c8add2298461029.jpg', '/home2/initiati/public_html/johnenrick/ncjpia/assets/images/identification_card/', 63.18, 1461848114),
(51, 'jpeg', '72ae4a3ed0163793cf1211a1a8157ef9.jpg', '/home2/initiati/public_html/johnenrick/ncjpia/assets/images/identification_card/', 193.66, 1461848114),
(52, 'jpeg', '43e6099393328b52d77efcf4fc81b570.jpg', '/home2/initiati/public_html/johnenrick/ncjpia/assets/images/identification_card/', 61.9, 1461848114),
(53, 'jpeg', '49df696aa181a14483b9d2fb2ff5d28e.jpg', '/home2/initiati/public_html/johnenrick/ncjpia/assets/images/identification_card/', 201.35, 1461848114),
(54, '', '13115402_1577673755896047_1693570956_n.png', '/home2/initiati/public_html/johnenrick/ncjpia/assets/images/identification_card/', 11884, 1461848114),
(55, '', '13090631_1179164985440874_1518660894_o.png', '/home2/initiati/public_html/johnenrick/ncjpia/assets/images/identification_card/', 218506, 1461848114),
(56, 'jpeg', 'd543cb0feda21624e99c8e4cff53e09e.jpg', '/home2/initiati/public_html/johnenrick/ncjpia/assets/images/identification_card/', 111.2, 1461848114),
(57, 'jpeg', 'ba03de2f186c4e27b061bcf1233b41cb.jpg', '/home2/initiati/public_html/johnenrick/ncjpia/assets/images/payment_receipt/', 371.75, 1461848358),
(58, 'jpeg', '47a062ff60280714ebf9159dd35252a8.JPG', '/home2/initiati/public_html/johnenrick/ncjpia/assets/images/payment_receipt/', 1533.23, 1461848776),
(59, 'jpeg', '088337730a68723d5904cd7466def550.jpg', '/home2/initiati/public_html/johnenrick/ncjpia/assets/images/payment_receipt/', 336.28, 1461851274),
(60, 'jpeg', '119a5d9a73ae24fc6ffa54d17296e80d.JPG', '/home2/initiati/public_html/johnenrick/ncjpia/assets/images/identification_card/', 185.75, 1461868634),
(61, 'jpeg', 'ed757263e1ed94330743f802e97917ac.jpg', '/home2/initiati/public_html/johnenrick/ncjpia/assets/images/identification_card/', 75.11, 1461868634),
(62, 'jpeg', 'e7f9afe579642f5f53e42ca278ef7b9f.jpg', '/home2/initiati/public_html/johnenrick/ncjpia/assets/images/identification_card/', 88.26, 1461868634),
(63, 'jpeg', 'b3796dfd7f11c0ad4586a395ddf8e246.jpg', '/home2/initiati/public_html/johnenrick/ncjpia/assets/images/identification_card/', 51.32, 1461868634),
(64, 'jpeg', 'a740fe6026a679e04f45dbec4ad1edac.jpg', '/home2/initiati/public_html/johnenrick/ncjpia/assets/images/identification_card/', 6.36, 1461868634),
(65, 'jpeg', 'c32594284e4180ad4c7c5bde29c39c71.jpg', '/home2/initiati/public_html/johnenrick/ncjpia/assets/images/identification_card/', 30.56, 1461868634),
(66, 'jpeg', 'd8950cff46773f9b3d08bcd0616fe395.jpg', '/home2/initiati/public_html/johnenrick/ncjpia/assets/images/identification_card/', 78.8, 1461868634),
(67, 'jpeg', 'd9288a3d92d8f4c86db809d6876f9b60.jpg', '/home2/initiati/public_html/johnenrick/ncjpia/assets/images/identification_card/', 77.39, 1461868634),
(68, 'jpeg', '3a47f2d40f8df9350f5254d26d344e56.jpg', '/home2/initiati/public_html/johnenrick/ncjpia/assets/images/identification_card/', 55.8, 1461868634),
(69, 'jpeg', '1c21e2a80ff16f162eb9b032ca356ac6.jpg', '/home2/initiati/public_html/johnenrick/ncjpia/assets/images/identification_card/', 21.44, 1461868634),
(70, 'jpeg', 'f4aea869a498d5b4223528e898e4aeb7.jpg', '/home2/initiati/public_html/johnenrick/ncjpia/assets/images/identification_card/', 62.79, 1461868634),
(71, 'jpeg', '515eabf3538dfbd59a516e15e3db9513.jpg', '/home2/initiati/public_html/johnenrick/ncjpia/assets/images/identification_card/', 101.46, 1461868634),
(72, 'jpeg', '0ece9f0427ea0b1e43a6d9f652b3e653.jpg', '/home2/initiati/public_html/johnenrick/ncjpia/assets/images/identification_card/', 90.15, 1461868634),
(73, 'jpeg', 'f82f0bda8de5e2bcd7ac9665b7c7bf85.jpg', '/home2/initiati/public_html/johnenrick/ncjpia/assets/images/identification_card/', 122.07, 1461868634),
(74, 'jpeg', '42061ad780ebb3020b30e8a190dd48a1.jpg', '/home2/initiati/public_html/johnenrick/ncjpia/assets/images/identification_card/', 56.79, 1461868634),
(75, 'jpeg', '45300dd8c5f2a01276d67db536dff020.jpg', '/home2/initiati/public_html/johnenrick/ncjpia/assets/images/identification_card/', 59.09, 1461868634),
(76, 'jpeg', '88b7fc1ff917e564d54e6827ba3ea11b.jpg', '/home2/initiati/public_html/johnenrick/ncjpia/assets/images/identification_card/', 25.91, 1461868634),
(77, 'jpeg', 'f1eb2c108e79cf9fec7f2393f11f2013.JPG', '/home2/initiati/public_html/johnenrick/ncjpia/assets/images/identification_card/', 477.02, 1461868634),
(78, 'jpeg', '8f5e9adfe1d005d0a3a191686bff262d.jpg', '/home2/initiati/public_html/johnenrick/ncjpia/assets/images/identification_card/', 79.84, 1461868634),
(79, 'jpeg', '7adcb01e5205ddd8f315f546498d8a6a.jpg', '/home2/initiati/public_html/johnenrick/ncjpia/assets/images/identification_card/', 77.33, 1461868634),
(80, 'jpeg', '974929816618ad286a740063647919ca.jpg', '/home2/initiati/public_html/johnenrick/ncjpia/assets/images/payment_receipt/', 200.61, 1461869160),
(81, 'jpeg', '128a43ddde94273c153ccd2aeb4216b6.jpg', '/home2/initiati/public_html/johnenrick/ncjpia/assets/images/payment_receipt/', 200.61, 1461869183),
(82, 'jpeg', '5ef7edd26c14d52a3bfd338669ba0d6b.jpg', '/home2/initiati/public_html/johnenrick/ncjpia/assets/images/payment_receipt/', 319, 1461869272),
(83, 'jpeg', 'ff9dd2bfa4b674a2e22fd6b0f67da592.JPG', '/home2/initiati/public_html/johnenrick/ncjpia/assets/images/identification_card/', 28.62, 1461898440),
(84, 'jpeg', 'fd18c2feae041654bd5fb17ab51da662.jpg', '/home2/initiati/public_html/johnenrick/ncjpia/assets/images/identification_card/', 145.42, 1461904624),
(85, 'jpeg', '1a4bb9eb77e877baedc1d9cddafb4d63.jpg', '/home2/initiati/public_html/johnenrick/ncjpia/assets/images/identification_card/', 538.63, 1461907166),
(86, 'jpeg', 'fdab4f145b909d35eb9d1b3915ef1490.jpg', '/home2/initiati/public_html/johnenrick/ncjpia/assets/images/identification_card/', 59.95, 1461907166),
(87, 'jpeg', '87aa98ebeeba5563d51a23471e341305.jpg', '/home2/initiati/public_html/johnenrick/ncjpia/assets/images/identification_card/', 70.12, 1461907166),
(88, 'jpeg', 'e256c8ed8fad88845dda360237c64f2d.jpg', '/home2/initiati/public_html/johnenrick/ncjpia/assets/images/payment_receipt/', 53.46, 1461907201),
(89, 'jpeg', '3575f6a91ee71405e14ded5bd4890551.jpg', '/home2/initiati/public_html/johnenrick/ncjpia/assets/images/identification_card/', 138.24, 1461913325),
(90, 'jpeg', '85e838c77832716f7f09598f1fe0a75c.jpg', '/home2/initiati/public_html/johnenrick/ncjpia/assets/images/identification_card/', 1261.64, 1461916823),
(91, 'jpeg', '9e530a8803e308983c860cee40d5613a.jpg', '/home2/initiati/public_html/johnenrick/ncjpia/assets/images/identification_card/', 785.89, 1461930067),
(92, 'jpeg', 'ad3e4cd7689077d7be5cfeb9764eb9ae.jpg', '/home2/initiati/public_html/johnenrick/ncjpia/assets/images/identification_card/', 702.59, 1461930067),
(93, 'jpeg', '0d82e02a4a09ec72fddeedbe943ce54d.jpg', '/home2/initiati/public_html/johnenrick/ncjpia/assets/images/identification_card/', 727.75, 1461930067),
(94, 'jpeg', 'f191ccb7265470c8347f407fe2cebf3b.jpg', '/home2/initiati/public_html/johnenrick/ncjpia/assets/images/identification_card/', 765.84, 1461930067),
(95, 'jpeg', '5fcb5d3883e5d351b5e865d822452b9c.jpg', '/home2/initiati/public_html/johnenrick/ncjpia/assets/images/identification_card/', 824.12, 1461930067),
(96, 'jpeg', 'e76438e820c4aa1151ba526cd8768197.jpg', '/home2/initiati/public_html/johnenrick/ncjpia/assets/images/identification_card/', 748.21, 1461930067),
(97, 'png', '11b1e9f690c466e3aa715f4ef61f496b.png', '/home2/initiati/public_html/johnenrick/ncjpia/assets/images/identification_card/', 78.41, 1461930413),
(98, 'png', '1373de7b389aa0b2c4f3f1ecb149a187.png', '/home2/initiati/public_html/johnenrick/ncjpia/assets/images/identification_card/', 69.56, 1461930413),
(99, 'png', '9b32680b0ac18dc2cea751d2f4fe6f71.png', '/home2/initiati/public_html/johnenrick/ncjpia/assets/images/identification_card/', 46.15, 1461930413),
(100, 'png', 'f756d81cdf4cefc7acbe7c8e92d6215a.png', '/home2/initiati/public_html/johnenrick/ncjpia/assets/images/identification_card/', 64.27, 1461930413),
(101, '', 'Czalea.jpeg', '/home2/initiati/public_html/johnenrick/ncjpia/assets/images/identification_card/', 59621, 1461930413),
(102, 'jpeg', '8dba9a9b08a059e6c6c1c40a78824b7b.jpg', '/home2/initiati/public_html/johnenrick/ncjpia/assets/images/payment_receipt/', 1532.98, 1461930657),
(103, 'jpeg', 'f9a7be39afe950c9f5d6425f986648f4.jpg', '/home2/initiati/public_html/johnenrick/ncjpia/assets/images/identification_card/', 305.44, 1461934310),
(104, 'png', 'ee11d0cae0efe6833ff3423ebeba485c.png', '/home2/initiati/public_html/johnenrick/ncjpia/assets/images/identification_card/', 2.58, 1461937176),
(105, 'jpeg', '8fd2a4079c82443d3ca54a33c1435949.jpg', '/home2/initiati/public_html/johnenrick/ncjpia/assets/images/identification_card/', 179.37, 1461937522),
(106, '', 'received_1059151014158952.jpeg', '/home2/initiati/public_html/johnenrick/ncjpia/assets/images/payment_receipt/', 34178, 1461938255),
(107, 'jpeg', '97e138e2f772061d747ac4a7322ea573.jpg', '/home2/initiati/public_html/johnenrick/ncjpia/assets/images/identification_card/', 150.44, 1461939204),
(108, 'jpeg', '7719cd244cb06afc94e04112a2ce3df3.jpg', '/home2/initiati/public_html/johnenrick/ncjpia/assets/images/identification_card/', 79.7, 1461939204),
(109, 'jpeg', '915e50fabe8f5cd9b864cec0eff66465.jpg', '/home2/initiati/public_html/johnenrick/ncjpia/assets/images/identification_card/', 97.8, 1461939204),
(110, 'jpeg', 'ff5a297afbc3d73c9e0b6874234c7c1e.jpg', '/home2/initiati/public_html/johnenrick/ncjpia/assets/images/payment_receipt/', 133.7, 1461939631),
(111, 'jpeg', 'eba2e9d2c8c369e295ee91b4cd5c6a83.jpg', '/home2/initiati/public_html/johnenrick/ncjpia/assets/images/identification_card/', 32.33, 1461940712),
(112, 'jpeg', 'fe8509f8ad038a415a57df40d58a865e.jpg', '/home2/initiati/public_html/johnenrick/ncjpia/assets/images/identification_card/', 83.02, 1461940712),
(113, 'jpeg', '9d8d6ae71e056ffcee2863f2f07fce09.jpg', '/home2/initiati/public_html/johnenrick/ncjpia/assets/images/identification_card/', 75.26, 1461940712),
(114, 'jpeg', '69efe280428c964730fe137399cbd952.jpg', '/home2/initiati/public_html/johnenrick/ncjpia/assets/images/identification_card/', 56.83, 1461940713),
(115, 'jpeg', 'e784cd9a0017f21fa96532f0cc68f1d4.jpg', '/home2/initiati/public_html/johnenrick/ncjpia/assets/images/identification_card/', 14.75, 1461940713),
(116, 'jpeg', '45b71bf1b81f7fb3e39536ce9202255f.jpg', '/home2/initiati/public_html/johnenrick/ncjpia/assets/images/identification_card/', 64.8, 1461940713),
(117, 'jpeg', '0ef1113b43230fbcb4e4b308edddc26a.jpg', '/home2/initiati/public_html/johnenrick/ncjpia/assets/images/identification_card/', 12.96, 1461940713),
(118, 'jpeg', 'deb63be4dd93ac9c77c92d191450f4bc.jpg', '/home2/initiati/public_html/johnenrick/ncjpia/assets/images/identification_card/', 10.35, 1461940713),
(119, 'jpeg', '8acab8c89ef8f33bea39457140970247.jpg', '/home2/initiati/public_html/johnenrick/ncjpia/assets/images/identification_card/', 55.59, 1461940713),
(120, 'jpeg', 'a8fe2dc2789467ecb92c720d00d5f105.jpg', '/home2/initiati/public_html/johnenrick/ncjpia/assets/images/identification_card/', 78.22, 1461942172),
(121, 'jpeg', '7c92782ebe3da5b2b677ade56bcae27c.jpg', '/home2/initiati/public_html/johnenrick/ncjpia/assets/images/identification_card/', 75.07, 1461942172),
(122, 'jpeg', '01a6940ddaf32cd1167d9eeaf11b8101.jpg', '/home2/initiati/public_html/johnenrick/ncjpia/assets/images/identification_card/', 32.33, 1461942223),
(123, 'jpeg', '37f9d9bab334dbedb9f37200537f6998.jpg', '/home2/initiati/public_html/johnenrick/ncjpia/assets/images/identification_card/', 83.02, 1461942223),
(124, 'jpeg', '657e26352c266e75ac0367044faae252.jpg', '/home2/initiati/public_html/johnenrick/ncjpia/assets/images/identification_card/', 75.26, 1461942223),
(125, 'jpeg', '6c7bb509b357d2c6ee6c7addbc4cfbde.jpg', '/home2/initiati/public_html/johnenrick/ncjpia/assets/images/identification_card/', 56.83, 1461942223),
(126, 'jpeg', '4b2c5b031794d490e0fa36ebf74a7ad4.jpg', '/home2/initiati/public_html/johnenrick/ncjpia/assets/images/identification_card/', 14.75, 1461942223),
(127, 'jpeg', '27848d2ab910256cc563675359b13dc4.jpg', '/home2/initiati/public_html/johnenrick/ncjpia/assets/images/identification_card/', 64.8, 1461942223),
(128, 'jpeg', '4ce461f1124f9d0698c52bed22daecef.jpg', '/home2/initiati/public_html/johnenrick/ncjpia/assets/images/identification_card/', 12.96, 1461942223),
(129, 'jpeg', '738e1abac6c5e103f4e67a0f5a056cac.jpg', '/home2/initiati/public_html/johnenrick/ncjpia/assets/images/identification_card/', 10.35, 1461942223),
(130, 'jpeg', 'b362a72fee4afc452e1536042abcb6e0.jpg', '/home2/initiati/public_html/johnenrick/ncjpia/assets/images/identification_card/', 55.59, 1461942223),
(131, 'jpeg', 'efc6ef456b575b8be7db5fab835db930.jpg', '/home2/initiati/public_html/johnenrick/ncjpia/assets/images/identification_card/', 10.56, 1461942223),
(132, 'jpeg', 'f83697172f42f0ff577e723bd8ebb6e2.jpg', '/home2/initiati/public_html/johnenrick/ncjpia/assets/images/identification_card/', 74.54, 1461942223),
(133, 'jpeg', 'd01846a507f711dc6ab1ee1e0cd9692b.jpg', '/home2/initiati/public_html/johnenrick/ncjpia/assets/images/identification_card/', 10.36, 1461942223),
(134, 'jpeg', '64467bdf6ecc1dabf7935e328fd96e52.jpg', '/home2/initiati/public_html/johnenrick/ncjpia/assets/images/identification_card/', 16.03, 1461942223),
(135, 'jpeg', '0d6a8d345cf8faa586c87ff98622e34d.jpg', '/home2/initiati/public_html/johnenrick/ncjpia/assets/images/identification_card/', 9.33, 1461942223),
(136, 'jpeg', 'd686597f8b919ed29cb8e2f9099f44d9.jpg', '/home2/initiati/public_html/johnenrick/ncjpia/assets/images/identification_card/', 545.24, 1461942223),
(137, 'jpeg', 'c8aaad6cb0b4db4bf6ec68adec04cc4e.jpg', '/home2/initiati/public_html/johnenrick/ncjpia/assets/images/identification_card/', 67.71, 1461942223),
(138, 'jpeg', 'f3783735103373702a2b64fbf1294161.jpg', '/home2/initiati/public_html/johnenrick/ncjpia/assets/images/identification_card/', 75.48, 1461942223),
(139, 'jpeg', '5459774cd5be4b49b26d6c0c89eeef44.jpg', '/home2/initiati/public_html/johnenrick/ncjpia/assets/images/identification_card/', 1474.08, 1461942223),
(140, 'jpeg', '9cf3bcf773ae0d1bc5651212c0fdf2a0.jpg', '/home2/initiati/public_html/johnenrick/ncjpia/assets/images/identification_card/', 32.33, 1461942237),
(141, 'jpeg', '3ef63120c9dea834923d33e43edeacba.jpg', '/home2/initiati/public_html/johnenrick/ncjpia/assets/images/identification_card/', 83.02, 1461942432),
(142, 'jpeg', '3585de02a96dcab60c9436484da59a66.jpg', '/home2/initiati/public_html/johnenrick/ncjpia/assets/images/identification_card/', 75.26, 1461942516),
(143, 'jpeg', 'cb1c957837b7d6aaab2e933cd0d63133.jpg', '/home2/initiati/public_html/johnenrick/ncjpia/assets/images/identification_card/', 56.83, 1461942696),
(144, 'jpeg', '2468aedef578ccbf7e1f8a24f44e629f.jpg', '/home2/initiati/public_html/johnenrick/ncjpia/assets/images/identification_card/', 64.8, 1461942696),
(145, 'jpeg', '462a4c0b77e94cc268f2d7105c9a1f7a.jpg', '/home2/initiati/public_html/johnenrick/ncjpia/assets/images/identification_card/', 14.75, 1461942696),
(146, 'jpeg', 'f472f45a45ae74398715d5361c32eb10.jpg', '/home2/initiati/public_html/johnenrick/ncjpia/assets/images/identification_card/', 12.96, 1461942777),
(147, 'jpeg', 'c5b84421a39075f6a03543158e61628f.jpg', '/home2/initiati/public_html/johnenrick/ncjpia/assets/images/identification_card/', 10.35, 1461942833),
(148, 'jpeg', '0292ce88a361a42826c4eaef71cc055e.jpg', '/home2/initiati/public_html/johnenrick/ncjpia/assets/images/identification_card/', 55.59, 1461942903),
(149, 'jpeg', '4efc6f4d025e921238c1bc50cac6c1fc.jpg', '/home2/initiati/public_html/johnenrick/ncjpia/assets/images/identification_card/', 10.56, 1461942951),
(150, 'jpeg', '88c29cac86422f3b42c4989a2507685a.jpg', '/home2/initiati/public_html/johnenrick/ncjpia/assets/images/identification_card/', 74.54, 1461943014),
(151, 'jpeg', 'd0da6e591240a9c2210cd1b02ad50343.jpg', '/home2/initiati/public_html/johnenrick/ncjpia/assets/images/identification_card/', 10.36, 1461943087),
(152, 'jpeg', '1d839e3eeb675951881e647a4d3e8820.jpg', '/home2/initiati/public_html/johnenrick/ncjpia/assets/images/identification_card/', 16.03, 1461943142),
(153, 'jpeg', '100d26ce475e6dce34805124e67bd98d.jpg', '/home2/initiati/public_html/johnenrick/ncjpia/assets/images/identification_card/', 9.33, 1461943193),
(154, 'jpeg', 'b7d5f233fa85e77f4b9dd30940aed4a8.jpg', '/home2/initiati/public_html/johnenrick/ncjpia/assets/images/identification_card/', 545.24, 1461943274),
(155, 'jpeg', '6c384e5fa78d5cf6543b49c4c003153b.jpg', '/home2/initiati/public_html/johnenrick/ncjpia/assets/images/identification_card/', 67.71, 1461943345),
(156, 'jpeg', 'c6bee8c948c9654d962239bda7e394f1.jpg', '/home2/initiati/public_html/johnenrick/ncjpia/assets/images/identification_card/', 75.48, 1461943424),
(157, 'jpeg', '207f9312aa19fe580ee9bbaeb8d613fb.jpg', '/home2/initiati/public_html/johnenrick/ncjpia/assets/images/identification_card/', 1474.08, 1461943555),
(158, 'jpeg', '81dfe5c853533b2106ee25264ac197d4.jpg', '/home2/initiati/public_html/johnenrick/ncjpia/assets/images/payment_receipt/', 92.05, 1461943600),
(159, 'jpeg', 'c86579f0480a3288a028d485981a8936.jpg', '/home2/initiati/public_html/johnenrick/ncjpia/assets/images/payment_receipt/', 92.05, 1461943619),
(160, 'jpeg', 'cc95ca0d2b74c1513b7f5a22ba547101.jpg', '/home2/initiati/public_html/johnenrick/ncjpia/assets/images/payment_receipt/', 92.05, 1461943633),
(161, 'jpeg', '22eca0f4ec8a16ed372886382afceb3b.jpg', '/home2/initiati/public_html/johnenrick/ncjpia/assets/images/payment_receipt/', 92.05, 1461943649),
(162, 'jpeg', '9e24614764e7f19e4dc501902e9b1fac.jpg', '/home2/initiati/public_html/johnenrick/ncjpia/assets/images/payment_receipt/', 92.05, 1461943666),
(163, 'jpeg', '5de5531cf9266fd26837ae1057916ca5.jpg', '/home2/initiati/public_html/johnenrick/ncjpia/assets/images/payment_receipt/', 92.05, 1461943680),
(164, 'jpeg', 'f4ff4bc9d43667c2b41ccc569b1dcb7a.jpg', '/home2/initiati/public_html/johnenrick/ncjpia/assets/images/payment_receipt/', 92.05, 1461943694),
(165, 'jpeg', '0ff66092637ce8fb4c9efac8a53eadf0.jpg', '/home2/initiati/public_html/johnenrick/ncjpia/assets/images/payment_receipt/', 92.05, 1461943708),
(166, 'jpeg', '15f389b92bf7c78e602e8ef5b5fe0c79.jpg', '/home2/initiati/public_html/johnenrick/ncjpia/assets/images/payment_receipt/', 92.05, 1461943721),
(167, 'jpeg', 'd26965e0dd266956f7065228732bd9f8.jpg', '/home2/initiati/public_html/johnenrick/ncjpia/assets/images/payment_receipt/', 92.05, 1461943734),
(168, 'jpeg', '0b0b3804bb163d544b2ae9b7fd024e09.jpg', '/home2/initiati/public_html/johnenrick/ncjpia/assets/images/payment_receipt/', 92.05, 1461943747),
(169, 'jpeg', 'd3b1f2ab36309678362f1a0f4760a971.jpg', '/home2/initiati/public_html/johnenrick/ncjpia/assets/images/payment_receipt/', 92.05, 1461943760),
(170, 'jpeg', 'f25c7c0ad5d181ef3a0d7223b35a297a.jpg', '/home2/initiati/public_html/johnenrick/ncjpia/assets/images/payment_receipt/', 92.05, 1461943772),
(171, 'jpeg', 'ee1cf0a2a459a2f6b93425be21dc1254.jpg', '/home2/initiati/public_html/johnenrick/ncjpia/assets/images/payment_receipt/', 92.05, 1461943785),
(172, 'jpeg', '8e9cc88a29470d0aeac0e7d052c74ae2.jpg', '/home2/initiati/public_html/johnenrick/ncjpia/assets/images/payment_receipt/', 92.05, 1461943798),
(173, 'jpeg', 'd53b8ba6f59d02e466a701020a79e541.jpg', '/home2/initiati/public_html/johnenrick/ncjpia/assets/images/payment_receipt/', 92.05, 1461943810),
(174, 'jpeg', 'a559f691441412bee4f6bd8001c5aad6.jpg', '/home2/initiati/public_html/johnenrick/ncjpia/assets/images/identification_card/', 50.26, 1461944223),
(175, 'jpeg', '7561ebabf90cddfd4038466774330e54.jpg', '/home2/initiati/public_html/johnenrick/ncjpia/assets/images/identification_card/', 202.45, 1461949906),
(176, 'jpeg', '538e0d4913e42e814b29e37da7fe5a82.jpg', '/home2/initiati/public_html/johnenrick/ncjpia/assets/images/identification_card/', 106.82, 1461949906),
(177, 'jpeg', 'cc0262b4af7e7e4eece31eb31e98dd02.jpg', '/home2/initiati/public_html/johnenrick/ncjpia/assets/images/identification_card/', 1.49, 1461949906),
(178, 'jpeg', '07ebd0eaedb47c0a96b977f4cdc3da29.jpg', '/home2/initiati/public_html/johnenrick/ncjpia/assets/images/identification_card/', 68.44, 1461949906),
(179, 'jpeg', '160d6afef31b036011b994122909f464.jpg', '/home2/initiati/public_html/johnenrick/ncjpia/assets/images/identification_card/', 1.49, 1461949906),
(180, 'jpeg', 'a035eff7011e4daeb218275e1bb6dd84.jpg', '/home2/initiati/public_html/johnenrick/ncjpia/assets/images/identification_card/', 258.47, 1461952827),
(181, 'jpeg', '63e6aee2be243f83a8d28920c761d704.jpg', '/home2/initiati/public_html/johnenrick/ncjpia/assets/images/identification_card/', 129.54, 1461982390),
(182, 'jpeg', 'ce4c42fd63a87529e41fc54464cbef29.jpg', '/home2/initiati/public_html/johnenrick/ncjpia/assets/images/identification_card/', 1442.81, 1461986564),
(183, 'jpeg', 'c654b8ae611208e4f91c42bb4b8e0b92.jpg', '/home2/initiati/public_html/johnenrick/ncjpia/assets/images/identification_card/', 184.11, 1462011618),
(184, 'jpeg', '1c367694264735ff4386e650fd6adf51.jpg', '/home2/initiati/public_html/johnenrick/ncjpia/assets/images/payment_receipt/', 424.15, 1462017579),
(185, '', 'picture.png', '/home2/initiati/public_html/johnenrick/ncjpia/assets/images/identification_card/', 28491, 1462017886),
(186, 'jpeg', 'c31f8f18c37c9bf3f4d6351f271c67ca.jpg', '/home2/initiati/public_html/johnenrick/ncjpia/assets/images/identification_card/', 1192.57, 1462028978),
(187, 'jpeg', 'f8be24005d0255e8b9345624b7ff0436.jpg', 'C:/xampp/htdocs/NCJPIA/assets/images/identification_card/', 1645.84, 1462062308),
(188, 'jpeg', '4a847fa0e209540f0c5d414ab6c4246d.jpg', 'C:/xampp/htdocs/NCJPIA/assets/images/identification_card/', 1645.84, 1462062706),
(189, 'jpeg', '61d438a74baf5aeccc9742f652d9f762.jpg', 'C:/xampp/htdocs/NCJPIA/assets/images/identification_card/', 1628.88, 1462062992),
(190, 'jpeg', 'd70c76169bbbb4aa3c99dbfaf439fac4.jpg', 'C:/xampp/htdocs/NCJPIA/assets/images/identification_card/', 1661.15, 1462063080),
(191, 'jpeg', '5825f61362e5c91c50058f3411fe4741.jpg', 'C:/xampp/htdocs/NCJPIA/assets/images/identification_card/', 1715.34, 1462063162),
(192, 'jpeg', 'a1bcae507de55371575eeedc24d1334f.jpg', 'C:/xampp/htdocs/NCJPIA/assets/images/identification_card/', 1588.61, 1462063279),
(193, 'jpeg', 'd5153c3367c4d8e457ffe05e610bd01e.jpg', 'C:/xampp/htdocs/NCJPIA/assets/images/identification_card/', 1741.09, 1462063360),
(194, 'jpeg', '1f262399f893c9c7a13c802dd9f9014f.jpg', 'C:/xampp/htdocs/NCJPIA/assets/images/identification_card/', 1539.44, 1462063424),
(195, 'jpeg', 'd86959db4929f78a0927ec1b9d4f4e7a.jpg', 'C:/xampp/htdocs/NCJPIA/assets/images/identification_card/', 1870.91, 1462063522),
(196, 'jpeg', 'c3918b7ce4578d8ed646c09cd61c75cc.jpg', 'C:/xampp/htdocs/NCJPIA/assets/images/identification_card/', 1728.71, 1462063594),
(197, 'jpeg', '81f0f2f7845d6c287b13becdadf25a6a.jpg', 'C:/xampp/htdocs/NCJPIA/assets/images/identification_card/', 1449.67, 1462063685),
(198, 'jpeg', '646612854debe29ae0945d0dcb0cdda8.jpg', 'C:/xampp/htdocs/NCJPIA/assets/images/identification_card/', 1596.38, 1462063824),
(199, 'jpeg', 'bf0b0d177a3387643c19b916c3403cc5.jpg', 'C:/xampp/htdocs/NCJPIA/assets/images/identification_card/', 1736.23, 1462063902),
(200, 'jpeg', '5f631e82e3100eb8478a2e91df5fd2d9.jpg', 'C:/xampp/htdocs/NCJPIA/assets/images/identification_card/', 1585.94, 1462064004),
(201, 'jpeg', 'f4dc7824dec2386933156d3cf3af0be6.jpg', 'C:/xampp/htdocs/NCJPIA/assets/images/identification_card/', 1571, 1462064079),
(202, 'jpeg', '4693769e0648ac4c8cd012ce94a594eb.jpg', 'C:/xampp/htdocs/NCJPIA/assets/images/identification_card/', 1520.98, 1462064338),
(203, 'jpeg', 'd2e2c69cf25980eac2edf47b15b6c72a.jpg', 'C:/xampp/htdocs/NCJPIA/assets/images/identification_card/', 1633.95, 1462064426),
(204, 'jpeg', 'be1ac689d4455fb6c2a4e22c092908b2.jpg', 'C:/xampp/htdocs/NCJPIA/assets/images/identification_card/', 1718.55, 1462064506),
(205, 'jpeg', '01014f8af1a15f0591d81501c5f98400.jpg', 'C:/xampp/htdocs/NCJPIA/assets/images/identification_card/', 1828.82, 1462064641),
(206, 'jpeg', '87c6fb8e4252290284b0fc6b1b1b5846.jpg', 'C:/xampp/htdocs/NCJPIA/assets/images/identification_card/', 1697.36, 1462064794),
(207, 'jpeg', 'bd8debb8f84e04b635c5fde65011a9f0.jpg', 'C:/xampp/htdocs/NCJPIA/assets/images/identification_card/', 28.5, 1462065837),
(208, 'jpeg', 'ea415d8763ffd792e10abd7d3f4adeb3.jpg', 'C:/xampp/htdocs/NCJPIA/assets/images/identification_card/', 118.38, 1462066086),
(209, 'jpeg', '9e338d7ede1f30710908086df13345e0.jpg', 'C:/xampp/htdocs/NCJPIA/assets/images/identification_card/', 118.38, 1462066086),
(210, 'jpeg', 'ffcd3c374199d1db4e118957899d645d.jpg', 'C:/xampp/htdocs/NCJPIA/assets/images/identification_card/', 118.38, 1462066087),
(211, 'jpeg', 'fd70b353bcd757bccc482af3b02952f6.jpg', 'C:/xampp/htdocs/NCJPIA/assets/images/identification_card/', 118.38, 1462066089),
(212, 'jpeg', '49420094b5cf117d3f35e7ca77f3df2b.jpg', 'C:/xampp/htdocs/NCJPIA/assets/images/identification_card/', 118.38, 1462066090),
(213, 'jpeg', '904847d221aa69103e3528f9c2290545.jpg', 'C:/xampp/htdocs/NCJPIA/assets/images/identification_card/', 118.38, 1462066091),
(214, 'jpeg', 'b561ce946bc32bf898073cb1d13cc1cc.jpg', 'C:/xampp/htdocs/NCJPIA/assets/images/identification_card/', 118.38, 1462066092),
(215, 'jpeg', '6a50a80064f2d9655d17542a74ea2452.jpg', 'C:/xampp/htdocs/NCJPIA/assets/images/identification_card/', 410.48, 1462066107),
(216, 'jpeg', '351eb489861bc53d6bc529616ff24d16.jpg', 'C:/xampp/htdocs/NCJPIA/assets/images/payment_receipt/', 424.15, 1462066117),
(217, 'jpeg', '07dcf2c4f4cebe794481adc68eccd4c4.jpg', 'C:/xampp/htdocs/NCJPIA/assets/images/identification_card/', 171.87, 1462066174),
(218, 'jpeg', 'c11f89ac5e864bb94448268991033de8.jpg', 'C:/xampp/htdocs/NCJPIA/assets/images/identification_card/', 171.87, 1462066248),
(219, 'jpeg', 'b56ac78784961b7586cc392dc3ded615.jpg', 'C:/xampp/htdocs/NCJPIA/assets/images/identification_card/', 51.17, 1462066341),
(220, 'jpeg', '73462fce9e940f26e4d0474c60e26136.jpg', 'C:/xampp/htdocs/NCJPIA/assets/images/identification_card/', 33.31, 1462066472),
(221, 'jpeg', '3594cb3ee5c97c6cfc91c22edce23ae9.jpg', 'C:/xampp/htdocs/NCJPIA/assets/images/identification_card/', 73.91, 1462066474),
(222, 'jpeg', '312efe79f96c25ac779e94817eb8316d.jpg', 'C:/xampp/htdocs/NCJPIA/assets/images/identification_card/', 393.31, 1462066552),
(223, '', '13077306_10207854890324414_1958525337_n.png', 'C:/xampp/htdocs/NCJPIA/assets/images/identification_card/', 10428, 1462066629),
(224, 'png', 'c2e27bcef0c35e51e2802d5c7533bc30.png', 'C:/xampp/htdocs/NCJPIA/assets/images/identification_card/', 112.22, 1462066827),
(225, 'jpeg', '6cb2b776d5d1c18f72e80561d176b1ea.jpg', 'C:/xampp/htdocs/NCJPIA/assets/images/identification_card/', 168.64, 1462066919),
(226, 'jpeg', '98b007e939cde0573f75eda9ce91492c.jpg', 'C:/xampp/htdocs/NCJPIA/assets/images/identification_card/', 28.65, 1462066995),
(227, 'jpeg', 'c42ed2c016eb7ecaa97c89d91c488377.jpg', 'C:/xampp/htdocs/NCJPIA/assets/images/identification_card/', 248.25, 1462067089),
(228, 'jpeg', 'c2a51aad204917058731bc7b8668c3b5.jpg', 'C:/xampp/htdocs/NCJPIA/assets/images/identification_card/', 46.47, 1462067172),
(229, 'jpeg', '14790b283320cb141ab290e43611e942.jpg', 'C:/xampp/htdocs/NCJPIA/assets/images/identification_card/', 248.25, 1462067396),
(230, '', 'received_1354069437943981.jpeg', 'C:/xampp/htdocs/NCJPIA/assets/images/identification_card/', 217178, 1462068341),
(231, 'jpeg', 'c42d47892d1babde75a75ea4d9736a34.jpg', 'C:/xampp/htdocs/NCJPIA/assets/images/identification_card/', 1022.13, 1462068385),
(232, 'png', 'ba1c29197d3a6239997aa90565e19524.png', 'C:/xampp/htdocs/NCJPIA/assets/images/identification_card/', 2.15, 1462068386),
(233, 'png', '2c953681c7218eef6c2979a732284a8f.png', 'C:/xampp/htdocs/NCJPIA/assets/images/identification_card/', 2.15, 1462068387),
(234, 'png', '49ffbfbcfa06795fde70ac34d2e6e0fc.png', 'C:/xampp/htdocs/NCJPIA/assets/images/identification_card/', 2.15, 1462068388),
(235, 'png', 'd0b42f8dfc6256ca088fabbe082848dc.png', 'C:/xampp/htdocs/NCJPIA/assets/images/identification_card/', 2.15, 1462068389),
(236, 'png', 'd4c727fc91532c70ce59d77cb4f9ef49.png', 'C:/xampp/htdocs/NCJPIA/assets/images/identification_card/', 2.15, 1462068391),
(237, 'png', 'de48351363a2a1d18ea644fbae4ef45c.png', 'C:/xampp/htdocs/NCJPIA/assets/images/identification_card/', 2.15, 1462068392),
(238, 'png', '0eb88302933bf6d303b410f4d8177ebe.png', 'C:/xampp/htdocs/NCJPIA/assets/images/identification_card/', 2.15, 1462068393),
(239, 'png', 'b929a1f8688d7ef5ce774700bb39c587.png', 'C:/xampp/htdocs/NCJPIA/assets/images/identification_card/', 2.15, 1462068394),
(240, 'png', 'fc60af8db5f24a7a1a7aa3d15617da3a.png', 'C:/xampp/htdocs/NCJPIA/assets/images/identification_card/', 2.15, 1462068396),
(241, 'png', '68e18a0a72ec620a6b7f18c71547422b.png', 'C:/xampp/htdocs/NCJPIA/assets/images/identification_card/', 2.15, 1462068397),
(242, 'png', 'a0c83d17dbebdec8b4a171f88a71d3aa.png', 'C:/xampp/htdocs/NCJPIA/assets/images/identification_card/', 2.15, 1462068399),
(243, 'png', 'b3f955ba5b4265b3a597815d4ab64667.png', 'C:/xampp/htdocs/NCJPIA/assets/images/identification_card/', 2.15, 1462068401),
(244, 'jpeg', 'ebe005a9cee0a8edc24088fe292e942d.jpg', 'C:/xampp/htdocs/NCJPIA/assets/images/identification_card/', 118.38, 1462069173),
(245, 'jpeg', '454a171e1f2e47fc381e10b3874c4cf6.jpg', 'C:/xampp/htdocs/NCJPIA/assets/images/identification_card/', 118.38, 1462069175),
(246, 'jpeg', '9e4e04ab4e94a6722b3b245a42ec2b16.jpg', 'C:/xampp/htdocs/NCJPIA/assets/images/identification_card/', 118.38, 1462069488),
(247, 'jpeg', '4d7abdab47a6cb06de57a6f5d6f8a33d.jpg', 'C:/xampp/htdocs/NCJPIA/assets/images/identification_card/', 118.38, 1462069696),
(248, 'jpeg', '3967ab4f921e6114914b56cbb2879f35.jpg', 'C:/xampp/htdocs/NCJPIA/assets/images/identification_card/', 118.38, 1462069804),
(249, 'jpeg', '23bc196da96a8f7bf5ade53a1175aad1.jpg', 'C:/xampp/htdocs/NCJPIA/assets/images/identification_card/', 118.38, 1462070023),
(250, 'jpeg', 'f7018138945cd548a257f5e6b617d71c.jpg', 'C:/xampp/htdocs/NCJPIA/assets/images/identification_card/', 118.38, 1462070155),
(251, 'jpeg', '801fdc89278ce02b7dc7bef0297adeaa.jpg', 'C:/xampp/htdocs/NCJPIA/assets/images/identification_card/', 118.38, 1462070271),
(252, 'jpeg', '432d4387a62046a0366a4e63b0b900c6.jpg', 'C:/xampp/htdocs/NCJPIA/assets/images/identification_card/', 118.38, 1462070347),
(253, 'jpeg', '925e73dde63d158cc301abafd21d7d15.jpg', 'C:/xampp/htdocs/NCJPIA/assets/images/identification_card/', 25.36, 1462072758),
(254, 'jpeg', '73b708d8a87f23396b352e9e7c0ec36c.jpg', 'C:/xampp/htdocs/NCJPIA/assets/images/identification_card/', 77.67, 1462072761),
(255, 'jpeg', '6e1e9dac56205565846b805b816a3e25.jpg', 'C:/xampp/htdocs/NCJPIA/assets/images/identification_card/', 58.15, 1462072762),
(256, 'jpeg', '49101114222da4f9f8b7b1b177309fc3.jpg', 'C:/xampp/htdocs/NCJPIA/assets/images/identification_card/', 209.04, 1462073319),
(257, 'jpeg', 'a0a298c2053a3d6cb856431fb4cb5eb2.jpg', 'C:/xampp/htdocs/NCJPIA/assets/images/payment_receipt/', 1066.85, 1462073381),
(258, 'jpeg', 'fe941a5571843e4c04c2058efce53be9.jpg', 'C:/xampp/htdocs/NCJPIA/assets/images/identification_card/', 229.21, 1462074483),
(259, 'jpeg', '988727801a147aaf86f4f49c5bfab4d8.jpg', 'C:/xampp/htdocs/NCJPIA/assets/images/identification_card/', 229.21, 1462075027),
(260, 'jpeg', 'd7efee6ab621cc7b50cfd8a1c87b8439.jpg', 'C:/xampp/htdocs/NCJPIA/assets/images/identification_card/', 229.21, 1462075028),
(261, 'jpeg', '9090f76deb5f79207ca429dab6fe4fc5.jpg', 'C:/xampp/htdocs/NCJPIA/assets/images/identification_card/', 229.21, 1462075030),
(262, 'jpeg', 'ab95ed3714b2455d7f3000e716685fb0.jpg', 'C:/xampp/htdocs/NCJPIA/assets/images/identification_card/', 1188.17, 1462075467),
(263, 'jpeg', '44caf3115e0049d71e935eb668ee2fa7.jpg', 'C:/xampp/htdocs/NCJPIA/assets/images/identification_card/', 1188.17, 1462075468),
(264, 'jpeg', '7da30bcae29aa226436fef2a8846d8d9.jpg', 'C:/xampp/htdocs/NCJPIA/assets/images/identification_card/', 1188.17, 1462075469),
(265, 'jpeg', '38ecf4256119fc91dc690eb3415e0323.jpg', 'C:/xampp/htdocs/NCJPIA/assets/images/identification_card/', 1188.17, 1462075471),
(266, 'jpeg', '7bcb3c55039c85841fc66f81e42282cc.jpg', 'C:/xampp/htdocs/NCJPIA/assets/images/identification_card/', 1188.17, 1462075473),
(267, 'jpeg', '6a16423f6ba0aa63291dfaa8a7991613.jpg', 'C:/xampp/htdocs/NCJPIA/assets/images/identification_card/', 1188.17, 1462075474),
(268, 'jpeg', '4a865ec8a17d7220e0bc39a2849122d6.jpg', 'C:/xampp/htdocs/NCJPIA/assets/images/identification_card/', 229.21, 1462076799),
(269, 'jpeg', '7a2fcc87c15cba68b6d0f025bd3c24fe.jpg', 'C:/xampp/htdocs/NCJPIA/assets/images/identification_card/', 229.21, 1462076801),
(270, 'jpeg', '62ba8e80c44b198ff04dde4d66b6589a.jpg', 'C:/xampp/htdocs/NCJPIA/assets/images/identification_card/', 826.11, 1462077076),
(271, 'jpeg', '56d065eab4b0120d7c812cf8db30bc25.jpg', 'C:/xampp/htdocs/NCJPIA/assets/images/identification_card/', 826.11, 1462077076),
(272, 'jpeg', '75e8ce8924d4740cd08a8a1714526bca.jpg', 'C:/xampp/htdocs/NCJPIA/assets/images/identification_card/', 581.33, 1462077077),
(273, 'jpeg', '59cec7e498ee968d34d201438b029697.jpg', 'C:/xampp/htdocs/NCJPIA/assets/images/identification_card/', 757.52, 1462077078),
(274, 'jpeg', '5b647fd89ec79a040e6b06795401b614.jpg', 'C:/xampp/htdocs/NCJPIA/assets/images/identification_card/', 762.53, 1462077079),
(275, 'jpeg', '8ac65a362054c2cd06026065e0bc9ca1.jpg', 'C:/xampp/htdocs/NCJPIA/assets/images/identification_card/', 548.12, 1462077080),
(276, 'jpeg', '82540482633d134d36d6feae2b47fd2a.jpg', 'C:/xampp/htdocs/NCJPIA/assets/images/identification_card/', 606.34, 1462077953),
(277, 'jpeg', '041e3afc65aaae374803479db6fb782a.jpg', 'C:/xampp/htdocs/NCJPIA/assets/images/identification_card/', 581.33, 1462077954),
(278, 'jpeg', 'f63d1a5b13f3013608e9ec1b0115269b.jpg', 'C:/xampp/htdocs/NCJPIA/assets/images/identification_card/', 581.33, 1462077955),
(279, 'jpeg', '57424f3073e50996352de76ee3d0b714.jpg', 'C:/xampp/htdocs/NCJPIA/assets/images/identification_card/', 762.53, 1462077956),
(280, 'jpeg', '4903bf2c1b28b1518923acf90a978967.jpg', 'C:/xampp/htdocs/NCJPIA/assets/images/identification_card/', 757.52, 1462077957),
(281, 'jpeg', '6c73347fea80008b31de6cca1e35c8be.jpg', 'C:/xampp/htdocs/NCJPIA/assets/images/identification_card/', 759.6, 1462077959),
(282, 'jpeg', '344e9fd5b25143cc20d02219fb163d1f.jpg', 'C:/xampp/htdocs/NCJPIA/assets/images/identification_card/', 606.34, 1462077963),
(283, 'jpeg', '45d9824e7e0b4f28b1f253c724c4b717.jpg', 'C:/xampp/htdocs/NCJPIA/assets/images/identification_card/', 606.34, 1462078274),
(284, 'jpeg', 'df70e3aa2bb72d0369b2755e62c92495.jpg', 'C:/xampp/htdocs/NCJPIA/assets/images/identification_card/', 158.36, 1462088509),
(285, 'jpeg', '21626ff07061421afe5e9471718fa0fc.jpg', 'C:/xampp/htdocs/NCJPIA/assets/images/identification_card/', 158.36, 1462088510),
(286, 'jpeg', '26fd4999810fcfeaf1243de8249a1698.jpg', 'C:/xampp/htdocs/NCJPIA/assets/images/identification_card/', 158.36, 1462088510),
(287, 'jpeg', 'a11c396795a0e5a0abc34add043d8f40.jpg', 'C:/xampp/htdocs/NCJPIA/assets/images/identification_card/', 158.36, 1462088511),
(288, 'jpeg', '4c87c58565a7ffa231c9aaabd9cdf22a.jpg', 'C:/xampp/htdocs/NCJPIA/assets/images/identification_card/', 158.36, 1462088512),
(289, 'jpeg', '8f45b69ff82a6ce1891cc5dd2b2b4f90.jpg', 'C:/xampp/htdocs/NCJPIA/assets/images/identification_card/', 158.36, 1462088513),
(290, 'jpeg', '57ae39fc7838de26dbb94819101f64a8.jpg', 'C:/xampp/htdocs/NCJPIA/assets/images/identification_card/', 158.36, 1462088514),
(291, 'jpeg', 'dae010ce7755f89d758c08e0e1ede61f.jpg', 'C:/xampp/htdocs/NCJPIA/assets/images/identification_card/', 158.36, 1462088514),
(292, 'jpeg', '7b7733121413249181d7634c02eb55d3.jpg', 'C:/xampp/htdocs/NCJPIA/assets/images/identification_card/', 158.36, 1462088515),
(293, 'jpeg', '0be95ce13949b04ba09f1baebf61c92c.jpg', 'C:/xampp/htdocs/NCJPIA/assets/images/identification_card/', 158.36, 1462088516),
(294, 'jpeg', '26d7cdc73cb8b13849eca03a10b38a1d.jpg', 'C:/xampp/htdocs/NCJPIA/assets/images/identification_card/', 158.36, 1462088516),
(295, 'jpeg', '9c81e25d2479f089fb763f3f762dcc20.jpg', 'C:/xampp/htdocs/NCJPIA/assets/images/identification_card/', 158.36, 1462094069),
(296, 'jpeg', 'b77e6b3f09321ab53e4c302609f4a749.jpg', 'C:/xampp/htdocs/NCJPIA/assets/images/identification_card/', 158.36, 1462094165),
(297, 'jpeg', 'e207a5e245de3368a084f001b40a9f97.jpg', 'C:/xampp/htdocs/NCJPIA/assets/images/identification_card/', 158.36, 1462094262),
(298, 'jpeg', '6c71ec050f96ebabee5ae9cb5b5c4b80.jpg', 'C:/xampp/htdocs/NCJPIA/assets/images/identification_card/', 158.36, 1462094394),
(299, 'jpeg', 'ca0007de22b34bbb1940f782c6cd5c0a.jpg', 'C:/xampp/htdocs/NCJPIA/assets/images/identification_card/', 229.21, 1462095893),
(300, 'jpeg', '82b8ae5d829e155a41a2913ff9883609.jpg', 'C:/xampp/htdocs/NCJPIA/assets/images/identification_card/', 38.14, 1462096009),
(301, 'jpeg', '6fd4d3837ebc4d26c158dabe27cac5ab.jpg', 'C:/xampp/htdocs/NCJPIA/assets/images/identification_card/', 229.21, 1462096080),
(302, 'jpeg', '5436e9fcb135808b57424af8ccccb882.jpg', 'C:/xampp/htdocs/NCJPIA/assets/images/identification_card/', 229.21, 1462096153),
(303, 'jpeg', 'b7d0e3d1edf7bde6f1e9e49fbbb342f5.jpg', 'C:/xampp/htdocs/NCJPIA/assets/images/identification_card/', 229.21, 1462096223),
(304, 'jpeg', '733014e903d5149de28d36fd9247cc52.jpg', 'C:/xampp/htdocs/NCJPIA/assets/images/identification_card/', 68.45, 1462252132),
(305, 'jpeg', '8427fc3d0e1af783e089b9d1ffd6ec0b.jpg', 'C:/xampp/htdocs/NCJPIA/assets/images/identification_card/', 68.45, 1462252132);

-- --------------------------------------------------------

--
-- Table structure for table `group_access_control_list`
--

CREATE TABLE IF NOT EXISTS `group_access_control_list` (
`ID` int(11) NOT NULL,
  `module_ID` int(11) NOT NULL,
  `group_ID` int(11) NOT NULL
) ENGINE=InnoDB  DEFAULT CHARSET=latin1 AUTO_INCREMENT=7 ;

--
-- Dumping data for table `group_access_control_list`
--

INSERT INTO `group_access_control_list` (`ID`, `module_ID`, `group_ID`) VALUES
(1, 1, 2),
(2, 2, 2),
(3, 0, 0),
(4, 1, 4),
(5, 1, 3),
(6, 1, 8);

-- --------------------------------------------------------

--
-- Table structure for table `module`
--

CREATE TABLE IF NOT EXISTS `module` (
`ID` int(11) NOT NULL,
  `description` varchar(50) NOT NULL,
  `parent_ID` int(11) NOT NULL,
  `link` text NOT NULL
) ENGINE=InnoDB  DEFAULT CHARSET=latin1 AUTO_INCREMENT=3 ;

--
-- Dumping data for table `module`
--

INSERT INTO `module` (`ID`, `description`, `parent_ID`, `link`) VALUES
(1, 'Delegate', 0, 'delegate_list'),
(2, 'User Management', 0, 'user_management');

-- --------------------------------------------------------

--
-- Table structure for table `module_api_controller`
--

CREATE TABLE IF NOT EXISTS `module_api_controller` (
`ID` int(11) NOT NULL,
  `module_ID` int(11) NOT NULL,
  `api_controller_ID` int(11) NOT NULL,
  `privilege_code` int(11) NOT NULL
) ENGINE=InnoDB DEFAULT CHARSET=latin1 COMMENT='foreign for module' AUTO_INCREMENT=1 ;

--
-- Indexes for dumped tables
--

--
-- Indexes for table `access_control_list`
--
ALTER TABLE `access_control_list`
 ADD PRIMARY KEY (`ID`), ADD KEY `access_control_list_account_ID` (`account_ID`), ADD KEY `access_control_list_module_ID` (`module_ID`);

--
-- Indexes for table `account`
--
ALTER TABLE `account`
 ADD PRIMARY KEY (`ID`), ADD UNIQUE KEY `username` (`username`), ADD KEY `account_account_type_ID_idx` (`account_type_ID`);

--
-- Indexes for table `account_information`
--
ALTER TABLE `account_information`
 ADD PRIMARY KEY (`ID`);

--
-- Indexes for table `account_type`
--
ALTER TABLE `account_type`
 ADD PRIMARY KEY (`ID`);

--
-- Indexes for table `action_log`
--
ALTER TABLE `action_log`
 ADD PRIMARY KEY (`ID`), ADD KEY `api_controller_ID` (`api_controller_ID`,`access_number_ID`), ADD KEY `account_ID` (`account_ID`);

--
-- Indexes for table `api_controller`
--
ALTER TABLE `api_controller`
 ADD PRIMARY KEY (`ID`);

--
-- Indexes for table `file_uploaded`
--
ALTER TABLE `file_uploaded`
 ADD PRIMARY KEY (`ID`);

--
-- Indexes for table `group_access_control_list`
--
ALTER TABLE `group_access_control_list`
 ADD PRIMARY KEY (`ID`);

--
-- Indexes for table `module`
--
ALTER TABLE `module`
 ADD PRIMARY KEY (`ID`);

--
-- Indexes for table `module_api_controller`
--
ALTER TABLE `module_api_controller`
 ADD PRIMARY KEY (`ID`), ADD KEY `module_api_controller_module_ID` (`module_ID`);

--
-- AUTO_INCREMENT for dumped tables
--

--
-- AUTO_INCREMENT for table `access_control_list`
--
ALTER TABLE `access_control_list`
MODIFY `ID` int(11) NOT NULL AUTO_INCREMENT;
--
-- AUTO_INCREMENT for table `account`
--
ALTER TABLE `account`
MODIFY `ID` int(10) unsigned NOT NULL AUTO_INCREMENT,AUTO_INCREMENT=303;
--
-- AUTO_INCREMENT for table `account_information`
--
ALTER TABLE `account_information`
MODIFY `ID` int(11) NOT NULL AUTO_INCREMENT,AUTO_INCREMENT=302;
--
-- AUTO_INCREMENT for table `account_type`
--
ALTER TABLE `account_type`
MODIFY `ID` int(10) unsigned NOT NULL AUTO_INCREMENT,AUTO_INCREMENT=10;
--
-- AUTO_INCREMENT for table `action_log`
--
ALTER TABLE `action_log`
MODIFY `ID` int(11) NOT NULL AUTO_INCREMENT,AUTO_INCREMENT=186547;
--
-- AUTO_INCREMENT for table `api_controller`
--
ALTER TABLE `api_controller`
MODIFY `ID` int(11) NOT NULL AUTO_INCREMENT;
--
-- AUTO_INCREMENT for table `file_uploaded`
--
ALTER TABLE `file_uploaded`
MODIFY `ID` int(11) NOT NULL AUTO_INCREMENT,AUTO_INCREMENT=306;
--
-- AUTO_INCREMENT for table `group_access_control_list`
--
ALTER TABLE `group_access_control_list`
MODIFY `ID` int(11) NOT NULL AUTO_INCREMENT,AUTO_INCREMENT=7;
--
-- AUTO_INCREMENT for table `module`
--
ALTER TABLE `module`
MODIFY `ID` int(11) NOT NULL AUTO_INCREMENT,AUTO_INCREMENT=3;
--
-- AUTO_INCREMENT for table `module_api_controller`
--
ALTER TABLE `module_api_controller`
MODIFY `ID` int(11) NOT NULL AUTO_INCREMENT;
--
-- Constraints for dumped tables
--

--
-- Constraints for table `account`
--
ALTER TABLE `account`
ADD CONSTRAINT `account_account_type_ID` FOREIGN KEY (`account_type_ID`) REFERENCES `account_type` (`ID`) ON DELETE CASCADE ON UPDATE CASCADE;

/*!40101 SET CHARACTER_SET_CLIENT=@OLD_CHARACTER_SET_CLIENT */;
/*!40101 SET CHARACTER_SET_RESULTS=@OLD_CHARACTER_SET_RESULTS */;
/*!40101 SET COLLATION_CONNECTION=@OLD_COLLATION_CONNECTION */;
